model,lens,layer,source_id,country_id,clean_kurtosis,clean_lesion_cosine,clean_residual_norm,lesion_kurtosis,lesion_minus_clean_kurtosis,lesion_residual_norm,lesion_to_clean_norm_ratio
base,published,16,cu-capital-t0,CU,1.157383918762207,0.9895502924919128,10.781415939331055,0.8762907981872559,-0.28109312057495117,10.719597816467285,0.9942662119865417
base,published,16,cu-capital-t1,CU,1.2157368659973145,0.9941083788871765,10.657598495483398,0.7514564990997314,-0.464280366897583,10.5936279296875,0.9939976334571838
base,published,16,cu-capital-t2,CU,1.4066057205200195,0.9939272403717041,10.184566497802734,0.8449170589447021,-0.5616886615753174,10.122844696044922,0.9939396977424622
base,published,16,cu-capital-t3,CU,1.0856013298034668,0.9882271885871887,10.946724891662598,0.9863972663879395,-0.09920406341552734,10.874922752380371,0.9934407472610474
base,published,16,fi-capital-t0,FI,1.1668243408203125,0.9929185509681702,10.815465927124023,0.8527848720550537,-0.3140394687652588,10.754770278930664,0.9943880438804626
base,published,16,fi-capital-t1,FI,1.1690683364868164,0.9940601587295532,10.702396392822266,0.8346221446990967,-0.3344461917877197,10.639945030212402,0.9941647052764893
base,published,16,fi-capital-t2,FI,1.4216370582580566,0.9934498071670532,10.186086654663086,1.0025062561035156,-0.419130802154541,10.128190040588379,0.9943161010742188
base,published,16,fi-currency-t0,FI,1.7433509826660156,0.9897962808609009,10.839299201965332,0.8500611782073975,-0.8932898044586182,10.770109176635742,0.9936167597770691
base,published,16,fi-currency-t1,FI,1.0435490608215332,0.9898885488510132,10.391551971435547,0.7278218269348145,-0.31572723388671875,10.322789192199707,0.9933828115463257
base,published,16,fi-currency-t2,FI,1.1261787414550781,0.993635356426239,10.11058235168457,0.6347968578338623,-0.4913818836212158,10.056492805480957,0.9946501851081848
base,published,16,fi-currency-t3,FI,1.6936674118041992,0.9920614361763,10.597997665405273,0.591111421585083,-1.1025559902191162,10.5418119430542,0.9946984648704529
base,published,16,fi-region-t1,FI,1.9084815979003906,0.9942386150360107,11.177140235900879,0.8200700283050537,-1.088411569595337,11.109877586364746,0.9939821362495422
base,published,16,fi-region-t2,FI,1.6784815788269043,0.9951878190040588,11.180732727050781,0.8088126182556152,-0.8696689605712891,11.124523162841797,0.9949726462364197
base,published,16,gm-region-t1,GM,1.7620949745178223,0.9945268630981445,11.132366180419922,0.8259937763214111,-0.9361011981964111,11.067926406860352,0.9942114949226379
base,published,16,gm-region-t2,GM,1.4685039520263672,0.9959943890571594,11.111769676208496,0.8187341690063477,-0.6497697830200195,11.06437873840332,0.9957350492477417
base,published,16,ie-capital-t0,IE,1.3277931213378906,0.9934350848197937,11.28860855102539,0.8079047203063965,-0.5198884010314941,11.232911109924316,0.9950660467147827
base,published,16,ie-capital-t1,IE,1.2784056663513184,0.9923949837684631,10.828163146972656,0.9256818294525146,-0.3527238368988037,10.766151428222656,0.9942731261253357
base,published,16,ie-capital-t2,IE,1.5754432678222656,0.9926795959472656,10.08623218536377,0.6841533184051514,-0.8912899494171143,10.019989967346191,0.9934324026107788
base,published,16,ie-capital-t3,IE,1.4549102783203125,0.9929903745651245,10.879438400268555,1.01658296585083,-0.4383273124694824,10.821252822875977,0.9946517944335938
base,published,16,ie-currency-t0,IE,1.6871919631958008,0.9905228614807129,11.031639099121094,0.9248733520507812,-0.7623186111450195,10.968623161315918,0.9942877292633057
base,published,16,ie-currency-t1,IE,1.0996055603027344,0.9897776246070862,10.365638732910156,0.6708638668060303,-0.4287416934967041,10.299132347106934,0.9935839772224426
base,published,16,ie-currency-t2,IE,1.286726951599121,0.9931817054748535,10.116393089294434,0.6565687656402588,-0.6301581859588623,10.055877685546875,0.9940180778503418
base,published,16,ie-currency-t3,IE,2.101428508758545,0.9923253059387207,10.773651123046875,0.6751213073730469,-1.426307201385498,10.708646774291992,0.9939663410186768
base,published,16,ie-region-t1,IE,1.8851556777954102,0.9943093657493591,11.19147777557373,0.7945940494537354,-1.0905616283416748,11.123966217041016,0.993967592716217
base,published,16,ie-region-t2,IE,1.7795262336730957,0.9943268299102783,11.132030487060547,0.7498793601989746,-1.029646873474121,11.065372467041016,0.9940120577812195
base,published,16,mg-region-t0,MG,1.6219096183776855,0.9915259480476379,10.513749122619629,1.2683730125427246,-0.35353660583496094,10.427363395690918,0.9917835593223572
base,published,16,mg-region-t1,MG,1.830897331237793,0.9941109418869019,11.139866828918457,0.8392951488494873,-0.9916021823883057,11.0715970993042,0.9938715696334839
base,published,16,mg-region-t2,MG,1.5125775337219238,0.9953831434249878,11.169937133789062,0.7690427303314209,-0.7435348033905029,11.115827560424805,0.9951558113098145
base,published,16,mg-region-t3,MG,1.5599184036254883,0.9926953315734863,11.1961030960083,1.5937213897705078,0.03380298614501953,11.121968269348145,0.9933785200119019
base,published,16,ml-region-t0,ML,1.6349034309387207,0.9888162612915039,10.57091999053955,1.3531360626220703,-0.2817673683166504,10.472464561462402,0.9906861782073975
base,published,16,ml-region-t1,ML,1.700223445892334,0.9944660663604736,11.120854377746582,0.8216097354888916,-0.8786137104034424,11.055130958557129,0.9940900802612305
base,published,16,ml-region-t2,ML,1.4913110733032227,0.99545818567276,11.122759819030762,0.8113572597503662,-0.6799538135528564,11.069788932800293,0.9952375888824463
base,published,16,ml-region-t3,ML,1.611581802368164,0.9918776750564575,11.243969917297363,1.6317739486694336,0.02019214630126953,11.166722297668457,0.9931298494338989
base,published,16,np-currency-t0,NP,1.5434670448303223,0.9915047883987427,10.5040283203125,0.6210880279541016,-0.9223790168762207,10.433716773986816,0.9933062195777893
base,published,16,np-currency-t3,NP,1.613935947418213,0.9914846420288086,10.466547012329102,0.6030561923980713,-1.0108797550201416,10.395231246948242,0.9931862950325012
base,published,16,np-region-t0,NP,1.7043795585632324,0.9912106394767761,10.478229522705078,1.265963077545166,-0.4384164810180664,10.390495300292969,0.9916269779205322
base,published,16,nz-capital-t0,NZ,1.1040587425231934,0.9950515627861023,10.737080574035645,0.7416753768920898,-0.3623833656311035,10.676342010498047,0.994343101978302
base,published,16,nz-capital-t2,NZ,1.2811298370361328,0.9922987818717957,10.168835639953613,0.8792965412139893,-0.40183329582214355,10.108412742614746,0.9940580129623413
base,published,16,nz-capital-t3,NZ,1.2524151802062988,0.9931288957595825,10.67735767364502,1.0747661590576172,-0.17764902114868164,10.623212814331055,0.9949290156364441
base,published,16,ph-capital-t1,PH,1.2921137809753418,0.9932900071144104,10.719524383544922,0.8800406455993652,-0.41207313537597656,10.656269073486328,0.9940990805625916
base,published,16,ph-capital-t2,PH,1.5156188011169434,0.9930842518806458,10.363903999328613,0.908026933670044,-0.6075918674468994,10.304634094238281,0.9942811131477356
base,published,16,ph-currency-t0,PH,1.4764184951782227,0.9916644096374512,10.638384819030762,0.6113266944885254,-0.8650918006896973,10.56887149810791,0.993465781211853
base,published,16,ph-currency-t2,PH,1.2535781860351562,0.993591845035553,10.156415939331055,0.6211984157562256,-0.6323797702789307,10.099492073059082,0.9943952560424805
base,published,16,ph-currency-t3,PH,1.6445794105529785,0.992737889289856,10.340352058410645,0.6187140941619873,-1.0258653163909912,10.276422500610352,0.9938174486160278
base,published,16,ph-region-t0,PH,1.668924331665039,0.9910118579864502,10.623712539672852,1.2771039009094238,-0.39182043075561523,10.534302711486816,0.9915839433670044
base,published,16,ph-region-t2,PH,1.6091914176940918,0.9951322078704834,11.244965553283691,0.7970654964447021,-0.8121259212493896,11.188082695007324,0.9949414730072021
base,published,16,rs-region-t1,RS,1.5923480987548828,0.9948369860649109,11.240368843078613,0.7783088684082031,-0.8140392303466797,11.177863121032715,0.9944391846656799
base,published,16,sa-capital-t0,SA,1.315528392791748,0.9942070245742798,10.76402473449707,0.6977682113647461,-0.617760181427002,10.703592300415039,0.9943857192993164
base,published,16,sa-capital-t2,SA,1.551893711090088,0.9921954870223999,10.30350399017334,0.8208427429199219,-0.731050968170166,10.241523742675781,0.9939845204353333
base,published,16,sa-capital-t3,SA,1.3943119049072266,0.9936628341674805,10.582168579101562,1.0443596839904785,-0.34995222091674805,10.521515846252441,0.9942684173583984
base,published,16,sa-currency-t0,SA,1.6566648483276367,0.9914723634719849,10.618968963623047,0.584036111831665,-1.0726287364959717,10.544685363769531,0.9930046200752258
base,published,16,sa-currency-t1,SA,1.1405410766601562,0.9913425445556641,10.495481491088867,0.6214959621429443,-0.5190451145172119,10.42723560333252,0.9934976100921631
base,published,16,sa-currency-t2,SA,1.1678333282470703,0.9929774403572083,10.174800872802734,0.6575419902801514,-0.510291337966919,10.115884780883789,0.9942095875740051
base,published,16,sa-currency-t3,SA,1.9653830528259277,0.9917112588882446,10.408489227294922,0.6650705337524414,-1.3003125190734863,10.336773872375488,0.993109941482544
base,published,16,sk-region-t2,SK,1.4242286682128906,0.9955248832702637,11.09726619720459,0.796349287033081,-0.6278793811798096,11.046734809875488,0.995446503162384
base,published,16,sy-capital-t0,SY,1.1278104782104492,0.9929564595222473,10.940984725952148,0.9762861728668213,-0.15152430534362793,10.888829231262207,0.9952329993247986
base,published,16,sy-capital-t1,SY,1.2525558471679688,0.9948680400848389,10.69234561920166,0.7762274742126465,-0.47632837295532227,10.631067276000977,0.9942689538002014
base,published,16,sy-capital-t2,SY,1.5732789039611816,0.9936704039573669,10.084498405456543,0.8878157138824463,-0.6854631900787354,10.024270057678223,0.9940276145935059
base,published,16,sy-capital-t3,SY,1.4193615913391113,0.9945189356803894,10.68160343170166,1.102935791015625,-0.31642580032348633,10.627562522888184,0.9949407577514648
base,published,16,td-region-t0,TD,1.6315069198608398,0.9911507964134216,10.567094802856445,1.3697872161865234,-0.2617197036743164,10.481756210327148,0.9919241070747375
base,published,16,td-region-t1,TD,1.734980583190918,0.9946345686912537,11.146350860595703,0.8249831199645996,-0.9099974632263184,11.08189868927002,0.9942176342010498
base,published,16,td-region-t2,TD,1.4232535362243652,0.9959924817085266,11.133794784545898,0.8235757350921631,-0.5996778011322021,11.088179588317871,0.9959030151367188
base,published,16,xk-region-t1,XK,1.8213844299316406,0.9943204522132874,11.174948692321777,0.791485071182251,-1.0298993587493896,11.107964515686035,0.9940058588981628
base,published,16,xk-region-t2,XK,1.571641445159912,0.9954220056533813,11.064969062805176,0.8558738231658936,-0.7157676219940186,11.01155948638916,0.9951730966567993
base,published,16,af-capital-t0,AF,1.488081455230713,0.9926913380622864,10.367138862609863,0.7737293243408203,-0.7143521308898926,10.310137748718262,0.9945017695426941
base,published,16,al-region-t1,AL,1.6921825408935547,0.9942593574523926,11.176734924316406,0.7752642631530762,-0.9169182777404785,11.111584663391113,0.9941709041595459
base,published,16,al-region-t2,AL,1.4259757995605469,0.9954148530960083,11.182324409484863,0.8452887535095215,-0.5806870460510254,11.129831314086914,0.9953057169914246
base,published,16,at-capital-t0,AT,1.191357135772705,0.9939577579498291,11.237128257751465,0.7260005474090576,-0.46535658836364746,11.179065704345703,0.9948329925537109
base,published,16,at-capital-t2,AT,1.4684557914733887,0.9923257231712341,10.225638389587402,0.9196579456329346,-0.5487978458404541,10.163955688476562,0.9939678311347961
base,published,16,at-capital-t3,AT,1.3497233390808105,0.9932488203048706,11.047688484191895,0.9405062198638916,-0.40921711921691895,10.986488342285156,0.9944603443145752
base,published,16,at-currency-t0,AT,1.4612746238708496,0.9931643009185791,11.019586563110352,0.595454216003418,-0.8658204078674316,10.951976776123047,0.9938645958900452
base,published,16,at-currency-t1,AT,1.0572376251220703,0.9907568693161011,10.362810134887695,0.6071910858154297,-0.4500465393066406,10.297853469848633,0.9937317371368408
base,published,16,at-currency-t2,AT,1.1907062530517578,0.9948168992996216,10.11085319519043,0.6087450981140137,-0.5819611549377441,10.056593894958496,0.9946335554122925
base,published,16,at-currency-t3,AT,1.8825044631958008,0.9930827617645264,10.717793464660645,0.6458170413970947,-1.236687421798706,10.659933090209961,0.9946014881134033
base,published,16,at-region-t1,AT,1.9766583442687988,0.9939815402030945,11.205114364624023,0.8121907711029053,-1.1644675731658936,11.134551048278809,0.9937025904655457
base,published,16,at-region-t2,AT,1.5818734169006348,0.9953850507736206,11.106130599975586,0.8201303482055664,-0.7617430686950684,11.053348541259766,0.995247483253479
base,published,16,bi-region-t0,BI,1.6376872062683105,0.9912227392196655,10.538117408752441,1.3083596229553223,-0.3293275833129883,10.451993942260742,0.9918274283409119
base,published,16,bi-region-t1,BI,1.8294677734375,0.9941661953926086,11.135087013244629,0.8051552772521973,-1.0243124961853027,11.067935943603516,0.9939694404602051
base,published,16,bi-region-t2,BI,1.4258522987365723,0.995774507522583,11.270819664001465,0.7933766841888428,-0.6324756145477295,11.221692085266113,0.9956411719322205
base,published,16,bi-region-t3,BI,1.6809587478637695,0.992834746837616,11.10161304473877,1.6717853546142578,-0.009173393249511719,11.024206161499023,0.9930274486541748
base,published,16,ci-region-t0,CI,1.7331485748291016,0.9904172420501709,10.553529739379883,1.342270851135254,-0.39087772369384766,10.467212677001953,0.9918210506439209
base,published,16,ci-region-t1,CI,1.8960447311401367,0.994123101234436,11.140946388244629,0.8139619827270508,-1.082082748413086,11.07253646850586,0.993859589099884
base,published,16,ci-region-t2,CI,1.5531659126281738,0.995217502117157,11.23993968963623,0.7555248737335205,-0.7976410388946533,11.185385704040527,0.9951463937759399
base,published,16,ci-region-t3,CI,1.660128116607666,0.9917635917663574,11.173860549926758,1.6328535079956055,-0.027274608612060547,11.09467887878418,0.9929136633872986
base,published,16,cz-capital-t0,CZ,1.1643362045288086,0.993598222732544,10.819687843322754,0.7480776309967041,-0.4162585735321045,10.762055397033691,0.9946733713150024
base,published,16,cz-capital-t1,CZ,1.1823735237121582,0.9940995573997498,10.617358207702637,0.8595161437988281,-0.3228573799133301,10.554844856262207,0.9941121339797974
base,published,16,cz-capital-t2,CZ,1.3639717102050781,0.9935919046401978,10.1865873336792,0.9401090145111084,-0.4238626956939697,10.12935733795166,0.994381844997406
base,published,16,cz-region-t2,CZ,1.5905375480651855,0.9954229593276978,11.041461944580078,0.7617988586425781,-0.8287386894226074,10.9931640625,0.9956257939338684
base,published,16,gn-region-t1,GN,1.7819242477416992,0.9943660497665405,11.069005966186523,0.8221917152404785,-0.9597325325012207,11.003527641296387,0.9940845370292664
base,published,16,gn-region-t2,GN,1.4575200080871582,0.9958633184432983,11.115727424621582,0.8271923065185547,-0.6303277015686035,11.066550254821777,0.9955759048461914
base,published,16,gq-region-t1,GQ,1.7215466499328613,0.9944826364517212,11.187881469726562,0.8048100471496582,-0.9167366027832031,11.121358871459961,0.9940540194511414
base,published,16,iq-capital-t0,IQ,1.2024669647216797,0.9938899278640747,10.777331352233887,0.6715543270111084,-0.5309126377105713,10.715965270996094,0.9943060278892517
base,published,16,iq-capital-t1,IQ,1.2225341796875,0.9923771619796753,10.519680976867676,0.9902098178863525,-0.23232436180114746,10.457320213317871,0.9940720200538635
base,published,16,iq-capital-t2,IQ,1.530454158782959,0.9923390746116638,10.158493995666504,0.8977251052856445,-0.6327290534973145,10.096829414367676,0.9939297437667847
base,published,16,ke-capital-t0,KE,1.2403950691223145,0.9931227564811707,10.935283660888672,0.8996925354003906,-0.34070253372192383,10.873729705810547,0.9943710565567017
base,published,16,ke-capital-t1,KE,1.3125429153442383,0.9922229051589966,10.772138595581055,1.0161314010620117,-0.29641151428222656,10.702393531799316,0.9935254454612732
base,published,16,ke-capital-t2,KE,1.4669265747070312,0.9932982921600342,10.156098365783691,0.8687446117401123,-0.598181962966919,10.09616756439209,0.9940990209579468
base,published,16,ke-capital-t3,KE,1.423936367034912,0.9933942556381226,10.62241268157959,1.1143126487731934,-0.30962371826171875,10.558797836303711,0.9940112829208374
base,published,16,ke-region-t0,KE,1.7208662033081055,0.9907527565956116,10.595782279968262,1.3235516548156738,-0.39731454849243164,10.503684997558594,0.9913080930709839
base,published,16,ke-region-t1,KE,1.9188323020935059,0.9942068457603455,11.062365531921387,0.8303582668304443,-1.0884740352630615,10.994261741638184,0.993843674659729
base,published,16,ke-region-t2,KE,1.521918773651123,0.9954317808151245,11.165157318115234,0.7713189125061035,-0.7505998611450195,11.113120079040527,0.9953393340110779
base,published,16,ke-region-t3,KE,1.7376575469970703,0.9895431995391846,11.259620666503906,1.7190937995910645,-0.01856374740600586,11.179594993591309,0.9928926825523376
base,published,16,kp-capital-t0,KP,1.1807079315185547,0.9942905306816101,10.702455520629883,0.7756376266479492,-0.40507030487060547,10.646878242492676,0.9948070645332336
base,published,16,kp-capital-t2,KP,1.3669137954711914,0.9945877194404602,10.157988548278809,0.7611503601074219,-0.6057634353637695,10.101367950439453,0.9944260120391846
base,published,16,kr-capital-t0,KR,1.2249317169189453,0.994385838508606,11.224760055541992,0.7194743156433105,-0.5054574012756348,11.165290832519531,0.9947019815444946
base,published,16,kr-capital-t1,KR,1.1421384811401367,0.9929025173187256,10.730817794799805,0.9169943332672119,-0.2251441478729248,10.669032096862793,0.9942421913146973
base,published,16,kr-capital-t2,KR,1.4431538581848145,0.9927898645401001,10.243685722351074,0.9482522010803223,-0.4949016571044922,10.182600021362305,0.9940367341041565
base,published,16,kr-capital-t3,KR,1.2887277603149414,0.9940181374549866,10.890037536621094,1.003124713897705,-0.28560304641723633,10.831335067749023,0.994609534740448
base,published,16,kr-region-t0,KR,1.6789131164550781,0.9910208582878113,10.51817798614502,1.312593936920166,-0.3663191795349121,10.430008888244629,0.9916174411773682
base,published,16,kr-region-t1,KR,1.9506316184997559,0.9947795271873474,11.260371208190918,0.8707420825958252,-1.0798895359039307,11.186103820800781,0.9934045076370239
base,published,16,kr-region-t2,KR,1.7036352157592773,0.9949190020561218,11.33359432220459,0.8213074207305908,-0.8823277950286865,11.272883415222168,0.9946432709693909
base,published,16,lk-capital-t0,LK,1.4573359489440918,0.9938702583312988,10.388298988342285,0.6951525211334229,-0.762183427810669,10.33150863647461,0.9945332407951355
base,published,16,lk-capital-t1,LK,1.3073749542236328,0.9936397671699524,10.419600486755371,0.8957622051239014,-0.41161274909973145,10.357619285583496,0.994051456451416
base,published,16,lk-capital-t2,LK,1.5033111572265625,0.9924356937408447,10.173429489135742,0.9044945240020752,-0.5988166332244873,10.110647201538086,0.9938287734985352
base,published,16,lk-capital-t3,LK,1.5268759727478027,0.9949619770050049,10.449271202087402,0.9498090744018555,-0.5770668983459473,10.38928508758545,0.9942592978477478
base,published,16,sd-region-t0,SD,1.620924472808838,0.9913885593414307,10.615617752075195,1.2840890884399414,-0.3368353843688965,10.530033111572266,0.9919378757476807
base,published,16,sd-region-t1,SD,1.7944693565368652,0.9941059947013855,11.099289894104004,0.8141922950744629,-0.9802770614624023,11.034418106079102,0.9941553473472595
base,published,16,sd-region-t2,SD,1.444237232208252,0.9957772493362427,11.149024963378906,0.8251168727874756,-0.6191203594207764,11.099230766296387,0.9955337643623352
base,published,16,sd-region-t3,SD,1.60890531539917,0.9944444894790649,11.070563316345215,1.5475850105285645,-0.06132030487060547,11.00944709777832,0.9944794178009033
base,published,16,sl-region-t0,SL,1.5925602912902832,0.986821174621582,10.647923469543457,1.4858694076538086,-0.10669088363647461,10.548545837402344,0.990666925907135
base,published,16,sl-region-t2,SL,1.572873592376709,0.9955288767814636,11.089273452758789,0.8297369480133057,-0.7431366443634033,11.0377779006958,0.9953562617301941
base,published,16,tr-capital-t0,TR,1.1593141555786133,0.9942634701728821,10.954975128173828,0.7118682861328125,-0.4474458694458008,10.904051780700684,0.9953515529632568
base,published,16,tr-capital-t1,TR,1.2278480529785156,0.9941003322601318,10.716593742370605,0.7989881038665771,-0.4288599491119385,10.652719497680664,0.9940397143363953
base,published,16,tr-capital-t2,TR,1.6434659957885742,0.993135929107666,10.350045204162598,0.7998933792114258,-0.8435726165771484,10.28734016418457,0.9939415454864502
base,published,16,tr-currency-t0,TR,1.405235767364502,0.9928663969039917,10.773468971252441,0.7602365016937256,-0.6449992656707764,10.712105751037598,0.9943042397499084
base,published,16,tr-currency-t2,TR,1.2635059356689453,0.9923852682113647,10.251646041870117,0.6625888347625732,-0.6009171009063721,10.193320274353027,0.9943106174468994
base,published,16,tr-currency-t3,TR,1.6371827125549316,0.9915437698364258,10.532188415527344,0.8928432464599609,-0.7443394660949707,10.477197647094727,0.9947788119316101
base,published,16,ua-region-t1,UA,1.8042821884155273,0.9944756627082825,11.234990119934082,0.8090345859527588,-0.9952476024627686,11.16906452178955,0.9941321015357971
base,published,16,ua-region-t2,UA,1.5714473724365234,0.9954599142074585,11.134217262268066,0.8162319660186768,-0.7552154064178467,11.08191967010498,0.9953029751777649
base,published,18,cu-capital-t0,CU,1.1147351264953613,0.9586590528488159,12.938618659973145,1.5821919441223145,0.4674568176269531,12.19796371459961,0.9427562355995178
base,published,18,cu-capital-t1,CU,1.5375213623046875,0.9612829089164734,13.78952693939209,1.147374153137207,-0.39014720916748047,12.942118644714355,0.9385469555854797
base,published,18,cu-capital-t2,CU,1.223975658416748,0.9641758799552917,13.1037015914917,1.054603099822998,-0.16937255859375,12.25442123413086,0.9351877570152283
base,published,18,cu-capital-t3,CU,1.0736560821533203,0.9604930877685547,12.940380096435547,0.9459526538848877,-0.12770342826843262,12.303930282592773,0.9508167505264282
base,published,18,fi-capital-t0,FI,1.4356131553649902,0.9652956128120422,13.036168098449707,0.8775424957275391,-0.5580706596374512,12.290934562683105,0.9428333640098572
base,published,18,fi-capital-t1,FI,1.7292351722717285,0.9634115099906921,13.62456226348877,1.0656013488769531,-0.6636338233947754,12.797101974487305,0.9392670392990112
base,published,18,fi-capital-t2,FI,1.282766342163086,0.9683938026428223,13.082242012023926,0.9290807247161865,-0.3536856174468994,12.231032371520996,0.9349339604377747
base,published,18,fi-currency-t0,FI,1.599839687347412,0.9675551652908325,12.759159088134766,0.5879378318786621,-1.01190185546875,12.017809867858887,0.9418966770172119
base,published,18,fi-currency-t1,FI,1.4186744689941406,0.963277280330658,13.362441062927246,0.7715771198272705,-0.6470973491668701,12.503644943237305,0.9357305765151978
base,published,18,fi-currency-t2,FI,1.1596627235412598,0.9636877775192261,12.67225170135498,1.0175013542175293,-0.14216136932373047,12.039185523986816,0.9500431418418884
base,published,18,fi-currency-t3,FI,1.907546043395996,0.9616620540618896,12.761695861816406,0.6871557235717773,-1.2203903198242188,12.15723991394043,0.9526351094245911
base,published,18,fi-region-t1,FI,2.091857433319092,0.9666997790336609,14.599321365356445,0.6855945587158203,-1.4062628746032715,13.760802268981934,0.9425644874572754
base,published,18,fi-region-t2,FI,1.705604076385498,0.9686389565467834,14.129659652709961,0.7825665473937988,-0.9230375289916992,13.281569480895996,0.9399780035018921
base,published,18,gm-region-t1,GM,1.8505325317382812,0.9681217074394226,14.452949523925781,0.6002254486083984,-1.2503070831298828,13.649433135986328,0.944404661655426
base,published,18,gm-region-t2,GM,1.5075740814208984,0.9648084044456482,14.025553703308105,0.984947919845581,-0.5226261615753174,13.233797073364258,0.9435489773750305
base,published,18,ie-capital-t0,IE,1.3855171203613281,0.9669563174247742,13.557873725891113,0.9277982711791992,-0.4577188491821289,12.782424926757812,0.9428045153617859
base,published,18,ie-capital-t1,IE,1.622664451599121,0.963625967502594,13.64675235748291,0.5246083736419678,-1.0980560779571533,12.716331481933594,0.9318210482597351
base,published,18,ie-capital-t2,IE,1.5995535850524902,0.967826247215271,12.672829627990723,0.8358681201934814,-0.7636854648590088,11.994856834411621,0.9465018510818481
base,published,18,ie-capital-t3,IE,1.3992438316345215,0.9654198288917542,12.927536010742188,0.9437880516052246,-0.4554557800292969,12.21044921875,0.9445303082466125
base,published,18,ie-currency-t0,IE,1.542020320892334,0.9626527428627014,12.909184455871582,0.5805366039276123,-0.9614837169647217,12.170269966125488,0.9427605867385864
base,published,18,ie-currency-t1,IE,1.3207292556762695,0.9640114903450012,13.315159797668457,0.8257954120635986,-0.4949338436126709,12.49116039276123,0.9381157159805298
base,published,18,ie-currency-t2,IE,1.3616795539855957,0.9685194492340088,12.762283325195312,0.9150581359863281,-0.4466214179992676,12.148820877075195,0.9519315958023071
base,published,18,ie-currency-t3,IE,1.908825397491455,0.9700511693954468,12.980127334594727,0.530292272567749,-1.378533124923706,12.369207382202148,0.952934205532074
base,published,18,ie-region-t1,IE,2.117007255554199,0.9667973518371582,14.626951217651367,0.6863067150115967,-1.4307005405426025,13.83181381225586,0.94563889503479
base,published,18,ie-region-t2,IE,1.9866371154785156,0.9682314991950989,14.115270614624023,0.6896612644195557,-1.29697585105896,13.304943084716797,0.9425921440124512
base,published,18,mg-region-t0,MG,1.7282905578613281,0.960672914981842,13.831794738769531,0.5623617172241211,-1.165928840637207,12.945320129394531,0.9359103441238403
base,published,18,mg-region-t1,MG,2.0946831703186035,0.9663415551185608,14.486189842224121,0.6587741374969482,-1.4359090328216553,13.655174255371094,0.9426339268684387
base,published,18,mg-region-t2,MG,1.5804271697998047,0.9675307869911194,14.136909484863281,0.9269697666168213,-0.6534574031829834,13.309117317199707,0.9414446353912354
base,published,18,mg-region-t3,MG,1.7201323509216309,0.9575561285018921,13.968334197998047,0.48126721382141113,-1.2388651371002197,12.99995231628418,0.9306730628013611
base,published,18,ml-region-t0,ML,1.6721701622009277,0.9622367024421692,13.818380355834961,0.5306947231292725,-1.1414754390716553,12.8309907913208,0.9285451769828796
base,published,18,ml-region-t1,ML,2.1554341316223145,0.9683212041854858,14.500186920166016,0.6150333881378174,-1.540400743484497,13.659554481506348,0.9420260787010193
base,published,18,ml-region-t2,ML,1.625319004058838,0.9634596109390259,14.044488906860352,0.9811477661132812,-0.6441712379455566,13.205937385559082,0.9402931928634644
base,published,18,ml-region-t3,ML,1.6789641380310059,0.9504498839378357,13.922856330871582,0.6229474544525146,-1.0560166835784912,12.924861907958984,0.9283196926116943
base,published,18,np-currency-t0,NP,1.4477534294128418,0.9657047986984253,12.753985404968262,0.8148517608642578,-0.632901668548584,11.957881927490234,0.9375800490379333
base,published,18,np-currency-t3,NP,1.7167925834655762,0.9667025208473206,12.645686149597168,0.5976314544677734,-1.1191611289978027,11.934542655944824,0.9437639713287354
base,published,18,np-region-t0,NP,1.8147644996643066,0.9647543430328369,13.849686622619629,0.5749166011810303,-1.2398478984832764,12.985818862915039,0.9376254677772522
base,published,18,nz-capital-t0,NZ,1.4205212593078613,0.9652844071388245,13.22673225402832,1.0392942428588867,-0.3812270164489746,12.508440971374512,0.9456939697265625
base,published,18,nz-capital-t2,NZ,1.332582950592041,0.9639661312103271,13.101780891418457,1.1182031631469727,-0.21437978744506836,12.192530632019043,0.9306010007858276
base,published,18,nz-capital-t3,NZ,1.3982324600219727,0.9669170379638672,12.999095916748047,0.6933798789978027,-0.7048525810241699,12.180047988891602,0.9369919300079346
base,published,18,ph-capital-t1,PH,1.690645694732666,0.9563796520233154,13.756978988647461,1.088134765625,-0.602510929107666,12.84144115447998,0.9334492087364197
base,published,18,ph-capital-t2,PH,1.3437647819519043,0.9610108137130737,13.38486099243164,1.050112247467041,-0.2936525344848633,12.511754989624023,0.9347691535949707
base,published,18,ph-currency-t0,PH,1.414475917816162,0.9652347564697266,12.471735000610352,0.7873098850250244,-0.6271660327911377,11.831052780151367,0.9486292600631714
base,published,18,ph-currency-t2,PH,1.2342329025268555,0.9641131162643433,12.940500259399414,1.1050262451171875,-0.12920665740966797,12.301273345947266,0.9506025910377502
base,published,18,ph-currency-t3,PH,1.8508696556091309,0.9659023284912109,12.431076049804688,0.5492441654205322,-1.3016254901885986,11.833503723144531,0.9519291520118713
base,published,18,ph-region-t0,PH,1.7410812377929688,0.9631252288818359,14.073612213134766,0.6275126934051514,-1.1135685443878174,13.17087173461914,0.9358558058738708
base,published,18,ph-region-t2,PH,1.6958370208740234,0.9700005650520325,14.361985206604004,0.6790158748626709,-1.0168211460113525,13.532698631286621,0.9422582387924194
base,published,18,rs-region-t1,RS,1.5778298377990723,0.969860851764679,14.59416675567627,0.7031950950622559,-0.8746347427368164,13.802494049072266,0.9457541704177856
base,published,18,sa-capital-t0,SA,1.4970455169677734,0.960394024848938,13.273911476135254,0.9445643424987793,-0.5524811744689941,12.513218879699707,0.9426926374435425
base,published,18,sa-capital-t2,SA,1.4689888954162598,0.9672040939331055,13.279186248779297,0.9506790637969971,-0.5183098316192627,12.475565910339355,0.9394826889038086
base,published,18,sa-capital-t3,SA,1.4700675010681152,0.9593622088432312,12.818758010864258,0.7759780883789062,-0.694089412689209,12.077901840209961,0.9422053098678589
base,published,18,sa-currency-t0,SA,1.589376449584961,0.9657601714134216,12.72542667388916,0.6553747653961182,-0.9340016841888428,11.951826095581055,0.9392082691192627
base,published,18,sa-currency-t1,SA,1.3715038299560547,0.9610031247138977,13.476370811462402,0.9395468235015869,-0.4319570064544678,12.701698303222656,0.9425162076950073
base,published,18,sa-currency-t2,SA,1.197183609008789,0.9645436406135559,12.9755859375,1.2001142501831055,0.0029306411743164062,12.298635482788086,0.9478288888931274
base,published,18,sa-currency-t3,SA,2.320834159851074,0.964766800403595,12.520426750183105,0.5360603332519531,-1.784773826599121,11.912217140197754,0.9514226317405701
base,published,18,sk-region-t2,SK,1.5357213020324707,0.9673722982406616,14.036979675292969,0.8509223461151123,-0.6847989559173584,13.244514465332031,0.9435444474220276
base,published,18,sy-capital-t0,SY,1.3435993194580078,0.9643086194992065,13.030284881591797,0.8661646842956543,-0.4774346351623535,12.248641967773438,0.9400133490562439
base,published,18,sy-capital-t1,SY,1.6513252258300781,0.9617051482200623,13.609859466552734,1.212956428527832,-0.4383687973022461,12.80107307434082,0.940573513507843
base,published,18,sy-capital-t2,SY,1.600904941558838,0.9685404300689697,12.746420860290527,0.8779408931732178,-0.7229640483856201,12.00643253326416,0.9419453740119934
base,published,18,sy-capital-t3,SY,1.4117884635925293,0.9672389030456543,12.531944274902344,1.112393856048584,-0.2993946075439453,11.846224784851074,0.9452822804450989
base,published,18,td-region-t0,TD,1.6304583549499512,0.9673366546630859,13.780281066894531,0.5062916278839111,-1.12416672706604,12.924562454223633,0.9379026889801025
base,published,18,td-region-t1,TD,2.064150810241699,0.9683902859687805,14.517634391784668,0.5928893089294434,-1.4712615013122559,13.654014587402344,0.9405123591423035
base,published,18,td-region-t2,TD,1.4879708290100098,0.9672554135322571,14.136675834655762,1.0527377128601074,-0.43523311614990234,13.357455253601074,0.9448795318603516
base,published,18,xk-region-t1,XK,2.1183223724365234,0.9680221080780029,14.577171325683594,0.6368534564971924,-1.481468915939331,13.766959190368652,0.9444190859794617
base,published,18,xk-region-t2,XK,1.6885027885437012,0.9650996923446655,14.031148910522461,0.9494326114654541,-0.7390701770782471,13.252326965332031,0.9444933533668518
base,published,18,af-capital-t0,AF,1.536705493927002,0.9676568508148193,12.683414459228516,1.2154560089111328,-0.32124948501586914,12.002118110656738,0.9462844729423523
base,published,18,al-region-t1,AL,2.0705056190490723,0.9628875255584717,14.572681427001953,0.6826558113098145,-1.3878498077392578,13.680020332336426,0.9387441873550415
base,published,18,al-region-t2,AL,1.6110305786132812,0.968834400177002,14.126606941223145,0.6652007102966309,-0.9458298683166504,13.325058937072754,0.9432597160339355
base,published,18,at-capital-t0,AT,1.3178391456604004,0.9638383984565735,13.450811386108398,1.019564151763916,-0.2982749938964844,12.750442504882812,0.9479311108589172
base,published,18,at-capital-t2,AT,1.3473215103149414,0.9695371389389038,12.996378898620605,0.9994485378265381,-0.3478729724884033,12.238659858703613,0.9416976571083069
base,published,18,at-capital-t3,AT,1.3396224975585938,0.9681832790374756,12.770658493041992,0.9849705696105957,-0.35465192794799805,12.083229064941406,0.9461711645126343
base,published,18,at-currency-t0,AT,1.492246150970459,0.963503897190094,12.985942840576172,1.0674352645874023,-0.42481088638305664,12.290358543395996,0.9464355707168579
base,published,18,at-currency-t1,AT,1.348923683166504,0.9659618735313416,13.346768379211426,0.7540197372436523,-0.5949039459228516,12.566790580749512,0.9415605664253235
base,published,18,at-currency-t2,AT,1.2091851234436035,0.9706547856330872,12.682446479797363,0.8936522006988525,-0.315532922744751,12.11266040802002,0.9550728797912598
base,published,18,at-currency-t3,AT,1.9750962257385254,0.9676066637039185,12.658552169799805,0.5845451354980469,-1.3905510902404785,12.078126907348633,0.9541475772857666
base,published,18,at-region-t1,AT,2.1027040481567383,0.96503084897995,14.666374206542969,0.7481012344360352,-1.3546028137207031,13.81948471069336,0.9422563910484314
base,published,18,at-region-t2,AT,1.6992740631103516,0.9644892811775208,14.052544593811035,0.8663151264190674,-0.8329589366912842,13.213549613952637,0.9402958750724792
base,published,18,bi-region-t0,BI,1.712172508239746,0.9618274569511414,13.784116744995117,0.7124216556549072,-0.9997508525848389,12.907098770141602,0.9363747239112854
base,published,18,bi-region-t1,BI,1.9928374290466309,0.9705649614334106,14.455635070800781,0.5150980949401855,-1.4777393341064453,13.581767082214355,0.9395482540130615
base,published,18,bi-region-t2,BI,1.5316429138183594,0.9623485207557678,14.202020645141602,1.0811161994934082,-0.45052671432495117,13.404546737670898,0.9438478350639343
base,published,18,bi-region-t3,BI,1.7866096496582031,0.9623808264732361,13.902234077453613,0.5436010360717773,-1.2430086135864258,12.956331253051758,0.9319603443145752
base,published,18,ci-region-t0,CI,1.7367749214172363,0.9584265351295471,13.801671028137207,0.6953911781311035,-1.0413837432861328,12.885456085205078,0.9336156249046326
base,published,18,ci-region-t1,CI,2.0565099716186523,0.9677721858024597,14.575263023376465,0.6098382472991943,-1.446671724319458,13.762589454650879,0.9442429542541504
base,published,18,ci-region-t2,CI,1.6609268188476562,0.9672636985778809,14.296448707580566,0.7064027786254883,-0.954524040222168,13.501927375793457,0.9444252848625183
base,published,18,ci-region-t3,CI,1.7147231101989746,0.9607786536216736,13.97786808013916,0.5416281223297119,-1.1730949878692627,12.997733116149902,0.9298794865608215
base,published,18,cz-capital-t0,CZ,1.4377384185791016,0.9647024273872375,13.116304397583008,0.7557566165924072,-0.6819818019866943,12.331809043884277,0.9401893019676208
base,published,18,cz-capital-t1,CZ,1.646796703338623,0.9636135101318359,13.496919631958008,0.776893138885498,-0.869903564453125,12.58788776397705,0.9326489567756653
base,published,18,cz-capital-t2,CZ,1.3083124160766602,0.9743970632553101,12.861260414123535,0.7848184108734131,-0.5234940052032471,12.034563064575195,0.9357218742370605
base,published,18,cz-region-t2,CZ,1.6391348838806152,0.9699524641036987,14.032286643981934,0.6968841552734375,-0.9422507286071777,13.232178688049316,0.942980945110321
base,published,18,gn-region-t1,GN,1.9559898376464844,0.9687126278877258,14.446765899658203,0.6289262771606445,-1.3270635604858398,13.642205238342285,0.9443085789680481
base,published,18,gn-region-t2,GN,1.494462490081787,0.9704402089118958,14.04275131225586,0.7584512233734131,-0.736011266708374,13.290278434753418,0.9464155435562134
base,published,18,gq-region-t1,GQ,1.7466168403625488,0.9699769020080566,14.570127487182617,0.564939022064209,-1.1816778182983398,13.7221040725708,0.941797137260437
base,published,18,iq-capital-t0,IQ,1.3063321113586426,0.9656016826629639,12.744637489318848,1.1396021842956543,-0.16672992706298828,12.043037414550781,0.9449493885040283
base,published,18,iq-capital-t1,IQ,1.7305688858032227,0.9612134695053101,13.50101089477539,0.992056131362915,-0.7385127544403076,12.61150074005127,0.9341152906417847
base,published,18,iq-capital-t2,IQ,1.3963193893432617,0.9657891988754272,12.831862449645996,1.1380667686462402,-0.2582526206970215,12.059784889221191,0.9398311972618103
base,published,18,ke-capital-t0,KE,1.5282034873962402,0.9659484028816223,13.632040023803711,1.0549721717834473,-0.47323131561279297,12.87089729309082,0.9441651701927185
base,published,18,ke-capital-t1,KE,1.7769770622253418,0.958818256855011,13.852630615234375,1.1174774169921875,-0.6594996452331543,12.949899673461914,0.9348332285881042
base,published,18,ke-capital-t2,KE,1.4293079376220703,0.9689617156982422,12.863630294799805,1.0744915008544922,-0.3548164367675781,12.104878425598145,0.9410157203674316
base,published,18,ke-capital-t3,KE,1.47772216796875,0.961664080619812,12.974066734313965,0.8075861930847168,-0.6701359748840332,12.237075805664062,0.9431950449943542
base,published,18,ke-region-t0,KE,1.7200756072998047,0.9605942964553833,13.928986549377441,0.7719464302062988,-0.9481291770935059,13.03261661529541,0.9356471300125122
base,published,18,ke-region-t1,KE,2.1575589179992676,0.9627164602279663,14.528177261352539,0.7369153499603271,-1.4206435680389404,13.680352210998535,0.941642701625824
base,published,18,ke-region-t2,KE,1.5936145782470703,0.9673366546630859,14.204546928405762,0.7057657241821289,-0.8878488540649414,13.402769088745117,0.9435548186302185
base,published,18,ke-region-t3,KE,1.8376679420471191,0.9547148942947388,14.167126655578613,0.5090458393096924,-1.3286221027374268,13.136669158935547,0.9272642135620117
base,published,18,kp-capital-t0,KP,1.3319087028503418,0.9685307741165161,12.751826286315918,1.1105866432189941,-0.22132205963134766,12.0077486038208,0.941649317741394
base,published,18,kp-capital-t2,KP,1.2500557899475098,0.9679405689239502,12.987284660339355,1.2611160278320312,0.011060237884521484,12.240384101867676,0.9424898624420166
base,published,18,kr-capital-t0,KR,1.4059882164001465,0.9665340185165405,13.68543529510498,0.7003464698791504,-0.7056417465209961,12.948923110961914,0.9461827874183655
base,published,18,kr-capital-t1,KR,1.5534729957580566,0.9558175802230835,13.86452865600586,1.322324275970459,-0.23114871978759766,12.958929061889648,0.9346822500228882
base,published,18,kr-capital-t2,KR,1.4195137023925781,0.959593653678894,13.216165542602539,1.1651430130004883,-0.25437068939208984,12.33088207244873,0.9330151081085205
base,published,18,kr-capital-t3,KR,1.4118657112121582,0.9680110216140747,13.20096492767334,0.5376360416412354,-0.8742296695709229,12.4334135055542,0.9418564438819885
base,published,18,kr-region-t0,KR,1.7404608726501465,0.9649780988693237,13.908612251281738,0.5815987586975098,-1.1588621139526367,13.00478458404541,0.9350166916847229
base,published,18,kr-region-t1,KR,2.113830089569092,0.9647672176361084,14.749246597290039,0.6903152465820312,-1.4235148429870605,13.963586807250977,0.946732223033905
base,published,18,kr-region-t2,KR,1.817307472229004,0.9664866924285889,14.452999114990234,0.8088114261627197,-1.0084960460662842,13.57900333404541,0.9395284056663513
base,published,18,lk-capital-t0,LK,1.761345386505127,0.9636224508285522,12.77558422088623,0.9830093383789062,-0.7783360481262207,11.997596740722656,0.9391035437583923
base,published,18,lk-capital-t1,LK,1.5791544914245605,0.9653425216674805,13.578816413879395,0.5377347469329834,-1.0414197444915771,12.762484550476074,0.9398819804191589
base,published,18,lk-capital-t2,LK,1.3809294700622559,0.9634878039360046,13.522733688354492,1.0871834754943848,-0.2937459945678711,12.506815910339355,0.9248733520507812
base,published,18,lk-capital-t3,LK,1.494476318359375,0.9666918516159058,12.807433128356934,0.8228983879089355,-0.6715779304504395,12.107210159301758,0.9453268051147461
base,published,18,sd-region-t0,SD,1.6422338485717773,0.9690486192703247,13.725783348083496,0.49756407737731934,-1.144669771194458,12.91473388671875,0.9409105181694031
base,published,18,sd-region-t1,SD,1.9394431114196777,0.9673845171928406,14.506024360656738,0.6061990261077881,-1.3332440853118896,13.650188446044922,0.9410013556480408
base,published,18,sd-region-t2,SD,1.5419926643371582,0.9631331562995911,14.112676620483398,1.0368843078613281,-0.5051083564758301,13.340344429016113,0.9452738761901855
base,published,18,sd-region-t3,SD,1.6904067993164062,0.9615879058837891,13.863834381103516,0.7093312740325928,-0.9810755252838135,12.982783317565918,0.9364497065544128
base,published,18,sl-region-t0,SL,1.66253662109375,0.9611372947692871,13.958015441894531,0.5501718521118164,-1.1123647689819336,12.954806327819824,0.9281266927719116
base,published,18,sl-region-t2,SL,1.5747671127319336,0.9695625305175781,13.982892990112305,0.6640567779541016,-0.910710334777832,13.232719421386719,0.946350634098053
base,published,18,tr-capital-t0,TR,1.2934484481811523,0.9606831073760986,13.006691932678223,0.913550615310669,-0.3798978328704834,12.290103912353516,0.9449061751365662
base,published,18,tr-capital-t1,TR,1.6465725898742676,0.9604132771492004,13.580059051513672,0.6742367744445801,-0.9723358154296875,12.76834487915039,0.9402275085449219
base,published,18,tr-capital-t2,TR,1.566455364227295,0.9647965431213379,13.119741439819336,1.0744218826293945,-0.4920334815979004,12.310384750366211,0.9383100271224976
base,published,18,tr-currency-t0,TR,1.532160758972168,0.9606549739837646,12.761312484741211,0.9087448120117188,-0.6234159469604492,12.08054256439209,0.9466536045074463
base,published,18,tr-currency-t2,TR,1.342142105102539,0.9673922061920166,12.757065773010254,1.1720786094665527,-0.17006349563598633,12.123368263244629,0.9503257870674133
base,published,18,tr-currency-t3,TR,1.6627202033996582,0.9664717316627502,13.087568283081055,0.6009788513183594,-1.0617413520812988,12.474977493286133,0.953192949295044
base,published,18,ua-region-t1,UA,2.0496902465820312,0.9678078889846802,14.634952545166016,0.6724464893341064,-1.3772437572479248,13.826240539550781,0.9447410702705383
base,published,18,ua-region-t2,UA,1.6837658882141113,0.9668706059455872,14.146344184875488,0.6921133995056152,-0.9916524887084961,13.303114891052246,0.9403924345970154
base,published,19,cu-capital-t0,CU,1.514418125152588,0.9307488799095154,15.016826629638672,1.42584228515625,-0.08857583999633789,13.062716484069824,0.869871973991394
base,published,19,cu-capital-t1,CU,1.891892910003662,0.9280331134796143,15.822064399719238,1.1499085426330566,-0.7419843673706055,13.56672191619873,0.857455849647522
base,published,19,cu-capital-t2,CU,1.449902057647705,0.9174490571022034,15.375489234924316,0.813706636428833,-0.6361954212188721,13.207130432128906,0.8589730262756348
base,published,19,cu-capital-t3,CU,1.4446358680725098,0.9367033243179321,15.177983283996582,0.7493131160736084,-0.6953227519989014,13.406078338623047,0.8832582235336304
base,published,19,fi-capital-t0,FI,1.7676334381103516,0.9171997308731079,14.961099624633789,1.1655306816101074,-0.6021027565002441,12.97435474395752,0.8672059774398804
base,published,19,fi-capital-t1,FI,2.0501060485839844,0.9313579797744751,15.628600120544434,1.1597094535827637,-0.8903965950012207,13.550271034240723,0.8670175671577454
base,published,19,fi-capital-t2,FI,1.5675911903381348,0.919955849647522,15.221445083618164,1.0354280471801758,-0.532163143157959,13.179788589477539,0.8658697605133057
base,published,19,fi-currency-t0,FI,1.679032802581787,0.9264017939567566,15.216902732849121,0.40505361557006836,-1.2739791870117188,13.384526252746582,0.8795828223228455
base,published,19,fi-currency-t1,FI,2.033935546875,0.9270386695861816,15.954721450805664,0.801215410232544,-1.232720136642456,13.95252513885498,0.8745076060295105
base,published,19,fi-currency-t2,FI,1.3337054252624512,0.9235512614250183,14.847238540649414,1.0464816093444824,-0.28722381591796875,12.966842651367188,0.8733504414558411
base,published,19,fi-currency-t3,FI,1.980522632598877,0.919593870639801,15.047130584716797,0.9361271858215332,-1.0443954467773438,13.454936981201172,0.89418625831604
base,published,19,fi-region-t1,FI,2.7701616287231445,0.9348584413528442,16.67768669128418,1.5010247230529785,-1.269136905670166,15.059527397155762,0.9029746055603027
base,published,19,fi-region-t2,FI,2.3021230697631836,0.9346607327461243,16.103530883789062,1.5257987976074219,-0.7763242721557617,14.392410278320312,0.8937425017356873
base,published,19,gm-region-t1,GM,2.410097122192383,0.9339506030082703,16.523101806640625,1.6412854194641113,-0.7688117027282715,14.901891708374023,0.9018822312355042
base,published,19,gm-region-t2,GM,2.0872888565063477,0.9274028539657593,15.967813491821289,1.4973015785217285,-0.5899872779846191,14.359293937683105,0.8992648720741272
base,published,19,ie-capital-t0,IE,1.7565131187438965,0.9391391277313232,15.420059204101562,0.9636693000793457,-0.7928438186645508,13.635793685913086,0.8842893242835999
base,published,19,ie-capital-t1,IE,1.9817419052124023,0.9346816539764404,15.493738174438477,0.8071749210357666,-1.1745669841766357,13.428038597106934,0.8666751980781555
base,published,19,ie-capital-t2,IE,1.7884306907653809,0.9137301445007324,15.136302947998047,0.6864883899688721,-1.1019423007965088,13.12681770324707,0.8672406673431396
base,published,19,ie-capital-t3,IE,1.6600656509399414,0.9333721399307251,14.837932586669922,0.8731565475463867,-0.7869091033935547,13.035489082336426,0.8785246014595032
base,published,19,ie-currency-t0,IE,1.612776756286621,0.9245702624320984,15.478435516357422,0.39557480812072754,-1.2172019481658936,13.691513061523438,0.8845540881156921
base,published,19,ie-currency-t1,IE,1.8415307998657227,0.9282357692718506,15.980533599853516,0.8383090496063232,-1.0032217502593994,13.961507797241211,0.8736571669578552
base,published,19,ie-currency-t2,IE,1.5334210395812988,0.9357545375823975,15.052037239074707,0.7433202266693115,-0.7901008129119873,13.34793472290039,0.8867859244346619
base,published,19,ie-currency-t3,IE,2.064291000366211,0.9309292435646057,15.260425567626953,0.4891993999481201,-1.5750916004180908,13.791108131408691,0.9037171602249146
base,published,19,ie-region-t1,IE,2.786999225616455,0.9380193948745728,16.741853713989258,1.4695229530334473,-1.3174762725830078,15.103130340576172,0.9021181464195251
base,published,19,ie-region-t2,IE,2.509657859802246,0.9345110654830933,16.213937759399414,1.6141633987426758,-0.8954944610595703,14.534160614013672,0.896399199962616
base,published,19,mg-region-t0,MG,2.178093910217285,0.9347659349441528,15.989358901977539,0.472689151763916,-1.7054047584533691,14.087492942810059,0.8810542821884155
base,published,19,mg-region-t1,MG,2.7111644744873047,0.9334677457809448,16.49521827697754,1.540027141571045,-1.1711373329162598,14.862418174743652,0.9010137319564819
base,published,19,mg-region-t2,MG,2.2041726112365723,0.9408290386199951,16.01753807067871,1.1771173477172852,-1.027055263519287,14.360278129577637,0.8965346813201904
base,published,19,mg-region-t3,MG,1.9658198356628418,0.9391221404075623,16.327104568481445,0.3995985984802246,-1.5662212371826172,14.387405395507812,0.8811976313591003
base,published,19,ml-region-t0,ML,2.087681770324707,0.9414063692092896,16.01995086669922,0.4373178482055664,-1.6503639221191406,14.071280479431152,0.8783597946166992
base,published,19,ml-region-t1,ML,2.7377424240112305,0.9376640915870667,16.511865615844727,1.463118553161621,-1.2746238708496094,14.876809120178223,0.9009768962860107
base,published,19,ml-region-t2,ML,2.2127676010131836,0.9230497479438782,16.075071334838867,1.6962552070617676,-0.516512393951416,14.284390449523926,0.8886051177978516
base,published,19,ml-region-t3,ML,1.915506362915039,0.9299049377441406,16.311254501342773,0.49417614936828613,-1.421330213546753,14.28825855255127,0.8759754300117493
base,published,19,np-currency-t0,NP,1.6699042320251465,0.9220843315124512,15.113961219787598,0.629730224609375,-1.0401740074157715,13.173384666442871,0.8716037273406982
base,published,19,np-currency-t3,NP,1.8377561569213867,0.931768536567688,15.129291534423828,0.4912111759185791,-1.3465449810028076,13.324128150939941,0.8806841969490051
base,published,19,np-region-t0,NP,2.234391212463379,0.9408489465713501,16.121442794799805,0.5524518489837646,-1.6819393634796143,14.2998046875,0.8870052695274353
base,published,19,nz-capital-t0,NZ,1.8009710311889648,0.9355325698852539,15.018956184387207,1.000432014465332,-0.8005390167236328,13.190613746643066,0.8782643675804138
base,published,19,nz-capital-t2,NZ,1.5773258209228516,0.9202526211738586,15.312268257141113,0.7608819007873535,-0.816443920135498,13.060160636901855,0.8529213666915894
base,published,19,nz-capital-t3,NZ,1.7192139625549316,0.9283052086830139,14.842557907104492,0.5912461280822754,-1.1279678344726562,12.80855941772461,0.8629617094993591
base,published,19,ph-capital-t1,PH,2.11773681640625,0.9181188344955444,15.631742477416992,1.3290057182312012,-0.7887310981750488,13.370829582214355,0.8553639650344849
base,published,19,ph-capital-t2,PH,1.626296043395996,0.9127634763717651,15.638357162475586,0.8085200786590576,-0.8177759647369385,13.531882286071777,0.8653007745742798
base,published,19,ph-currency-t0,PH,1.515364646911621,0.9223693013191223,15.113702774047852,0.5293850898742676,-0.9859795570373535,13.330414772033691,0.8820085525512695
base,published,19,ph-currency-t2,PH,1.4580450057983398,0.925286591053009,15.037001609802246,1.0854244232177734,-0.3726205825805664,13.15253734588623,0.8746781945228577
base,published,19,ph-currency-t3,PH,1.9282636642456055,0.9239867329597473,14.873787879943848,0.4824821949005127,-1.4457814693450928,13.263378143310547,0.8917283415794373
base,published,19,ph-region-t0,PH,2.199221134185791,0.937271773815155,16.231233596801758,0.5900709629058838,-1.6091501712799072,14.370453834533691,0.8853580951690674
base,published,19,ph-region-t2,PH,2.3791346549987793,0.9316151142120361,16.291770935058594,1.558974266052246,-0.8201603889465332,14.630738258361816,0.8980447053909302
base,published,19,rs-region-t1,RS,2.093057155609131,0.9427456855773926,16.71607780456543,1.4271740913391113,-0.6658830642700195,15.186816215515137,0.9085155129432678
base,published,19,sa-capital-t0,SA,1.955498218536377,0.9199138283729553,15.076066017150879,1.5273499488830566,-0.4281482696533203,13.25153923034668,0.8789786100387573
base,published,19,sa-capital-t2,SA,1.6950950622558594,0.9355696439743042,15.565345764160156,0.9040768146514893,-0.7910182476043701,13.661955833435059,0.8777161836624146
base,published,19,sa-capital-t3,SA,1.7248845100402832,0.930121660232544,14.643284797668457,0.7724931240081787,-0.9523913860321045,12.827754020690918,0.8760161399841309
base,published,19,sa-currency-t0,SA,1.7766985893249512,0.920053243637085,15.245177268981934,0.5997359752655029,-1.1769626140594482,13.409353256225586,0.879580020904541
base,published,19,sa-currency-t1,SA,1.9909706115722656,0.9236142039299011,16.205278396606445,0.9374203681945801,-1.0535502433776855,14.139206886291504,0.8725062608718872
base,published,19,sa-currency-t2,SA,1.4376168251037598,0.9204965233802795,15.177590370178223,1.055417537689209,-0.3821992874145508,13.402881622314453,0.8830704689025879
base,published,19,sa-currency-t3,SA,2.301767349243164,0.9217570424079895,14.838827133178711,0.4974370002746582,-1.8043303489685059,13.182662963867188,0.8883898258209229
base,published,19,sk-region-t2,SK,2.131615161895752,0.9336092472076416,15.906403541564941,1.5671343803405762,-0.5644807815551758,14.300539016723633,0.8990429043769836
base,published,19,sy-capital-t0,SY,1.7806310653686523,0.9358932971954346,14.991209983825684,0.9219276905059814,-0.8587033748626709,13.150092124938965,0.8771868348121643
base,published,19,sy-capital-t1,SY,2.0371012687683105,0.9343387484550476,15.582740783691406,1.1288838386535645,-0.9082174301147461,13.508331298828125,0.8668777346611023
base,published,19,sy-capital-t2,SY,1.8502793312072754,0.9181661009788513,15.01440143585205,1.0399651527404785,-0.8103141784667969,12.99846076965332,0.8657328486442566
base,published,19,sy-capital-t3,SY,1.68829345703125,0.9390727281570435,14.487356185913086,1.0126028060913086,-0.6756906509399414,12.761484146118164,0.8808704614639282
base,published,19,td-region-t0,TD,2.0402612686157227,0.9459995627403259,15.94925308227539,0.4753084182739258,-1.5649528503417969,14.183218002319336,0.88927161693573
base,published,19,td-region-t1,TD,2.6577115058898926,0.9354349970817566,16.590822219848633,1.5363774299621582,-1.1213340759277344,14.939118385314941,0.900444746017456
base,published,19,td-region-t2,TD,2.0867185592651367,0.9368842840194702,16.090288162231445,1.679947853088379,-0.4067707061767578,14.486851692199707,0.9003475308418274
base,published,19,xk-region-t1,XK,2.7546277046203613,0.9350624680519104,16.67084312438965,1.7032828330993652,-1.051344871520996,15.06026840209961,0.9033897519111633
base,published,19,xk-region-t2,XK,2.2483534812927246,0.9289815425872803,15.977238655090332,1.6382288932800293,-0.6101245880126953,14.376688957214355,0.8998231291770935
base,published,19,af-capital-t0,AF,1.8853459358215332,0.923086404800415,14.644613265991211,0.9972765445709229,-0.8880693912506104,12.736138343811035,0.8696807622909546
base,published,19,al-region-t1,AL,2.7524962425231934,0.9279278516769409,16.64594268798828,1.5917625427246094,-1.160733699798584,14.956130027770996,0.898485004901886
base,published,19,al-region-t2,AL,2.173205852508545,0.9373979568481445,16.04366111755371,1.4955644607543945,-0.6776413917541504,14.432145118713379,0.8995543718338013
base,published,19,at-capital-t0,AT,1.7409992218017578,0.9202758073806763,15.222098350524902,1.542475700378418,-0.19852352142333984,13.514485359191895,0.8878201246261597
base,published,19,at-capital-t2,AT,1.6078124046325684,0.9284090995788574,15.200398445129395,0.6976838111877441,-0.9101285934448242,13.199976921081543,0.8683967590332031
base,published,19,at-capital-t3,AT,1.6074519157409668,0.9375482201576233,14.508606910705566,0.9297850131988525,-0.6776669025421143,12.812642097473145,0.8831062912940979
base,published,19,at-currency-t0,AT,1.6423664093017578,0.9205306768417358,15.337237358093262,0.6056358814239502,-1.0367305278778076,13.57314395904541,0.8849797248840332
base,published,19,at-currency-t1,AT,1.8778009414672852,0.9324033856391907,15.961856842041016,0.7085015773773193,-1.1692993640899658,14.04356861114502,0.8798204660415649
base,published,19,at-currency-t2,AT,1.4777169227600098,0.9332358241081238,14.740246772766113,0.9838547706604004,-0.4938621520996094,13.016855239868164,0.8830825686454773
base,published,19,at-currency-t3,AT,1.9842252731323242,0.9224744439125061,14.975177764892578,0.5937540531158447,-1.3904712200164795,13.510589599609375,0.9021989703178406
base,published,19,at-region-t1,AT,2.7289047241210938,0.9349333047866821,16.748859405517578,1.703946590423584,-1.0249581336975098,15.118456840515137,0.9026558995246887
base,published,19,at-region-t2,AT,2.3194751739501953,0.9275673627853394,16.028356552124023,1.5393433570861816,-0.7801318168640137,14.370494842529297,0.8965669274330139
base,published,19,bi-region-t0,BI,2.1421422958374023,0.9355220794677734,15.939111709594727,0.5733017921447754,-1.568840503692627,14.050151824951172,0.8814890384674072
base,published,19,bi-region-t1,BI,2.566789150238037,0.936779797077179,16.505531311035156,1.311574935913086,-1.2552142143249512,14.928245544433594,0.9044389724731445
base,published,19,bi-region-t2,BI,2.183842182159424,0.9250218868255615,16.114418029785156,1.3615241050720215,-0.8223180770874023,14.340116500854492,0.8898935317993164
base,published,19,bi-region-t3,BI,2.0093441009521484,0.9402205944061279,16.25483512878418,0.5281105041503906,-1.4812335968017578,14.390416145324707,0.8853006362915039
base,published,19,ci-region-t0,CI,2.1537909507751465,0.9264414310455322,15.98509693145752,0.5670156478881836,-1.586775302886963,14.046581268310547,0.8787298202514648
base,published,19,ci-region-t1,CI,2.6915316581726074,0.9395017623901367,16.598278045654297,1.2602534294128418,-1.4312782287597656,14.984025955200195,0.90274578332901
base,published,19,ci-region-t2,CI,2.3476619720458984,0.9424761533737183,16.20833969116211,1.5380659103393555,-0.809596061706543,14.665755271911621,0.9048277139663696
base,published,19,ci-region-t3,CI,1.9852304458618164,0.9416987895965576,16.30385971069336,0.4752779006958008,-1.5099525451660156,14.418932914733887,0.8843876719474792
base,published,19,cz-capital-t0,CZ,1.8390674591064453,0.920860230922699,15.042770385742188,1.5505561828613281,-0.2885112762451172,13.025508880615234,0.8658982515335083
base,published,19,cz-capital-t1,CZ,2.016666889190674,0.9302146434783936,15.510271072387695,0.9396359920501709,-1.077030897140503,13.279645919799805,0.8561840057373047
base,published,19,cz-capital-t2,CZ,1.564563274383545,0.9216098785400391,15.055959701538086,0.9920060634613037,-0.5725572109222412,13.031986236572266,0.8655699491500854
base,published,19,cz-region-t2,CZ,2.2769031524658203,0.9429720044136047,15.981051445007324,1.2658061981201172,-1.0110969543457031,14.426451683044434,0.9027222990989685
base,published,19,gn-region-t1,GN,2.6190285682678223,0.9388694167137146,16.53490447998047,1.5484490394592285,-1.0705795288085938,14.936432838439941,0.9033274054527283
base,published,19,gn-region-t2,GN,2.056821346282959,0.9345306158065796,16.068546295166016,1.4102287292480469,-0.6465926170349121,14.50777816772461,0.9028680920600891
base,published,19,gq-region-t1,GQ,2.278420925140381,0.9354457855224609,16.72780990600586,1.5304999351501465,-0.7479209899902344,15.04947280883789,0.8996678590774536
base,published,19,iq-capital-t0,IQ,1.7340264320373535,0.9180426597595215,14.676471710205078,1.2704739570617676,-0.46355247497558594,12.780396461486816,0.870808482170105
base,published,19,iq-capital-t1,IQ,2.0722336769104004,0.9301196336746216,15.386394500732422,1.0527424812316895,-1.019491195678711,13.179643630981445,0.8565777540206909
base,published,19,iq-capital-t2,IQ,1.6689724922180176,0.9242672920227051,14.885024070739746,0.7787528038024902,-0.8902196884155273,12.95271110534668,0.870184063911438
base,published,19,ke-capital-t0,KE,1.9535999298095703,0.9393454790115356,15.250527381896973,0.9487695693969727,-1.0048303604125977,13.452311515808105,0.882088303565979
base,published,19,ke-capital-t1,KE,2.1469826698303223,0.9314050674438477,15.783443450927734,1.127500057220459,-1.0194826126098633,13.715054512023926,0.8689519762992859
base,published,19,ke-capital-t2,KE,1.7040724754333496,0.9278432130813599,14.990774154663086,0.9695916175842285,-0.7344808578491211,13.017404556274414,0.8683610558509827
base,published,19,ke-capital-t3,KE,1.823458194732666,0.9329444766044617,14.68227767944336,0.8892109394073486,-0.9342472553253174,12.826899528503418,0.873631477355957
base,published,19,ke-region-t0,KE,2.158184051513672,0.9333382844924927,16.075881958007812,0.5954864025115967,-1.5626976490020752,14.184240341186523,0.8823304772377014
base,published,19,ke-region-t1,KE,2.832303524017334,0.9275803565979004,16.580947875976562,1.6733155250549316,-1.1589879989624023,14.878984451293945,0.897354245185852
base,published,19,ke-region-t2,KE,2.2534446716308594,0.9298189878463745,16.185876846313477,1.4815516471862793,-0.7718930244445801,14.515166282653809,0.8967797160148621
base,published,19,ke-region-t3,KE,2.1257400512695312,0.9360824823379517,16.44483757019043,0.5006835460662842,-1.625056505203247,14.403393745422363,0.8758611083030701
base,published,19,kp-capital-t0,KP,1.6540889739990234,0.925376296043396,14.680594444274902,0.8302040100097656,-0.8238849639892578,12.699450492858887,0.8650501370429993
base,published,19,kp-capital-t2,KP,1.5223846435546875,0.9171781539916992,15.148744583129883,0.9419517517089844,-0.5804328918457031,12.959333419799805,0.8554724454879761
base,published,19,kr-capital-t0,KR,1.82716703414917,0.9364295601844788,15.539438247680664,0.8520467281341553,-0.9751203060150146,13.667060852050781,0.8795080184936523
base,published,19,kr-capital-t1,KR,1.9483938217163086,0.9234680533409119,15.869658470153809,1.4212498664855957,-0.5271439552307129,13.727790832519531,0.8650338053703308
base,published,19,kr-capital-t2,KR,1.7355561256408691,0.911090075969696,15.36393928527832,0.8100836277008057,-0.9254724979400635,13.18778133392334,0.8583593964576721
base,published,19,kr-capital-t3,KR,1.725318431854248,0.9359433650970459,15.070281982421875,0.7573826313018799,-0.9679358005523682,13.172601699829102,0.8740779757499695
base,published,19,kr-region-t0,KR,2.16068172454834,0.9427958726882935,16.133190155029297,0.5395355224609375,-1.6211462020874023,14.292713165283203,0.8859198093414307
base,published,19,kr-region-t1,KR,2.6925644874572754,0.9419128894805908,16.81145477294922,1.4510040283203125,-1.241560459136963,15.217572212219238,0.9051907062530518
base,published,19,kr-region-t2,KR,2.4723095893859863,0.9307577013969421,16.433834075927734,1.8470749855041504,-0.6252346038818359,14.63258171081543,0.8903936743736267
base,published,19,lk-capital-t0,LK,2.0684523582458496,0.9128811359405518,14.461797714233398,1.427149772644043,-0.6413025856018066,12.521455764770508,0.8658298254013062
base,published,19,lk-capital-t1,LK,1.951441764831543,0.9304990172386169,15.463594436645508,0.7986042499542236,-1.1528375148773193,13.367713928222656,0.8644635677337646
base,published,19,lk-capital-t2,LK,1.6337151527404785,0.9200637936592102,15.638581275939941,0.8225040435791016,-0.811211109161377,13.32322883605957,0.8519461154937744
base,published,19,lk-capital-t3,LK,1.854689121246338,0.9393103122711182,14.792550086975098,0.7258093357086182,-1.1288797855377197,13.024068832397461,0.8804478645324707
base,published,19,sd-region-t0,SD,2.124232292175293,0.9486304521560669,15.883940696716309,0.45557355880737305,-1.66865873336792,14.151274681091309,0.8909171223640442
base,published,19,sd-region-t1,SD,2.5331358909606934,0.9356796741485596,16.640161514282227,1.3361001014709473,-1.197035789489746,14.992252349853516,0.9009679555892944
base,published,19,sd-region-t2,SD,2.1094913482666016,0.9273461699485779,16.095979690551758,1.4870119094848633,-0.6224794387817383,14.406678199768066,0.8950482606887817
base,published,19,sd-region-t3,SD,1.9998106956481934,0.9396086931228638,16.307903289794922,0.49712347984313965,-1.5026872158050537,14.539045333862305,0.8915336728096008
base,published,19,sl-region-t0,SL,2.1076836585998535,0.9385993480682373,16.05335235595703,0.5114531517028809,-1.5962305068969727,14.028888702392578,0.8738915324211121
base,published,19,sl-region-t2,SL,2.154445171356201,0.9446566104888916,15.937203407287598,1.4469718933105469,-0.7074732780456543,14.429695129394531,0.9054094552993774
base,published,19,tr-capital-t0,TR,1.64599609375,0.9237887263298035,14.941871643066406,1.041585922241211,-0.6044101715087891,13.113509178161621,0.8776350021362305
base,published,19,tr-capital-t1,TR,2.004054546356201,0.9281217455863953,15.492873191833496,0.8470096588134766,-1.1570448875427246,13.442570686340332,0.8676615953445435
base,published,19,tr-capital-t2,TR,1.8195619583129883,0.9189946055412292,15.234294891357422,0.9328944683074951,-0.8866674900054932,13.28230094909668,0.8718684315681458
base,published,19,tr-currency-t0,TR,1.6430530548095703,0.9161490797996521,15.209487915039062,0.5415987968444824,-1.101454257965088,13.467525482177734,0.8854687213897705
base,published,19,tr-currency-t2,TR,1.530975341796875,0.929896354675293,14.816353797912598,0.9633514881134033,-0.5676238536834717,13.028777122497559,0.8793510794639587
base,published,19,tr-currency-t3,TR,1.7963275909423828,0.9381834268569946,15.214916229248047,0.514467716217041,-1.2818598747253418,13.835348129272461,0.9093279242515564
base,published,19,ua-region-t1,UA,2.690703868865967,0.9396200776100159,16.72797393798828,1.571749210357666,-1.1189546585083008,15.183246612548828,0.9076560139656067
base,published,19,ua-region-t2,UA,2.272096633911133,0.9335958957672119,16.106830596923828,1.5719184875488281,-0.7001781463623047,14.47847843170166,0.8989030122756958
base,published,20,cu-capital-t0,CU,1.2396655082702637,0.8929886817932129,16.272449493408203,1.5347437858581543,0.2950782775878906,13.813735961914062,0.8489032983779907
base,published,20,cu-capital-t1,CU,1.7049846649169922,0.8839014768600464,17.22277069091797,1.8323378562927246,0.12735319137573242,14.039888381958008,0.8151933550834656
base,published,20,cu-capital-t2,CU,1.4045782089233398,0.8770210146903992,16.605552673339844,1.1351070404052734,-0.2694711685180664,13.834903717041016,0.833149254322052
base,published,20,cu-capital-t3,CU,1.1989779472351074,0.8951119184494019,16.831371307373047,1.1406397819519043,-0.058338165283203125,14.410371780395508,0.8561614751815796
base,published,20,fi-capital-t0,FI,1.53718900680542,0.8898450136184692,16.206727981567383,1.0898470878601074,-0.4473419189453125,13.548200607299805,0.8359615206718445
base,published,20,fi-capital-t1,FI,1.8251700401306152,0.8944117426872253,16.88655662536621,1.1599364280700684,-0.6652336120605469,13.911284446716309,0.8238082528114319
base,published,20,fi-capital-t2,FI,1.5653471946716309,0.8911466598510742,16.519773483276367,1.0319175720214844,-0.5334296226501465,13.773998260498047,0.8337885737419128
base,published,20,fi-currency-t0,FI,1.231513500213623,0.9035097360610962,16.56733512878418,0.4476196765899658,-0.7838938236236572,14.253167152404785,0.8603174090385437
base,published,20,fi-currency-t1,FI,1.4769024848937988,0.8810793161392212,17.323026657104492,0.5109913349151611,-0.9659111499786377,14.452044486999512,0.8342678546905518
base,published,20,fi-currency-t2,FI,1.3089570999145508,0.9097839593887329,16.45599937438965,0.6152055263519287,-0.6937515735626221,13.767728805541992,0.836638867855072
base,published,20,fi-currency-t3,FI,1.5229949951171875,0.8810892701148987,16.777488708496094,0.7867858409881592,-0.7362091541290283,14.418030738830566,0.8593676090240479
base,published,20,fi-region-t1,FI,2.5498719215393066,0.9046897292137146,17.739364624023438,0.8920748233795166,-1.65779709815979,15.284256935119629,0.8616011738777161
base,published,20,fi-region-t2,FI,2.399031162261963,0.887050449848175,17.101207733154297,1.223820686340332,-1.1752104759216309,14.531639099121094,0.8497434258460999
base,published,20,gm-region-t1,GM,2.3497095108032227,0.9037024974822998,17.682180404663086,1.0715880393981934,-1.2781214714050293,15.165547370910645,0.8576740622520447
base,published,20,gm-region-t2,GM,2.133580207824707,0.8868507742881775,16.93934440612793,1.198387622833252,-0.9351925849914551,14.576322555541992,0.8605009913444519
base,published,20,ie-capital-t0,IE,1.548485279083252,0.9042258262634277,16.569843292236328,1.4896574020385742,-0.058827877044677734,14.054731369018555,0.8482114672660828
base,published,20,ie-capital-t1,IE,1.7934908866882324,0.8956801891326904,16.773313522338867,1.1994271278381348,-0.5940637588500977,13.888136863708496,0.8279900550842285
base,published,20,ie-capital-t2,IE,1.6909255981445312,0.88950514793396,16.080570220947266,1.188448429107666,-0.5024771690368652,13.60958480834961,0.8463371992111206
base,published,20,ie-capital-t3,IE,1.532646656036377,0.8909502029418945,16.602928161621094,1.1342811584472656,-0.39836549758911133,13.849517822265625,0.8341611623764038
base,published,20,ie-currency-t0,IE,1.2391595840454102,0.8875798583030701,16.64803695678711,0.700690746307373,-0.5384688377380371,14.371042251586914,0.8632274270057678
base,published,20,ie-currency-t1,IE,1.3919768333435059,0.8904503583908081,17.275968551635742,0.5520868301391602,-0.8398900032043457,14.454071998596191,0.836657702922821
base,published,20,ie-currency-t2,IE,1.3772282600402832,0.9099792242050171,16.628887176513672,0.6664764881134033,-0.7107517719268799,14.250913619995117,0.8569974303245544
base,published,20,ie-currency-t3,IE,1.7470436096191406,0.8848530650138855,16.9776611328125,0.6604259014129639,-1.0866177082061768,14.73249626159668,0.8677576780319214
base,published,20,ie-region-t1,IE,2.5273733139038086,0.9002196788787842,17.853036880493164,1.1310358047485352,-1.3963375091552734,15.328665733337402,0.8586027026176453
base,published,20,ie-region-t2,IE,2.4346165657043457,0.8875971436500549,17.163000106811523,1.371053695678711,-1.0635628700256348,14.676674842834473,0.8551346063613892
base,published,20,mg-region-t0,MG,2.047257900238037,0.88984215259552,18.024574279785156,0.9455502033233643,-1.1017076969146729,14.969572067260742,0.8305090665817261
base,published,20,mg-region-t1,MG,2.5413732528686523,0.9018213748931885,17.573884963989258,0.9023816585540771,-1.6389915943145752,15.09278392791748,0.8588188886642456
base,published,20,mg-region-t2,MG,2.3689990043640137,0.8934396505355835,16.95585060119629,1.4004912376403809,-0.9685077667236328,14.448836326599121,0.8521445989608765
base,published,20,mg-region-t3,MG,2.0038328170776367,0.9121142029762268,18.25132179260254,0.5958113670349121,-1.4080214500427246,15.471577644348145,0.8476963043212891
base,published,20,ml-region-t0,ML,1.9554839134216309,0.9067918062210083,18.101930618286133,0.5317466259002686,-1.4237372875213623,15.138409614562988,0.8362870216369629
base,published,20,ml-region-t1,ML,2.6085915565490723,0.8923371434211731,17.66810417175293,1.2883148193359375,-1.3202767372131348,15.08738899230957,0.8539336919784546
base,published,20,ml-region-t2,ML,2.4162425994873047,0.8789010047912598,17.13689422607422,1.2554197311401367,-1.160822868347168,14.391998291015625,0.8398253321647644
base,published,20,ml-region-t3,ML,1.948411464691162,0.9012280702590942,18.318422317504883,0.7332115173339844,-1.2151999473571777,15.340723991394043,0.8374478816986084
base,published,20,np-currency-t0,NP,1.3110103607177734,0.8846497535705566,16.486665725708008,1.0040745735168457,-0.30693578720092773,13.953789710998535,0.8463681936264038
base,published,20,np-currency-t3,NP,1.5634574890136719,0.8859352469444275,16.665283203125,0.9557085037231445,-0.6077489852905273,14.299290657043457,0.8580286502838135
base,published,20,np-region-t0,NP,2.15455961227417,0.9086154699325562,18.103757858276367,0.6052930355072021,-1.5492665767669678,15.211429595947266,0.8402360081672668
base,published,20,nz-capital-t0,NZ,1.6135096549987793,0.8993428945541382,16.270689010620117,1.4132113456726074,-0.20029830932617188,13.674248695373535,0.8404222130775452
base,published,20,nz-capital-t2,NZ,1.5923810005187988,0.8859167695045471,16.645484924316406,1.104630947113037,-0.4877500534057617,13.474967956542969,0.8095269203186035
base,published,20,nz-capital-t3,NZ,1.7050023078918457,0.8912457227706909,16.637203216552734,0.8716933727264404,-0.8333089351654053,13.677330017089844,0.82209312915802
base,published,20,ph-capital-t1,PH,1.863919734954834,0.8827531933784485,17.060827255249023,1.3438754081726074,-0.5200443267822266,13.819660186767578,0.8100228905677795
base,published,20,ph-capital-t2,PH,1.5945920944213867,0.8821932673454285,17.110326766967773,1.1783552169799805,-0.41623687744140625,14.126602172851562,0.8256185054779053
base,published,20,ph-currency-t0,PH,1.1959362030029297,0.8805238008499146,16.3566951751709,0.8952615261077881,-0.3006746768951416,13.824392318725586,0.845182478427887
base,published,20,ph-currency-t2,PH,1.3886513710021973,0.8933857083320618,16.571884155273438,1.2394027709960938,-0.14924860000610352,13.896659851074219,0.8385685086250305
base,published,20,ph-currency-t3,PH,1.5593938827514648,0.8727847337722778,16.470861434936523,0.8533883094787598,-0.7060055732727051,14.047595977783203,0.8528755903244019
base,published,20,ph-region-t0,PH,2.097555160522461,0.9060977697372437,18.26460075378418,0.6500065326690674,-1.4475486278533936,15.346095085144043,0.8402097225189209
base,published,20,ph-region-t2,PH,2.394772529602051,0.8976068496704102,17.27730941772461,0.9504327774047852,-1.4443397521972656,14.806365013122559,0.8569832444190979
base,published,20,rs-region-t1,RS,2.075385570526123,0.9044342637062073,17.76616096496582,0.8945767879486084,-1.1808087825775146,15.348160743713379,0.8638985753059387
base,published,20,sa-capital-t0,SA,1.8311824798583984,0.8792628049850464,16.502519607543945,1.149928092956543,-0.6812543869018555,13.84924602508545,0.8392201066017151
base,published,20,sa-capital-t2,SA,1.733992099761963,0.8925994038581848,16.925662994384766,0.8005208969116211,-0.9334712028503418,14.242761611938477,0.8414891362190247
base,published,20,sa-capital-t3,SA,1.749598503112793,0.890617847442627,16.395069122314453,1.0553374290466309,-0.6942610740661621,13.760738372802734,0.8393217921257019
base,published,20,sa-currency-t0,SA,1.3769569396972656,0.8743343949317932,16.563270568847656,0.9262893199920654,-0.4506676197052002,14.178858757019043,0.856042206287384
base,published,20,sa-currency-t1,SA,1.4858794212341309,0.8773206472396851,17.651216506958008,0.5922207832336426,-0.8936586380004883,14.73166275024414,0.8345975875854492
base,published,20,sa-currency-t2,SA,1.2756738662719727,0.8933266401290894,16.92669677734375,0.9698777198791504,-0.30579614639282227,14.39879035949707,0.8506556749343872
base,published,20,sa-currency-t3,SA,1.81032133102417,0.8770224452018738,16.562095642089844,0.7294957637786865,-1.0808255672454834,14.11418628692627,0.85219806432724
base,published,20,sk-region-t2,SK,2.130087375640869,0.8882906436920166,16.77683448791504,1.0538558959960938,-1.0762314796447754,14.394575119018555,0.8580030202865601
base,published,20,sy-capital-t0,SY,1.6211485862731934,0.8952884674072266,16.32703971862793,1.31781005859375,-0.30333852767944336,13.524031639099121,0.828321099281311
base,published,20,sy-capital-t1,SY,1.8738360404968262,0.8983603715896606,17.02666664123535,1.4059085845947266,-0.4679274559020996,13.926451683044434,0.8179200291633606
base,published,20,sy-capital-t2,SY,1.7843189239501953,0.8862029314041138,16.280475616455078,1.2361431121826172,-0.5481758117675781,13.543978691101074,0.8319154381752014
base,published,20,sy-capital-t3,SY,1.540787696838379,0.8906974196434021,16.347997665405273,1.1514496803283691,-0.38933801651000977,13.499189376831055,0.8257396221160889
base,published,20,td-region-t0,TD,1.9642133712768555,0.9165759682655334,18.093639373779297,0.564150333404541,-1.4000630378723145,15.228639602661133,0.8416571021080017
base,published,20,td-region-t1,TD,2.5423431396484375,0.8954602479934692,17.678693771362305,1.0326862335205078,-1.5096569061279297,15.062518119812012,0.8520153164863586
base,published,20,td-region-t2,TD,2.2533955574035645,0.891608715057373,17.04802131652832,1.21632719039917,-1.0370683670043945,14.596165657043457,0.8561794757843018
base,published,20,xk-region-t1,XK,2.5225601196289062,0.8995659351348877,17.763364791870117,1.247645378112793,-1.2749147415161133,15.288421630859375,0.8606714606285095
base,published,20,xk-region-t2,XK,2.2401576042175293,0.8887025117874146,16.910728454589844,1.301023006439209,-0.9391345977783203,14.516971588134766,0.8584474325180054
base,published,20,af-capital-t0,AF,1.7480897903442383,0.8864468336105347,16.097307205200195,1.358360767364502,-0.38972902297973633,13.463361740112305,0.836373507976532
base,published,20,al-region-t1,AL,2.5048117637634277,0.8966517448425293,17.749452590942383,1.074512004852295,-1.4302997589111328,15.112951278686523,0.8514601588249207
base,published,20,al-region-t2,AL,2.148707866668701,0.8954373598098755,16.934694290161133,0.8696608543395996,-1.2790470123291016,14.582124710083008,0.8610798716545105
base,published,20,at-capital-t0,AT,1.47206449508667,0.8884810209274292,16.466928482055664,0.8923904895782471,-0.5796740055084229,13.930736541748047,0.8459826707839966
base,published,20,at-capital-t2,AT,1.5549359321594238,0.8980261087417603,16.409536361694336,1.0545425415039062,-0.5003933906555176,13.655927658081055,0.8321946263313293
base,published,20,at-capital-t3,AT,1.3938512802124023,0.8923003673553467,16.345327377319336,1.0712342262268066,-0.3226170539855957,13.752741813659668,0.8413867354393005
base,published,20,at-currency-t0,AT,1.2148308753967285,0.8769339323043823,16.529178619384766,0.9157483577728271,-0.29908251762390137,14.12218952178955,0.854379415512085
base,published,20,at-currency-t1,AT,1.3568987846374512,0.886398434638977,17.288532257080078,0.5695219039916992,-0.787376880645752,14.501907348632812,0.8388165831565857
base,published,20,at-currency-t2,AT,1.2800002098083496,0.9074941873550415,16.39203453063965,0.8592691421508789,-0.4207310676574707,13.916632652282715,0.8489875197410583
base,published,20,at-currency-t3,AT,1.5555877685546875,0.878543496131897,16.566822052001953,0.8003208637237549,-0.7552669048309326,14.298823356628418,0.8630999326705933
base,published,20,at-region-t1,AT,2.496642589569092,0.9005054831504822,17.83649444580078,1.1129980087280273,-1.3836445808410645,15.288329124450684,0.8571375608444214
base,published,20,at-region-t2,AT,2.3172526359558105,0.8866588473320007,16.958789825439453,1.1861495971679688,-1.1311030387878418,14.517221450805664,0.8560293316841125
base,published,20,bi-region-t0,BI,2.0326733589172363,0.9059005379676819,17.94510269165039,0.5771420001983643,-1.455531358718872,14.889437675476074,0.8297215104103088
base,published,20,bi-region-t1,BI,2.450026035308838,0.8936586976051331,17.646005630493164,0.9891424179077148,-1.460883617401123,15.043084144592285,0.8524923324584961
base,published,20,bi-region-t2,BI,2.309077739715576,0.8895502090454102,17.113130569458008,1.170145034790039,-1.138932704925537,14.474621772766113,0.8458196520805359
base,published,20,bi-region-t3,BI,2.073977470397949,0.9074698090553284,18.180753707885742,0.7203099727630615,-1.3536674976348877,15.307965278625488,0.8419873714447021
base,published,20,ci-region-t0,CI,2.0212764739990234,0.8844389915466309,18.11825180053711,0.9827914237976074,-1.038485050201416,14.995917320251465,0.827669084072113
base,published,20,ci-region-t1,CI,2.5141916275024414,0.8955602049827576,17.86667823791504,1.0432085990905762,-1.4709830284118652,15.172751426696777,0.8492206335067749
base,published,20,ci-region-t2,CI,2.429612636566162,0.9113297462463379,17.28587532043457,0.9799737930297852,-1.449638843536377,14.926708221435547,0.8635205030441284
base,published,20,ci-region-t3,CI,2.0266342163085938,0.9074012041091919,18.281681060791016,0.8197972774505615,-1.2068369388580322,15.401984214782715,0.8424818515777588
base,published,20,cz-capital-t0,CZ,1.5440173149108887,0.886320173740387,16.176008224487305,1.1093368530273438,-0.4346804618835449,13.292418479919434,0.8217366337776184
base,published,20,cz-capital-t1,CZ,1.7641968727111816,0.8917673826217651,16.84102439880371,1.3616738319396973,-0.4025230407714844,13.705586433410645,0.8138214349746704
base,published,20,cz-capital-t2,CZ,1.5445408821105957,0.8986673355102539,16.316417694091797,1.0499672889709473,-0.49457359313964844,13.499288558959961,0.8273438811302185
base,published,20,cz-region-t2,CZ,2.2984461784362793,0.9138343334197998,16.928882598876953,0.7912673950195312,-1.507178783416748,14.628371238708496,0.8641073107719421
base,published,20,gn-region-t1,GN,2.4201035499572754,0.9006422758102417,17.69139289855957,1.024033546447754,-1.3960700035095215,15.205231666564941,0.8594706058502197
base,published,20,gn-region-t2,GN,2.130850315093994,0.8911297917366028,17.010387420654297,0.8510580062866211,-1.279792308807373,14.726580619812012,0.8657404780387878
base,published,20,gq-region-t1,GQ,2.2042078971862793,0.8989094495773315,17.813369750976562,1.0466423034667969,-1.1575655937194824,15.216289520263672,0.8542061448097229
base,published,20,iq-capital-t0,IQ,1.5146994590759277,0.8867284655570984,15.941411018371582,1.224879264831543,-0.28982019424438477,13.402813911437988,0.8407545685768127
base,published,20,iq-capital-t1,IQ,1.8445382118225098,0.8906490802764893,16.834123611450195,1.5866913795471191,-0.2578468322753906,13.790628433227539,0.8192067742347717
base,published,20,iq-capital-t2,IQ,1.6317219734191895,0.8890789747238159,16.161754608154297,1.3011889457702637,-0.3305330276489258,13.589985847473145,0.8408731818199158
base,published,20,ke-capital-t0,KE,1.7818522453308105,0.9067726135253906,16.57816505432129,1.4464893341064453,-0.33536291122436523,13.968663215637207,0.8425940275192261
base,published,20,ke-capital-t1,KE,1.975229263305664,0.8865783214569092,17.199403762817383,1.7100353240966797,-0.2651939392089844,14.060172080993652,0.817480206489563
base,published,20,ke-capital-t2,KE,1.8054819107055664,0.8985165953636169,16.2364501953125,1.5118060111999512,-0.29367589950561523,13.45182991027832,0.8284957408905029
base,published,20,ke-capital-t3,KE,1.725022315979004,0.8931305408477783,16.478527069091797,1.2017130851745605,-0.5233092308044434,13.760510444641113,0.8350570797920227
base,published,20,ke-region-t0,KE,2.073151111602783,0.9035826921463013,18.15346336364746,0.6197142601013184,-1.4534368515014648,15.141205787658691,0.8340670466423035
base,published,20,ke-region-t1,KE,2.6713647842407227,0.8962053656578064,17.701879501342773,1.2991752624511719,-1.3721895217895508,15.060752868652344,0.8507996201515198
base,published,20,ke-region-t2,KE,2.370164394378662,0.8900660872459412,17.210126876831055,1.2417726516723633,-1.1283917427062988,14.668686866760254,0.8523287773132324
base,published,20,ke-region-t3,KE,2.191849708557129,0.9103155732154846,18.404722213745117,0.8188862800598145,-1.3729634284973145,15.508613586425781,0.8426432013511658
base,published,20,kp-capital-t0,KP,1.4839072227478027,0.8799290060997009,15.915059089660645,1.2483806610107422,-0.23552656173706055,13.115201950073242,0.8240749835968018
base,published,20,kp-capital-t2,KP,1.5930414199829102,0.8742104768753052,16.441736221313477,1.130655288696289,-0.4623861312866211,13.420312881469727,0.8162345290184021
base,published,20,kr-capital-t0,KR,1.5933165550231934,0.895377516746521,16.833606719970703,1.3145208358764648,-0.2787957191467285,14.024942398071289,0.8331513404846191
base,published,20,kr-capital-t1,KR,1.7352256774902344,0.8803414702415466,17.268203735351562,1.2229833602905273,-0.512242317199707,13.931821823120117,0.8067904710769653
base,published,20,kr-capital-t2,KR,1.6820526123046875,0.8782516717910767,16.837995529174805,1.0617833137512207,-0.6202692985534668,13.809041023254395,0.8201119303703308
base,published,20,kr-capital-t3,KR,1.648531436920166,0.8956665992736816,16.761030197143555,0.7642173767089844,-0.8843140602111816,14.031596183776855,0.8371559381484985
base,published,20,kr-region-t0,KR,2.0787034034729004,0.912472665309906,18.17591094970703,0.577462911605835,-1.5012404918670654,15.294349670410156,0.8414626121520996
base,published,20,kr-region-t1,KR,2.5449695587158203,0.9171386957168579,17.910634994506836,0.9981257915496826,-1.5468437671661377,15.474576950073242,0.8639881610870361
base,published,20,kr-region-t2,KR,2.515625476837158,0.8913679122924805,17.415834426879883,1.2628159523010254,-1.2528095245361328,14.753196716308594,0.8471139669418335
base,published,20,lk-capital-t0,LK,1.8400163650512695,0.8867443799972534,15.910835266113281,1.1166558265686035,-0.723360538482666,13.354740142822266,0.8393487930297852
base,published,20,lk-capital-t1,LK,1.782829761505127,0.8915891647338867,17.071504592895508,1.465865135192871,-0.31696462631225586,14.143126487731934,0.8284639716148376
base,published,20,lk-capital-t2,LK,1.667398452758789,0.8825646638870239,17.10702896118164,1.0969133377075195,-0.5704851150512695,13.83718490600586,0.808859646320343
base,published,20,lk-capital-t3,LK,1.6733145713806152,0.8921923637390137,16.7290096282959,1.0790815353393555,-0.5942330360412598,14.04985237121582,0.839849591255188
base,published,20,sd-region-t0,SD,1.9847698211669922,0.9236114025115967,18.057619094848633,0.4575645923614502,-1.527205228805542,15.289230346679688,0.846691370010376
base,published,20,sd-region-t1,SD,2.4870004653930664,0.8959859609603882,17.726097106933594,1.0464773178100586,-1.4405231475830078,15.07144832611084,0.8502406477928162
base,published,20,sd-region-t2,SD,2.250807762145996,0.8880828619003296,17.109840393066406,1.0639476776123047,-1.1868600845336914,14.56485652923584,0.8512561321258545
base,published,20,sd-region-t3,SD,2.079516887664795,0.9057636260986328,18.423480987548828,0.8485469818115234,-1.2309699058532715,15.628433227539062,0.8482888340950012
base,published,20,sl-region-t0,SL,1.9836077690124512,0.9070867896080017,18.117788314819336,0.5634341239929199,-1.4201736450195312,15.12038803100586,0.8345603942871094
base,published,20,sl-region-t2,SL,2.311194896697998,0.9067222476005554,16.829113006591797,0.9368641376495361,-1.374330759048462,14.609599113464355,0.8681146502494812
base,published,20,tr-capital-t0,TR,1.4965648651123047,0.8854695558547974,16.158798217773438,1.5893430709838867,0.09277820587158203,13.587606430053711,0.8408797383308411
base,published,20,tr-capital-t1,TR,1.8258123397827148,0.8931097984313965,16.8431396484375,1.0522527694702148,-0.7735595703125,13.96777057647705,0.8292854428291321
base,published,20,tr-capital-t2,TR,1.7515830993652344,0.8867851495742798,16.462268829345703,1.1754932403564453,-0.5760898590087891,13.888056755065918,0.8436295986175537
base,published,20,tr-currency-t0,TR,1.247495174407959,0.8759730458259583,16.437328338623047,0.9038019180297852,-0.34369325637817383,14.069018363952637,0.855918824672699
base,published,20,tr-currency-t2,TR,1.3677387237548828,0.899899959564209,16.438098907470703,0.8003666400909424,-0.5673720836639404,13.781159400939941,0.8383669853210449
base,published,20,tr-currency-t3,TR,1.5141606330871582,0.8928993940353394,16.960468292236328,0.680689811706543,-0.8334708213806152,15.150402069091797,0.8932773470878601
base,published,20,ua-region-t1,UA,2.5322060585021973,0.9012114405632019,17.798383712768555,1.1485095024108887,-1.3836965560913086,15.311297416687012,0.8602633476257324
base,published,20,ua-region-t2,UA,2.2798304557800293,0.8902464509010315,17.036972045898438,0.9695751667022705,-1.3102552890777588,14.576010704040527,0.8555517196655273
base,published,21,cu-capital-t0,CU,1.438755989074707,0.8764318823814392,17.469907760620117,1.1085491180419922,-0.33020687103271484,14.292181015014648,0.8181028366088867
base,published,21,cu-capital-t1,CU,1.9260849952697754,0.8576409816741943,19.072179794311523,1.3998818397521973,-0.5262031555175781,14.930082321166992,0.782819926738739
base,published,21,cu-capital-t2,CU,1.5774450302124023,0.8628659248352051,18.1948184967041,1.2523107528686523,-0.32513427734375,14.402929306030273,0.7915951013565063
base,published,21,cu-capital-t3,CU,1.3567543029785156,0.8755401372909546,18.10089683532715,0.7895166873931885,-0.5672376155853271,14.767119407653809,0.8158225417137146
base,published,21,fi-capital-t0,FI,1.859647274017334,0.8688376545906067,17.837696075439453,0.9106326103210449,-0.9490146636962891,14.252237319946289,0.7989954352378845
base,published,21,fi-capital-t1,FI,2.0690665245056152,0.8686089515686035,18.705055236816406,1.0047717094421387,-1.0642948150634766,14.80853271484375,0.7916861176490784
base,published,21,fi-capital-t2,FI,1.7740302085876465,0.8720513582229614,18.205585479736328,0.7840983867645264,-0.9899318218231201,14.54350757598877,0.7988486886024475
base,published,21,fi-currency-t0,FI,1.6065559387207031,0.8703346848487854,18.211822509765625,0.819298505783081,-0.7872574329376221,15.164131164550781,0.8326531648635864
base,published,21,fi-currency-t1,FI,1.788388729095459,0.8635395765304565,19.205114364624023,0.8351519107818604,-0.9532368183135986,15.304755210876465,0.7969104051589966
base,published,21,fi-currency-t2,FI,2.0262012481689453,0.8748340606689453,18.483449935913086,1.1159911155700684,-0.910210132598877,14.856123924255371,0.8037527799606323
base,published,21,fi-currency-t3,FI,1.9109621047973633,0.8559678792953491,18.771757125854492,0.933128833770752,-0.9778332710266113,15.346379280090332,0.8175249099731445
base,published,21,fi-region-t1,FI,2.1104307174682617,0.891106128692627,19.85422134399414,1.3519515991210938,-0.758479118347168,16.728973388671875,0.8425902724266052
base,published,21,fi-region-t2,FI,2.07711124420166,0.8762103319168091,19.29545021057129,1.5073566436767578,-0.5697546005249023,15.873475074768066,0.8226537704467773
base,published,21,gm-region-t1,GM,2.0325307846069336,0.8910824060440063,19.877483367919922,1.500943660736084,-0.5315871238708496,16.543476104736328,0.8322721719741821
base,published,21,gm-region-t2,GM,1.8677449226379395,0.8801387548446655,19.218006134033203,1.1367430686950684,-0.7310018539428711,15.835548400878906,0.8239954113960266
base,published,21,ie-capital-t0,IE,1.7339282035827637,0.881405234336853,18.435972213745117,1.1447720527648926,-0.5891561508178711,14.832322120666504,0.8045315742492676
base,published,21,ie-capital-t1,IE,1.992143154144287,0.8812804222106934,18.721067428588867,0.73343825340271,-1.2587049007415771,14.909845352172852,0.796420693397522
base,published,21,ie-capital-t2,IE,1.8287396430969238,0.8677367568016052,17.939645767211914,0.7798292636871338,-1.04891037940979,14.522767066955566,0.8095347881317139
base,published,21,ie-capital-t3,IE,1.6671667098999023,0.8768884539604187,18.100908279418945,0.8983027935028076,-0.7688639163970947,14.557579040527344,0.8042457699775696
base,published,21,ie-currency-t0,IE,1.7016654014587402,0.8616417050361633,18.40725326538086,0.4881002902984619,-1.2135651111602783,15.305193901062012,0.8314762711524963
base,published,21,ie-currency-t1,IE,1.7499699592590332,0.8727930784225464,19.12758445739746,0.8074612617492676,-0.9425086975097656,15.333779335021973,0.8016579151153564
base,published,21,ie-currency-t2,IE,2.0115585327148438,0.878123939037323,18.70187759399414,1.0439848899841309,-0.9675736427307129,15.453503608703613,0.8263075947761536
base,published,21,ie-currency-t3,IE,2.195035457611084,0.8567976355552673,19.199865341186523,0.7322254180908203,-1.4628100395202637,15.721762657165527,0.8188475370407104
base,published,21,ie-region-t1,IE,2.1214356422424316,0.8948426246643066,20.130998611450195,1.1062865257263184,-1.0151491165161133,16.89019203186035,0.8390141129493713
base,published,21,ie-region-t2,IE,2.1573567390441895,0.878168523311615,19.432292938232422,1.3204622268676758,-0.8368945121765137,16.151737213134766,0.831180214881897
base,published,21,mg-region-t0,MG,1.9286136627197266,0.8735621571540833,20.120773315429688,0.7057952880859375,-1.222818374633789,16.438020706176758,0.8169676661491394
base,published,21,mg-region-t1,MG,2.1126503944396973,0.88874351978302,19.648466110229492,1.6110906600952148,-0.5015597343444824,16.520336151123047,0.8407952189445496
base,published,21,mg-region-t2,MG,2.011246681213379,0.8826855421066284,19.105873107910156,1.3124809265136719,-0.698765754699707,15.74018669128418,0.8238402009010315
base,published,21,mg-region-t3,MG,2.0959038734436035,0.880958080291748,20.221054077148438,0.9193413257598877,-1.1765625476837158,16.836204528808594,0.8326076865196228
base,published,21,ml-region-t0,ML,1.8573946952819824,0.8895504474639893,20.226333618164062,0.833759069442749,-1.0236356258392334,16.842134475708008,0.8326835036277771
base,published,21,ml-region-t1,ML,2.174501419067383,0.8852717280387878,19.687881469726562,1.265841007232666,-0.9086604118347168,16.461673736572266,0.836132287979126
base,published,21,ml-region-t2,ML,2.0817904472351074,0.8740988969802856,19.281295776367188,1.3448524475097656,-0.7369379997253418,15.709005355834961,0.8147276639938354
base,published,21,ml-region-t3,ML,2.041067600250244,0.8783112168312073,20.31670379638672,0.6826925277709961,-1.358375072479248,16.759187698364258,0.8248969912528992
base,published,21,np-currency-t0,NP,1.5799407958984375,0.8623233437538147,18.400480270385742,0.8097126483917236,-0.7702281475067139,14.873751640319824,0.8083349466323853
base,published,21,np-currency-t3,NP,2.2160263061523438,0.8615714311599731,18.94356346130371,0.7980060577392578,-1.418020248413086,15.459757804870605,0.8160955309867859
base,published,21,np-region-t0,NP,2.013690948486328,0.8896613717079163,20.255922317504883,0.9739408493041992,-1.039750099182129,16.86667251586914,0.8326785564422607
base,published,21,nz-capital-t0,NZ,1.899998664855957,0.8735382556915283,18.157543182373047,0.9240341186523438,-0.9759645462036133,14.596282958984375,0.80386883020401
base,published,21,nz-capital-t2,NZ,1.7929596900939941,0.8698837757110596,18.533246994018555,0.8884954452514648,-0.9044642448425293,14.307720184326172,0.7720028758049011
base,published,21,nz-capital-t3,NZ,1.9130339622497559,0.873039186000824,18.276338577270508,0.7265450954437256,-1.1864888668060303,14.542235374450684,0.7956864833831787
base,published,21,ph-capital-t1,PH,1.9170613288879395,0.862217128276825,18.773027420043945,1.1708250045776367,-0.7462363243103027,14.704972267150879,0.7833032011985779
base,published,21,ph-capital-t2,PH,1.6994686126708984,0.8680698275566101,18.91136932373047,1.0333237648010254,-0.666144847869873,15.010705947875977,0.7937397956848145
base,published,21,ph-currency-t0,PH,1.697655200958252,0.8600533604621887,18.112924575805664,0.7336695194244385,-0.9639856815338135,15.012372016906738,0.8288210034370422
base,published,21,ph-currency-t2,PH,2.072519302368164,0.8610072731971741,18.602195739746094,1.0759162902832031,-0.9966030120849609,14.750606536865234,0.7929497361183167
base,published,21,ph-currency-t3,PH,2.471451759338379,0.8433963656425476,18.864013671875,0.7770607471466064,-1.6943910121917725,15.112353324890137,0.8011207580566406
base,published,21,ph-region-t0,PH,1.952979564666748,0.8858729004859924,20.332130432128906,0.8578910827636719,-1.0950884819030762,16.96367645263672,0.8343285322189331
base,published,21,ph-region-t2,PH,1.9735417366027832,0.8873481750488281,19.470090866088867,1.1497774124145508,-0.8237643241882324,16.192529678344727,0.8316617608070374
base,published,21,rs-region-t1,RS,1.8578486442565918,0.8957093358039856,20.03860092163086,1.2684555053710938,-0.589393138885498,16.9395809173584,0.8453474640846252
base,published,21,sa-capital-t0,SA,2.0192761421203613,0.8582286238670349,18.3620662689209,0.9510478973388672,-1.0682282447814941,14.642870903015137,0.7974522709846497
base,published,21,sa-capital-t2,SA,1.946969985961914,0.8700045943260193,18.74982452392578,1.0641136169433594,-0.8828563690185547,15.13874626159668,0.8074073791503906
base,published,21,sa-capital-t3,SA,1.9170246124267578,0.8678115606307983,18.189594268798828,0.8796889781951904,-1.0373356342315674,14.620932579040527,0.8038074970245361
base,published,21,sa-currency-t0,SA,1.6034855842590332,0.8477886319160461,18.20219612121582,0.6634292602539062,-0.940056324005127,14.967236518859863,0.8222764134407043
base,published,21,sa-currency-t1,SA,1.729654312133789,0.860327959060669,19.405540466308594,0.9559059143066406,-0.7737483978271484,15.578591346740723,0.8027908802032471
base,published,21,sa-currency-t2,SA,1.9220190048217773,0.8652292490005493,18.865917205810547,1.3152647018432617,-0.6067543029785156,15.32307243347168,0.8122092485427856
base,published,21,sa-currency-t3,SA,2.088122844696045,0.8556605577468872,18.715192794799805,0.5561432838439941,-1.5319795608520508,15.31210994720459,0.8181647062301636
base,published,21,sk-region-t2,SK,1.8460102081298828,0.8751912713050842,18.962003707885742,1.2292423248291016,-0.6167678833007812,15.622695922851562,0.8238947987556458
base,published,21,sy-capital-t0,SY,1.8467097282409668,0.87483149766922,18.145801544189453,0.9885108470916748,-0.858198881149292,14.32628059387207,0.7895093560218811
base,published,21,sy-capital-t1,SY,2.0442123413085938,0.8726027607917786,19.044485092163086,1.0866341590881348,-0.957578182220459,15.014642715454102,0.7883984446525574
base,published,21,sy-capital-t2,SY,1.8831672668457031,0.8720296621322632,18.045804977416992,1.0173039436340332,-0.8658633232116699,14.473176956176758,0.8020244836807251
base,published,21,sy-capital-t3,SY,1.7291464805603027,0.8719677925109863,18.061267852783203,0.9025070667266846,-0.8266394138336182,14.242101669311523,0.7885438203811646
base,published,21,td-region-t0,TD,1.865476131439209,0.8938565254211426,20.169221878051758,1.0123181343078613,-0.8531579971313477,16.898588180541992,0.8378403782844543
base,published,21,td-region-t1,TD,2.1025185585021973,0.8890183568000793,19.716087341308594,1.2069945335388184,-0.8955240249633789,16.439544677734375,0.8338137269020081
base,published,21,td-region-t2,TD,1.952845573425293,0.8838671445846558,19.206296920776367,0.9737153053283691,-0.9791302680969238,15.8636474609375,0.8259607553482056
base,published,21,xk-region-t1,XK,2.0759506225585938,0.8898759484291077,19.912561416625977,1.3187174797058105,-0.7572331428527832,16.689048767089844,0.8381166458129883
base,published,21,xk-region-t2,XK,1.9227347373962402,0.878240168094635,19.15853500366211,1.4641528129577637,-0.45858192443847656,15.80142879486084,0.824772298336029
base,published,21,af-capital-t0,AF,1.8776235580444336,0.8672354817390442,17.684785842895508,1.1146774291992188,-0.7629461288452148,14.0081205368042,0.7921000719070435
base,published,21,al-region-t1,AL,2.0328030586242676,0.8856391906738281,19.878684997558594,1.2587318420410156,-0.774071216583252,16.56502342224121,0.8333057761192322
base,published,21,al-region-t2,AL,1.8867063522338867,0.880107581615448,19.12816047668457,1.173595905303955,-0.7131104469299316,15.890053749084473,0.8307151794433594
base,published,21,at-capital-t0,AT,1.785275936126709,0.8631148338317871,18.349061965942383,0.9471828937530518,-0.8380930423736572,14.73775863647461,0.803188681602478
base,published,21,at-capital-t2,AT,1.7445297241210938,0.8840078711509705,18.083871841430664,0.6676998138427734,-1.0768299102783203,14.481886863708496,0.8008178472518921
base,published,21,at-capital-t3,AT,1.6189212799072266,0.8683741092681885,17.98722267150879,0.896334171295166,-0.7225871086120605,14.48184585571289,0.8051185011863708
base,published,21,at-currency-t0,AT,1.5352578163146973,0.8540747165679932,18.368555068969727,0.7649064064025879,-0.7703514099121094,15.048760414123535,0.8192675113677979
base,published,21,at-currency-t1,AT,1.6867413520812988,0.8636424541473389,19.181821823120117,0.9116437435150146,-0.7750976085662842,15.482407569885254,0.8071395754814148
base,published,21,at-currency-t2,AT,1.886589527130127,0.8782639503479004,18.323713302612305,1.0734200477600098,-0.8131694793701172,14.824551582336426,0.8090364336967468
base,published,21,at-currency-t3,AT,2.07473087310791,0.8480679988861084,18.82417869567871,0.8161435127258301,-1.25858736038208,15.443912506103516,0.8204295635223389
base,published,21,at-region-t1,AT,2.0822091102600098,0.8931739926338196,19.967313766479492,1.3705363273620605,-0.7116727828979492,16.672014236450195,0.8349652886390686
base,published,21,at-region-t2,AT,2.030752658843994,0.878201425075531,19.147579193115234,1.4383153915405273,-0.5924372673034668,15.805469512939453,0.8254552483558655
base,published,21,bi-region-t0,BI,1.9367642402648926,0.8826284408569336,20.0037841796875,0.7837083339691162,-1.1530559062957764,16.488964080810547,0.8242922425270081
base,published,21,bi-region-t1,BI,2.0748443603515625,0.8886060118675232,19.69840431213379,1.165945053100586,-0.9088993072509766,16.42685890197754,0.8339182734489441
base,published,21,bi-region-t2,BI,1.9819631576538086,0.8858959078788757,19.252975463867188,1.3004560470581055,-0.6815071105957031,15.731764793395996,0.8171082139015198
base,published,21,bi-region-t3,BI,2.1533584594726562,0.8818195462226868,20.151588439941406,0.8728294372558594,-1.2805290222167969,16.745126724243164,0.8309581279754639
base,published,21,ci-region-t0,CI,1.930952548980713,0.8682125806808472,20.16812515258789,0.8737607002258301,-1.0571918487548828,16.47809410095215,0.817036509513855
base,published,21,ci-region-t1,CI,2.0919699668884277,0.8920609951019287,20.00235366821289,1.4745502471923828,-0.6174197196960449,16.666934967041016,0.8332486748695374
base,published,21,ci-region-t2,CI,2.01454496383667,0.8971144556999207,19.442646026611328,1.5081920623779297,-0.5063529014587402,16.382953643798828,0.8426298499107361
base,published,21,ci-region-t3,CI,2.147012233734131,0.8792814016342163,20.250028610229492,1.018425464630127,-1.128586769104004,16.831090927124023,0.8311638236045837
base,published,21,cz-capital-t0,CZ,1.8670992851257324,0.871328592300415,18.061704635620117,0.9897096157073975,-0.877389669418335,14.175334930419922,0.7848281860351562
base,published,21,cz-capital-t1,CZ,1.9924168586730957,0.8673384189605713,18.711408615112305,1.047647476196289,-0.9447693824768066,14.573324203491211,0.7788469791412354
base,published,21,cz-capital-t2,CZ,1.7482943534851074,0.8754751682281494,17.9642333984375,1.3421592712402344,-0.40613508224487305,14.28864860534668,0.7953943014144897
base,published,21,cz-region-t2,CZ,1.9298515319824219,0.8939371705055237,19.129499435424805,1.489525318145752,-0.4403262138366699,16.057384490966797,0.8394043445587158
base,published,21,gn-region-t1,GN,1.968080997467041,0.8978530168533325,19.78443145751953,1.3245768547058105,-0.6435041427612305,16.65464973449707,0.8418058156967163
base,published,21,gn-region-t2,GN,1.898026466369629,0.8813327550888062,19.21274757385254,1.1288666725158691,-0.7691597938537598,16.048429489135742,0.8353011012077332
base,published,21,gq-region-t1,GQ,1.9211292266845703,0.8931276202201843,20.029977798461914,1.100057601928711,-0.8210716247558594,16.705238342285156,0.8340118527412415
base,published,21,iq-capital-t0,IQ,1.7118349075317383,0.8710492253303528,17.645599365234375,1.0021495819091797,-0.7096853256225586,14.168627738952637,0.8029553294181824
base,published,21,iq-capital-t1,IQ,1.9444761276245117,0.8704249858856201,18.66305923461914,0.9756543636322021,-0.9688217639923096,14.712227821350098,0.7883074283599854
base,published,21,iq-capital-t2,IQ,1.732743740081787,0.8746196031570435,17.736400604248047,1.132340431213379,-0.6004033088684082,14.236546516418457,0.8026739358901978
base,published,21,ke-capital-t0,KE,1.939929485321045,0.8887072801589966,18.49836540222168,1.0572419166564941,-0.8826875686645508,14.924373626708984,0.8067941665649414
base,published,21,ke-capital-t1,KE,2.0504441261291504,0.866600513458252,19.086620330810547,1.250666618347168,-0.7997775077819824,15.014602661132812,0.7866559028625488
base,published,21,ke-capital-t2,KE,1.9454293251037598,0.8812540769577026,17.984704971313477,1.0737195014953613,-0.8717098236083984,14.311956405639648,0.7957848906517029
base,published,21,ke-capital-t3,KE,1.8839755058288574,0.878604531288147,18.289236068725586,0.871511697769165,-1.0124638080596924,14.724542617797852,0.8050933480262756
base,published,21,ke-region-t0,KE,1.9768247604370117,0.8834845423698425,20.274728775024414,0.9670155048370361,-1.0098092555999756,16.855710983276367,0.8313655257225037
base,published,21,ke-region-t1,KE,2.1462717056274414,0.8873022794723511,19.890127182006836,1.328695297241211,-0.8175764083862305,16.514677047729492,0.830295205116272
base,published,21,ke-region-t2,KE,1.967747688293457,0.8821685910224915,19.473243713378906,1.182051658630371,-0.7856960296630859,16.10845184326172,0.82720947265625
base,published,21,ke-region-t3,KE,2.239994525909424,0.8856492042541504,20.461650848388672,1.0822715759277344,-1.1577229499816895,17.13613510131836,0.8374756574630737
base,published,21,kp-capital-t0,KP,1.8103671073913574,0.8573470711708069,17.383264541625977,0.9300649166107178,-0.8803021907806396,13.6207914352417,0.7835577130317688
base,published,21,kp-capital-t2,KP,1.7583436965942383,0.8532418012619019,17.910974502563477,0.9974169731140137,-0.7609267234802246,14.00688362121582,0.7820280194282532
base,published,21,kr-capital-t0,KR,1.8732209205627441,0.8716177344322205,18.622825622558594,1.0278520584106445,-0.8453688621520996,14.860709190368652,0.7979835867881775
base,published,21,kr-capital-t1,KR,1.969285488128662,0.8636401295661926,18.97688102722168,0.8817923069000244,-1.0874931812286377,14.758403778076172,0.7777044177055359
base,published,21,kr-capital-t2,KR,1.8608436584472656,0.8554843068122864,18.61652374267578,1.0293006896972656,-0.83154296875,14.643709182739258,0.7865973711013794
base,published,21,kr-capital-t3,KR,1.897191047668457,0.873595654964447,18.334909439086914,0.8211920261383057,-1.0759990215301514,14.795634269714355,0.8069652318954468
base,published,21,kr-region-t0,KR,1.964369297027588,0.8904883861541748,20.255529403686523,0.9263863563537598,-1.0379829406738281,16.962535858154297,0.8374274373054504
base,published,21,kr-region-t1,KR,2.0827341079711914,0.9049663543701172,20.118717193603516,1.5678491592407227,-0.5148849487304688,17.023935317993164,0.8461740016937256
base,published,21,kr-region-t2,KR,2.1181135177612305,0.8814014792442322,19.634225845336914,1.493180751800537,-0.6249327659606934,16.138980865478516,0.8219820261001587
base,published,21,lk-capital-t0,LK,1.9760756492614746,0.8678349852561951,17.536334991455078,0.9956612586975098,-0.9804143905639648,14.110655784606934,0.8046525120735168
base,published,21,lk-capital-t1,LK,2.003945827484131,0.8710489273071289,19.01156997680664,1.0424270629882812,-0.9615187644958496,15.145772933959961,0.796660840511322
base,published,21,lk-capital-t2,LK,1.9196314811706543,0.8631860017776489,19.106815338134766,1.0137462615966797,-0.9058852195739746,14.692022323608398,0.7689414620399475
base,published,21,lk-capital-t3,LK,1.909717082977295,0.8715999126434326,18.331995010375977,0.8755433559417725,-1.0341737270355225,14.712964057922363,0.8025838732719421
base,published,21,sd-region-t0,SD,1.8711719512939453,0.9025287628173828,20.260074615478516,0.8277390003204346,-1.0434329509735107,17.07717514038086,0.8428979516029358
base,published,21,sd-region-t1,SD,2.054596424102783,0.8887419700622559,19.930673599243164,1.3392434120178223,-0.7153530120849609,16.58184051513672,0.8319759368896484
base,published,21,sd-region-t2,SD,1.9849705696105957,0.8789434432983398,19.390790939331055,1.4772915840148926,-0.5076789855957031,15.887622833251953,0.8193385601043701
base,published,21,sd-region-t3,SD,2.1904196739196777,0.8839777112007141,20.523771286010742,0.8447527885437012,-1.3456668853759766,17.12725257873535,0.8345080614089966
base,published,21,sl-region-t0,SL,1.8940653800964355,0.8882914781570435,20.139930725097656,1.0045537948608398,-0.8895115852355957,16.678062438964844,0.8281092047691345
base,published,21,sl-region-t2,SL,1.9775447845458984,0.8877802491188049,19.014509201049805,1.514453411102295,-0.4630913734436035,15.933121681213379,0.8379454612731934
base,published,21,tr-capital-t0,TR,1.7703399658203125,0.858301043510437,18.059249877929688,1.0842928886413574,-0.6860470771789551,14.321988105773926,0.793055534362793
base,published,21,tr-capital-t1,TR,2.0494942665100098,0.8675497770309448,18.694427490234375,0.7048459053039551,-1.3446483612060547,14.858121871948242,0.7947888374328613
base,published,21,tr-capital-t2,TR,1.890359878540039,0.868752121925354,18.22907257080078,1.0003547668457031,-0.8900051116943359,14.691899299621582,0.8059597611427307
base,published,21,tr-currency-t0,TR,1.6584458351135254,0.8429709672927856,18.257328033447266,0.7886977195739746,-0.8697481155395508,15.161310195922852,0.8304232954978943
base,published,21,tr-currency-t2,TR,1.9968557357788086,0.8698462247848511,18.293563842773438,1.1089935302734375,-0.8878622055053711,14.66594123840332,0.8016995191574097
base,published,21,tr-currency-t3,TR,1.607834815979004,0.8687533140182495,18.940946578979492,0.8491547107696533,-0.7586801052093506,16.17415428161621,0.853925347328186
base,published,21,ua-region-t1,UA,2.052028179168701,0.8938921093940735,19.924686431884766,1.2397856712341309,-0.8122425079345703,16.753633499145508,0.8408480286598206
base,published,21,ua-region-t2,UA,1.9227290153503418,0.880413830280304,19.256532669067383,1.409797191619873,-0.5129318237304688,15.928921699523926,0.8271957635879517
base,published,22,cu-capital-t0,CU,2.352105140686035,0.8497447967529297,19.31208038330078,1.3140006065368652,-1.03810453414917,15.425675392150879,0.7987578511238098
base,published,22,cu-capital-t1,CU,2.9531617164611816,0.8377630710601807,21.35697364807129,1.6147642135620117,-1.33839750289917,16.355022430419922,0.7657930850982666
base,published,22,cu-capital-t2,CU,2.671661853790283,0.8492429256439209,20.344385147094727,1.4944710731506348,-1.1771907806396484,15.880191802978516,0.7805687785148621
base,published,22,cu-capital-t3,CU,2.1468963623046875,0.8466460108757019,21.411949157714844,0.904482364654541,-1.2424139976501465,16.474279403686523,0.7693965435028076
base,published,22,fi-capital-t0,FI,3.3355908393859863,0.8489540815353394,20.143043518066406,1.3259963989257812,-2.009594440460205,15.806865692138672,0.7847307324409485
base,published,22,fi-capital-t1,FI,3.4339027404785156,0.8408825397491455,21.00218963623047,1.408379077911377,-2.0255236625671387,16.335350036621094,0.7777926921844482
base,published,22,fi-capital-t2,FI,3.251462936401367,0.8535351753234863,20.543354034423828,1.1159253120422363,-2.135537624359131,16.022947311401367,0.7799577116966248
base,published,22,fi-currency-t0,FI,1.698707103729248,0.856265664100647,20.020673751831055,0.7214035987854004,-0.9773035049438477,16.604293823242188,0.829357385635376
base,published,22,fi-currency-t1,FI,1.9815802574157715,0.8375133275985718,20.900249481201172,0.7959349155426025,-1.185645341873169,16.15203857421875,0.7728155851364136
base,published,22,fi-currency-t2,FI,2.163872718811035,0.864246129989624,20.73747444152832,0.9274828433990479,-1.2363898754119873,16.516216278076172,0.796442985534668
base,published,22,fi-currency-t3,FI,1.9368715286254883,0.8225156664848328,20.25754165649414,1.115427017211914,-0.8214445114135742,16.000293731689453,0.7898437976837158
base,published,22,fi-region-t1,FI,2.2182669639587402,0.8775869607925415,22.930694580078125,1.626328468322754,-0.5919384956359863,18.49445152282715,0.8065369129180908
base,published,22,fi-region-t2,FI,2.346771240234375,0.8625203967094421,22.31873893737793,1.592130184173584,-0.754641056060791,17.68421173095703,0.7923481464385986
base,published,22,gm-region-t1,GM,2.161776542663574,0.8829554319381714,23.05632972717285,1.4048967361450195,-0.7568798065185547,18.128551483154297,0.7862722277641296
base,published,22,gm-region-t2,GM,2.1354236602783203,0.8702589273452759,22.54776382446289,1.3594627380371094,-0.7759609222412109,17.543764114379883,0.7780711054801941
base,published,22,ie-capital-t0,IE,2.9195427894592285,0.8544446229934692,20.652408599853516,1.3702898025512695,-1.549252986907959,16.1243953704834,0.7807513475418091
base,published,22,ie-capital-t1,IE,3.2409701347351074,0.8482095003128052,21.17999267578125,1.0156807899475098,-2.2252893447875977,16.318296432495117,0.7704581022262573
base,published,22,ie-capital-t2,IE,3.101675033569336,0.8523324728012085,19.83647918701172,1.071425437927246,-2.03024959564209,15.85617446899414,0.7993441820144653
base,published,22,ie-capital-t3,IE,2.7330222129821777,0.8566672801971436,21.491985321044922,1.2010421752929688,-1.531980037689209,16.75055694580078,0.7793862223625183
base,published,22,ie-currency-t0,IE,1.7808036804199219,0.8520396947860718,20.542051315307617,0.5470144748687744,-1.2337892055511475,17.046871185302734,0.8298524022102356
base,published,22,ie-currency-t1,IE,1.919266700744629,0.8471514582633972,20.911069869995117,0.7635324001312256,-1.1557343006134033,16.35567283630371,0.7821537852287292
base,published,22,ie-currency-t2,IE,2.1899476051330566,0.8747509717941284,20.995840072631836,0.9752695560455322,-1.2146780490875244,16.992095947265625,0.8093077540397644
base,published,22,ie-currency-t3,IE,2.1986570358276367,0.8223656415939331,21.017776489257812,0.7401988506317139,-1.4584581851959229,16.649141311645508,0.7921457290649414
base,published,22,ie-region-t1,IE,2.2949728965759277,0.8822849988937378,23.17682456970215,1.4739570617675781,-0.8210158348083496,18.781864166259766,0.8103726506233215
base,published,22,ie-region-t2,IE,2.4397988319396973,0.8666381239891052,22.52555274963379,1.6051859855651855,-0.8346128463745117,18.135984420776367,0.8051294088363647
base,published,22,mg-region-t0,MG,2.4268345832824707,0.8301318883895874,23.28521728515625,0.9821724891662598,-1.444662094116211,17.72331428527832,0.7611401677131653
base,published,22,mg-region-t1,MG,2.169426441192627,0.8787578344345093,22.804336547851562,1.4530344009399414,-0.7163920402526855,18.171072006225586,0.7968252897262573
base,published,22,mg-region-t2,MG,2.277209758758545,0.87095046043396,22.436702728271484,1.5197205543518066,-0.7574892044067383,17.65542984008789,0.7868995070457458
base,published,22,mg-region-t3,MG,2.6177186965942383,0.8407672643661499,23.45546531677246,0.9046845436096191,-1.7130341529846191,17.928756713867188,0.7643743753433228
base,published,22,ml-region-t0,ML,2.3992228507995605,0.8461965322494507,23.420822143554688,0.7420439720153809,-1.6571788787841797,18.057214736938477,0.7709897756576538
base,published,22,ml-region-t1,ML,2.206620216369629,0.8755764365196228,22.874950408935547,1.486051082611084,-0.7205691337585449,18.167606353759766,0.7942140102386475
base,published,22,ml-region-t2,ML,2.3092989921569824,0.8674296140670776,22.626497268676758,1.598759651184082,-0.7105393409729004,17.69515609741211,0.782054603099823
base,published,22,ml-region-t3,ML,2.5512585639953613,0.840286374092102,23.66651153564453,1.0452847480773926,-1.5059738159179688,17.911144256591797,0.7568138837814331
base,published,22,np-currency-t0,NP,1.872209072113037,0.8458790183067322,20.60300636291504,0.9432268142700195,-0.9289822578430176,16.37234878540039,0.7946582436561584
base,published,22,np-currency-t3,NP,2.4104256629943848,0.8232947587966919,20.576730728149414,0.9286806583404541,-1.4817450046539307,16.013534545898438,0.778235137462616
base,published,22,np-region-t0,NP,2.569711685180664,0.847350001335144,23.303884506225586,0.8509364128112793,-1.7187752723693848,17.876535415649414,0.7671054005622864
base,published,22,nz-capital-t0,NZ,2.830479621887207,0.8575847148895264,20.664169311523438,1.0836844444274902,-1.7467951774597168,15.937241554260254,0.7712500691413879
base,published,22,nz-capital-t2,NZ,3.0622777938842773,0.8474324941635132,20.98503875732422,1.1761603355407715,-1.8861174583435059,15.710783958435059,0.7486659288406372
base,published,22,nz-capital-t3,NZ,2.7594356536865234,0.8614845275878906,21.66019630432129,0.991837739944458,-1.7675979137420654,16.63645362854004,0.7680656909942627
base,published,22,ph-capital-t1,PH,2.862635612487793,0.8434424996376038,21.185548782348633,1.3914308547973633,-1.4712047576904297,16.211145401000977,0.765198290348053
base,published,22,ph-capital-t2,PH,2.8195433616638184,0.8467075824737549,21.355852127075195,1.3525290489196777,-1.4670143127441406,16.444059371948242,0.7700024843215942
base,published,22,ph-currency-t0,PH,1.7788329124450684,0.8503931760787964,19.959720611572266,0.881798505783081,-0.8970344066619873,16.56803321838379,0.8300734162330627
base,published,22,ph-currency-t2,PH,2.443474769592285,0.8628540635108948,20.945632934570312,0.9589540958404541,-1.484520673751831,16.31449317932129,0.7788971066474915
base,published,22,ph-currency-t3,PH,2.68593168258667,0.8197115659713745,20.91619300842285,0.7615935802459717,-1.9243381023406982,16.211549758911133,0.7750717401504517
base,published,22,ph-region-t0,PH,2.5331788063049316,0.8420895338058472,23.61874771118164,1.0297698974609375,-1.5034089088439941,18.20770263671875,0.7709004282951355
base,published,22,ph-region-t2,PH,2.1584982872009277,0.8742173314094543,22.673452377319336,1.4532761573791504,-0.7052221298217773,18.137819290161133,0.7999584078788757
base,published,22,rs-region-t1,RS,2.1549787521362305,0.8801363706588745,23.153310775756836,1.4417753219604492,-0.7132034301757812,18.768993377685547,0.8106397390365601
base,published,22,sa-capital-t0,SA,3.1884498596191406,0.833992600440979,20.501413345336914,1.1720428466796875,-2.016407012939453,15.794979095458984,0.7704336643218994
base,published,22,sa-capital-t2,SA,3.2581491470336914,0.8474330902099609,20.891429901123047,1.3212332725524902,-1.9369158744812012,16.243640899658203,0.7775264978408813
base,published,22,sa-capital-t3,SA,3.0211572647094727,0.847916841506958,21.11313247680664,1.1887154579162598,-1.832441806793213,16.62506103515625,0.7874274849891663
base,published,22,sa-currency-t0,SA,1.6489253044128418,0.8430798053741455,19.808685302734375,0.8030264377593994,-0.8458988666534424,16.613115310668945,0.8386783599853516
base,published,22,sa-currency-t1,SA,1.851743221282959,0.8371015191078186,20.794435501098633,0.9096212387084961,-0.9421219825744629,16.536401748657227,0.7952320575714111
base,published,22,sa-currency-t2,SA,2.0385217666625977,0.855761706829071,21.001943588256836,1.126007080078125,-0.9125146865844727,16.77338409423828,0.7986586689949036
base,published,22,sa-currency-t3,SA,2.048997402191162,0.8312578201293945,20.080245971679688,0.9409520626068115,-1.1080453395843506,16.308717727661133,0.8121771812438965
base,published,22,sk-region-t2,SK,2.173457622528076,0.8631026148796082,22.200986862182617,1.4217281341552734,-0.7517294883728027,17.430696487426758,0.7851316332817078
base,published,22,sy-capital-t0,SY,3.178596019744873,0.8561894297599792,20.5096492767334,1.1605219841003418,-2.0180740356445312,15.866083145141602,0.773591160774231
base,published,22,sy-capital-t1,SY,3.239414691925049,0.8433326482772827,21.348739624023438,1.2169523239135742,-2.0224623680114746,16.230457305908203,0.7602536678314209
base,published,22,sy-capital-t2,SY,3.1669745445251465,0.8609066009521484,20.114381790161133,1.3732538223266602,-1.7937207221984863,15.917598724365234,0.7913541197776794
base,published,22,sy-capital-t3,SY,2.901897430419922,0.8531444072723389,21.655031204223633,1.1146259307861328,-1.787271499633789,16.447908401489258,0.7595421075820923
base,published,22,td-region-t0,TD,2.378561496734619,0.8563413023948669,23.502397537231445,0.8458287715911865,-1.5327327251434326,18.10956382751465,0.7705411314964294
base,published,22,td-region-t1,TD,2.1481289863586426,0.8787232041358948,23.00250816345215,1.4561638832092285,-0.6919651031494141,18.320045471191406,0.7964368462562561
base,published,22,td-region-t2,TD,2.2105770111083984,0.8727671504020691,22.744741439819336,1.360762119293213,-0.8498148918151855,17.86375617980957,0.7854015827178955
base,published,22,xk-region-t1,XK,2.214808464050293,0.8818839192390442,23.090003967285156,1.3102664947509766,-0.9045419692993164,18.458009719848633,0.7993939518928528
base,published,22,xk-region-t2,XK,2.236997604370117,0.8681294918060303,22.503551483154297,1.4208016395568848,-0.8161959648132324,17.593008041381836,0.7817880511283875
base,published,22,af-capital-t0,AF,3.105010986328125,0.8508793711662292,19.98177146911621,1.4142065048217773,-1.6908044815063477,15.418871879577637,0.7716469168663025
base,published,22,al-region-t1,AL,2.1656970977783203,0.8770245909690857,23.09031867980957,1.5785117149353027,-0.5871853828430176,18.324934005737305,0.7936198115348816
base,published,22,al-region-t2,AL,2.1889090538024902,0.8715276122093201,22.44255828857422,1.2905421257019043,-0.8983669281005859,17.680931091308594,0.7878304719924927
base,published,22,at-capital-t0,AT,3.427903175354004,0.8397325277328491,20.803043365478516,1.1062378883361816,-2.3216652870178223,16.11992073059082,0.7748827934265137
base,published,22,at-capital-t2,AT,3.2470149993896484,0.8586071729660034,20.3444881439209,1.0810661315917969,-2.1659488677978516,16.070730209350586,0.7899304032325745
base,published,22,at-capital-t3,AT,2.910907745361328,0.8496660590171814,21.69563865661621,1.0133352279663086,-1.8975725173950195,16.439123153686523,0.7577155828475952
base,published,22,at-currency-t0,AT,1.585078239440918,0.8420577049255371,20.41050148010254,0.830481767654419,-0.754596471786499,16.540319442749023,0.8103827834129333
base,published,22,at-currency-t1,AT,1.8728585243225098,0.8402028679847717,20.99359703063965,0.7689001560211182,-1.1039583683013916,16.51736068725586,0.7867808938026428
base,published,22,at-currency-t2,AT,1.9924850463867188,0.8729820251464844,20.375694274902344,0.814805269241333,-1.1776797771453857,16.3980712890625,0.8047859072685242
base,published,22,at-currency-t3,AT,1.9805736541748047,0.8222043514251709,20.366411209106445,0.9209270477294922,-1.0596466064453125,16.285491943359375,0.799625039100647
base,published,22,at-region-t1,AT,2.288547992706299,0.8814578056335449,23.128414154052734,1.361760139465332,-0.9267878532409668,18.505264282226562,0.8001095056533813
base,published,22,at-region-t2,AT,2.298436164855957,0.870848536491394,22.464719772338867,1.4894280433654785,-0.8090081214904785,17.83310890197754,0.7938273549079895
base,published,22,bi-region-t0,BI,2.523005962371826,0.8461715579032898,23.240663528442383,0.879035472869873,-1.6439704895019531,17.732789993286133,0.7630070447921753
base,published,22,bi-region-t1,BI,2.165123462677002,0.8762866854667664,22.86838150024414,1.320509910583496,-0.8446135520935059,18.072919845581055,0.7903016805648804
base,published,22,bi-region-t2,BI,2.2501063346862793,0.8803261518478394,22.771421432495117,1.4119176864624023,-0.838188648223877,17.805761337280273,0.7819345593452454
base,published,22,bi-region-t3,BI,2.7635693550109863,0.8446900248527527,23.388877868652344,1.2776427268981934,-1.485926628112793,17.75223731994629,0.7590034008026123
base,published,22,ci-region-t0,CI,2.5403342247009277,0.8358359336853027,23.567811965942383,0.9345428943634033,-1.6057913303375244,18.06669044494629,0.766583263874054
base,published,22,ci-region-t1,CI,2.0919041633605957,0.8806942701339722,23.07318878173828,1.5571064949035645,-0.5347976684570312,18.394817352294922,0.797237753868103
base,published,22,ci-region-t2,CI,2.1765480041503906,0.8847289681434631,22.782920837402344,1.3458213806152344,-0.8307266235351562,18.065338134765625,0.7929333448410034
base,published,22,ci-region-t3,CI,2.804023265838623,0.8369479179382324,23.463361740112305,1.1650772094726562,-1.6389460563659668,17.88736915588379,0.7623531818389893
base,published,22,cz-capital-t0,CZ,3.3585076332092285,0.8476541638374329,20.3136043548584,1.2178173065185547,-2.140690326690674,15.674351692199707,0.7716184258460999
base,published,22,cz-capital-t1,CZ,3.2498841285705566,0.8428811430931091,20.895105361938477,1.4026703834533691,-1.8472137451171875,16.06804084777832,0.7689858675003052
base,published,22,cz-capital-t2,CZ,3.2128753662109375,0.8605402708053589,20.094863891601562,1.4932193756103516,-1.719655990600586,15.5224027633667,0.7724562287330627
base,published,22,cz-region-t2,CZ,2.2127304077148438,0.8762929439544678,22.30811309814453,1.5146164894104004,-0.6981139183044434,17.80181121826172,0.7979971766471863
base,published,22,gn-region-t1,GN,1.9999327659606934,0.8894208073616028,22.95180892944336,1.320516586303711,-0.6794161796569824,18.41693687438965,0.8024176359176636
base,published,22,gn-region-t2,GN,2.17612361907959,0.8723156452178955,22.793373107910156,1.3486990928649902,-0.8274245262145996,18.02002716064453,0.7905818819999695
base,published,22,gq-region-t1,GQ,2.154338836669922,0.8783466815948486,23.214548110961914,1.4766888618469238,-0.677649974822998,18.572904586791992,0.8000545501708984
base,published,22,iq-capital-t0,IQ,2.899407386779785,0.8508416414260864,20.010406494140625,1.3588838577270508,-1.5405235290527344,15.782665252685547,0.7887228727340698
base,published,22,iq-capital-t1,IQ,2.926168918609619,0.8514746427536011,20.848480224609375,1.2238874435424805,-1.7022814750671387,16.297258377075195,0.781700074672699
base,published,22,iq-capital-t2,IQ,2.8952383995056152,0.862911581993103,20.257972717285156,1.347567081451416,-1.5476713180541992,15.89365005493164,0.7845627069473267
base,published,22,ke-capital-t0,KE,2.9290518760681152,0.8616674542427063,20.704599380493164,1.354790210723877,-1.5742616653442383,16.211013793945312,0.7829667925834656
base,published,22,ke-capital-t1,KE,3.147092342376709,0.8385410308837891,21.386083602905273,1.6188392639160156,-1.5282530784606934,16.468223571777344,0.7700439095497131
base,published,22,ke-capital-t2,KE,3.205894947052002,0.8670499920845032,20.170560836791992,1.408599853515625,-1.797295093536377,15.86888313293457,0.7867348194122314
base,published,22,ke-capital-t3,KE,2.9150447845458984,0.8564242124557495,21.35384178161621,1.1751899719238281,-1.7398548126220703,16.873056411743164,0.7901648879051208
base,published,22,ke-region-t0,KE,2.603400707244873,0.8442598581314087,23.640531539916992,1.0619392395019531,-1.54146146774292,18.129484176635742,0.7668814063072205
base,published,22,ke-region-t1,KE,2.15596866607666,0.8747644424438477,22.961585998535156,1.5846977233886719,-0.5712709426879883,18.14750099182129,0.7903417944908142
base,published,22,ke-region-t2,KE,2.1617584228515625,0.8746923208236694,22.740867614746094,1.3464016914367676,-0.8153567314147949,17.94960594177246,0.7893105149269104
base,published,22,ke-region-t3,KE,2.8773598670959473,0.8467150926589966,23.594348907470703,1.1856727600097656,-1.6916871070861816,18.19586944580078,0.7711960673332214
base,published,22,kp-capital-t0,KP,2.8760275840759277,0.8421427607536316,19.538787841796875,1.0993142127990723,-1.7767133712768555,14.884995460510254,0.7618177533149719
base,published,22,kp-capital-t2,KP,3.023000717163086,0.8376548886299133,19.9420166015625,1.3067617416381836,-1.7162389755249023,15.146867752075195,0.7595454454421997
base,published,22,kr-capital-t0,KR,2.9037938117980957,0.841154932975769,20.756755828857422,1.336254596710205,-1.5675392150878906,16.11140251159668,0.7762004137039185
base,published,22,kr-capital-t1,KR,2.966378688812256,0.841370165348053,21.11834716796875,1.2239513397216797,-1.7424273490905762,16.157440185546875,0.7650901675224304
base,published,22,kr-capital-t2,KR,3.052560329437256,0.839920163154602,20.721561431884766,1.3006072044372559,-1.751953125,16.065582275390625,0.7753075361251831
base,published,22,kr-capital-t3,KR,2.9097490310668945,0.8504337072372437,21.1749324798584,1.052100658416748,-1.8576483726501465,16.724966049194336,0.7898474335670471
base,published,22,kr-region-t0,KR,2.585881233215332,0.8507431745529175,23.410276412963867,0.6809232234954834,-1.9049580097198486,17.928346633911133,0.7658323049545288
base,published,22,kr-region-t1,KR,2.169339179992676,0.8890215754508972,23.098308563232422,1.637521743774414,-0.5318174362182617,18.633846282958984,0.8067190647125244
base,published,22,kr-region-t2,KR,2.261895179748535,0.8692573308944702,22.60471534729004,1.528733730316162,-0.733161449432373,17.8077392578125,0.7877886891365051
base,published,22,lk-capital-t0,LK,2.757869243621826,0.8541644811630249,19.49286460876465,1.1704273223876953,-1.5874419212341309,15.425859451293945,0.7913593053817749
base,published,22,lk-capital-t1,LK,2.9063215255737305,0.8469769954681396,21.446590423583984,1.3142218589782715,-1.592099666595459,16.548263549804688,0.7716034650802612
base,published,22,lk-capital-t2,LK,3.0110082626342773,0.8488566279411316,21.332252502441406,1.3180742263793945,-1.6929340362548828,16.08297348022461,0.7539275884628296
base,published,22,lk-capital-t3,LK,2.8814659118652344,0.8442009687423706,21.88380241394043,0.9967281818389893,-1.8847377300262451,16.451810836791992,0.7517802715301514
base,published,22,sd-region-t0,SD,2.4309120178222656,0.8628459572792053,23.570539474487305,0.7461519241333008,-1.6847600936889648,18.458545684814453,0.7831193804740906
base,published,22,sd-region-t1,SD,2.1803112030029297,0.8762028217315674,23.135988235473633,1.6354146003723145,-0.5448966026306152,18.33043670654297,0.7922910451889038
base,published,22,sd-region-t2,SD,2.281742572784424,0.8742340803146362,22.909984588623047,1.4893040657043457,-0.7924385070800781,17.86833953857422,0.7799367904663086
base,published,22,sd-region-t3,SD,2.808173656463623,0.8471745252609253,23.70577621459961,1.2582602500915527,-1.5499134063720703,18.30978012084961,0.772376298904419
base,published,22,sl-region-t0,SL,2.4227137565612793,0.856665849685669,23.355863571166992,0.8341052532196045,-1.5886085033416748,17.85130500793457,0.7643179297447205
base,published,22,sl-region-t2,SL,2.261770725250244,0.8799451589584351,22.453227996826172,1.262265682220459,-0.9995050430297852,17.71959114074707,0.7891778945922852
base,published,22,tr-capital-t0,TR,3.164438247680664,0.8402770757675171,20.687183380126953,1.4297680854797363,-1.7346701622009277,15.928582191467285,0.7699734568595886
base,published,22,tr-capital-t1,TR,3.4354724884033203,0.8393542170524597,21.0216121673584,1.0679926872253418,-2.3674798011779785,16.31084442138672,0.775908350944519
base,published,22,tr-capital-t2,TR,3.2549962997436523,0.8529077172279358,20.39336585998535,1.3121309280395508,-1.9428653717041016,15.946621894836426,0.7819514274597168
base,published,22,tr-currency-t0,TR,1.7145519256591797,0.8404971957206726,20.40959358215332,0.9479148387908936,-0.7666370868682861,17.057750701904297,0.8357712030410767
base,published,22,tr-currency-t2,TR,2.138032913208008,0.8683533072471619,20.62824249267578,0.9541707038879395,-1.1838622093200684,16.43170738220215,0.7965636253356934
base,published,22,tr-currency-t3,TR,1.6078810691833496,0.8320967555046082,20.78683090209961,0.910226583480835,-0.6976544857025146,17.04559898376465,0.8200191259384155
base,published,22,ua-region-t1,UA,2.1829733848571777,0.8828221559524536,23.008609771728516,1.484318733215332,-0.6986546516418457,18.60920524597168,0.8087931275367737
base,published,22,ua-region-t2,UA,2.177107334136963,0.8706327676773071,22.527345657348633,1.508129596710205,-0.6689777374267578,17.78382682800293,0.7894328832626343
base,own_fresh,16,cu-capital-t0,CU,0.8864388465881348,0.990500271320343,10.781415939331055,0.7735474109649658,-0.11289143562316895,10.7232084274292,0.9946011304855347
base,own_fresh,16,cu-capital-t1,CU,0.9551804065704346,0.9924757480621338,10.657598495483398,0.7490005493164062,-0.20617985725402832,10.594335556030273,0.9940640330314636
base,own_fresh,16,cu-capital-t2,CU,1.204810619354248,0.9912562370300293,10.184566497802734,0.6414351463317871,-0.5633754730224609,10.124430656433105,0.9940953850746155
base,own_fresh,16,cu-capital-t3,CU,0.94022536277771,0.9912601709365845,10.946724891662598,0.6671772003173828,-0.27304816246032715,10.880327224731445,0.9939344525337219
base,own_fresh,16,fi-capital-t0,FI,0.8994295597076416,0.9938275218009949,10.815465927124023,0.6013424396514893,-0.29808712005615234,10.764558792114258,0.995293140411377
base,own_fresh,16,fi-capital-t1,FI,0.9024112224578857,0.9941178560256958,10.702396392822266,0.6705224514007568,-0.2318887710571289,10.642570495605469,0.9944100379943848
base,own_fresh,16,fi-capital-t2,FI,1.1912593841552734,0.9923291206359863,10.186086654663086,1.0059723854064941,-0.1852869987487793,10.128302574157715,0.9943271279335022
base,own_fresh,16,fi-currency-t0,FI,1.3086891174316406,0.993313193321228,10.839299201965332,0.6286172866821289,-0.6800718307495117,10.774792671203613,0.9940488338470459
base,own_fresh,16,fi-currency-t1,FI,0.8810453414916992,0.993923008441925,10.391551971435547,0.4984581470489502,-0.382587194442749,10.325616836547852,0.9936549067497253
base,own_fresh,16,fi-currency-t2,FI,0.972902774810791,0.9871383309364319,10.11058235168457,0.2510397434234619,-0.7218630313873291,10.007329940795898,0.9897876977920532
base,own_fresh,16,fi-currency-t3,FI,1.2491393089294434,0.9947241544723511,10.597997665405273,0.6505751609802246,-0.5985641479492188,10.541611671447754,0.9946795701980591
base,own_fresh,16,fi-region-t1,FI,1.5271334648132324,0.9935498833656311,11.177140235900879,0.8969566822052002,-0.6301767826080322,11.102945327758789,0.9933618903160095
base,own_fresh,16,fi-region-t2,FI,1.3890438079833984,0.995483934879303,11.180732727050781,0.8306372165679932,-0.5584065914154053,11.122309684753418,0.9947746396064758
base,own_fresh,16,gm-region-t1,GM,1.4513473510742188,0.9940800070762634,11.132366180419922,0.8774106502532959,-0.5739367008209229,11.062873840332031,0.9937576055526733
base,own_fresh,16,gm-region-t2,GM,1.2758994102478027,0.9903486371040344,11.111769676208496,0.5852580070495605,-0.6906414031982422,11.006428718566895,0.9905198812484741
base,own_fresh,16,ie-capital-t0,IE,0.978278398513794,0.995060920715332,11.28860855102539,0.5816855430603027,-0.3965928554534912,11.237115859985352,0.9954385161399841
base,own_fresh,16,ie-capital-t1,IE,0.9636209011077881,0.994897723197937,10.828163146972656,0.6807081699371338,-0.2829127311706543,10.768157958984375,0.9944584369659424
base,own_fresh,16,ie-capital-t2,IE,1.1709485054016113,0.9929661750793457,10.08623218536377,0.705477237701416,-0.4654712677001953,10.024188041687012,0.9938486218452454
base,own_fresh,16,ie-capital-t3,IE,1.2189760208129883,0.9941239356994629,10.879438400268555,0.9655258655548096,-0.2534501552581787,10.828286170959473,0.9952982664108276
base,own_fresh,16,ie-currency-t0,IE,1.2380657196044922,0.9926807880401611,11.031639099121094,0.8205094337463379,-0.4175562858581543,10.976945877075195,0.9950421452522278
base,own_fresh,16,ie-currency-t1,IE,0.9156348705291748,0.9933586120605469,10.365638732910156,0.5283067226409912,-0.3873281478881836,10.298015594482422,0.9934762120246887
base,own_fresh,16,ie-currency-t2,IE,1.0833840370178223,0.9925854206085205,10.116393089294434,0.7285110950469971,-0.3548729419708252,10.05579948425293,0.994010329246521
base,own_fresh,16,ie-currency-t3,IE,1.5131182670593262,0.9945175647735596,10.773651123046875,0.702958345413208,-0.8101599216461182,10.711756706237793,0.994255006313324
base,own_fresh,16,ie-region-t1,IE,1.5201826095581055,0.9918793439865112,11.19147777557373,0.8782498836517334,-0.6419327259063721,11.121316909790039,0.9937308430671692
base,own_fresh,16,ie-region-t2,IE,1.4245491027832031,0.9951262474060059,11.132030487060547,0.8851354122161865,-0.5394136905670166,11.058645248413086,0.9934077262878418
base,own_fresh,16,mg-region-t0,MG,1.3602290153503418,0.9888922572135925,10.513749122619629,1.2761473655700684,-0.08408164978027344,10.4261474609375,0.9916678667068481
base,own_fresh,16,mg-region-t1,MG,1.4640531539916992,0.9932793378829956,11.139866828918457,0.9306905269622803,-0.533362627029419,11.065235137939453,0.9933004975318909
base,own_fresh,16,mg-region-t2,MG,1.2695188522338867,0.9892866015434265,11.169937133789062,0.5572168827056885,-0.7123019695281982,11.053208351135254,0.9895497560501099
base,own_fresh,16,mg-region-t3,MG,1.4740309715270996,0.9684039950370789,11.1961030960083,0.6366677284240723,-0.8373632431030273,10.935538291931152,0.9767271876335144
base,own_fresh,16,ml-region-t0,ML,1.3752689361572266,0.9914559125900269,10.57091999053955,1.3128666877746582,-0.06240224838256836,10.48685073852539,0.992047131061554
base,own_fresh,16,ml-region-t1,ML,1.41340970993042,0.9852186441421509,11.120854377746582,0.5963106155395508,-0.8170990943908691,10.986605644226074,0.9879282116889954
base,own_fresh,16,ml-region-t2,ML,1.2912087440490723,0.9921358227729797,11.122759819030762,0.7380156517028809,-0.5531930923461914,11.059614181518555,0.9943228363990784
base,own_fresh,16,ml-region-t3,ML,1.5119686126708984,0.9697808623313904,11.243969917297363,0.6540982723236084,-0.85787034034729,10.995986938476562,0.9779452681541443
base,own_fresh,16,np-currency-t0,NP,1.1820340156555176,0.990204393863678,10.5040283203125,0.7152929306030273,-0.46674108505249023,10.43289566040039,0.9932280778884888
base,own_fresh,16,np-currency-t3,NP,1.2355523109436035,0.9941490292549133,10.466547012329102,0.6282172203063965,-0.607335090637207,10.397886276245117,0.9934399724006653
base,own_fresh,16,np-region-t0,NP,1.4095978736877441,0.9929604530334473,10.478229522705078,1.305638313293457,-0.10395956039428711,10.40793514251709,0.9932913780212402
base,own_fresh,16,nz-capital-t0,NZ,0.8934893608093262,0.9871537685394287,10.737080574035645,0.5567200183868408,-0.33676934242248535,10.617733001708984,0.9888845682144165
base,own_fresh,16,nz-capital-t2,NZ,1.1233115196228027,0.9915876388549805,10.168835639953613,0.8685824871063232,-0.2547290325164795,10.113673210144043,0.9945753216743469
base,own_fresh,16,nz-capital-t3,NZ,1.1428847312927246,0.9736597537994385,10.67735767364502,0.5962004661560059,-0.5466842651367188,10.500362396240234,0.9834232926368713
base,own_fresh,16,ph-capital-t1,PH,0.9722003936767578,0.9935996532440186,10.719524383544922,0.6577231884002686,-0.31447720527648926,10.655853271484375,0.9940602779388428
base,own_fresh,16,ph-capital-t2,PH,1.2609820365905762,0.9925668239593506,10.363903999328613,0.9314587116241455,-0.32952332496643066,10.30468463897705,0.9942860007286072
base,own_fresh,16,ph-currency-t0,PH,1.0857162475585938,0.9944647550582886,10.638384819030762,0.5711655616760254,-0.5145506858825684,10.57686996459961,0.9942176342010498
base,own_fresh,16,ph-currency-t2,PH,1.0835967063903809,0.9852365851402283,10.156415939331055,0.39943480491638184,-0.684161901473999,10.04947280883789,0.989470362663269
base,own_fresh,16,ph-currency-t3,PH,1.230412483215332,0.9926267266273499,10.340352058410645,0.7440288066864014,-0.48638367652893066,10.282779693603516,0.994432270526886
base,own_fresh,16,ph-region-t0,PH,1.3679771423339844,0.9926602840423584,10.623712539672852,1.2449393272399902,-0.12303781509399414,10.553045272827148,0.9933481812477112
base,own_fresh,16,ph-region-t2,PH,1.3376312255859375,0.9891438484191895,11.244965553283691,0.6528990268707275,-0.68473219871521,11.124764442443848,0.9893106818199158
base,own_fresh,16,rs-region-t1,RS,1.3277463912963867,0.9878436326980591,11.240368843078613,0.612135648727417,-0.7156107425689697,11.095443725585938,0.9871067404747009
base,own_fresh,16,sa-capital-t0,SA,0.9952559471130371,0.9933487176895142,10.76402473449707,0.6550126075744629,-0.3402433395385742,10.711017608642578,0.995075523853302
base,own_fresh,16,sa-capital-t2,SA,1.2393083572387695,0.9921130537986755,10.30350399017334,0.9179360866546631,-0.32137227058410645,10.241934776306152,0.9940244555473328
base,own_fresh,16,sa-capital-t3,SA,1.219916820526123,0.983360767364502,10.582168579101562,0.5969257354736328,-0.6229910850524902,10.420388221740723,0.9847120046615601
base,own_fresh,16,sa-currency-t0,SA,1.2525568008422852,0.9946618676185608,10.618968963623047,0.4555938243865967,-0.7969629764556885,10.55086898803711,0.9935869574546814
base,own_fresh,16,sa-currency-t1,SA,0.9536118507385254,0.9923115372657776,10.495481491088867,0.5478644371032715,-0.4057474136352539,10.429580688476562,0.9937210083007812
base,own_fresh,16,sa-currency-t2,SA,1.013038158416748,0.9861893057823181,10.174800872802734,0.2668178081512451,-0.7462203502655029,10.060298919677734,0.9887465238571167
base,own_fresh,16,sa-currency-t3,SA,1.4293971061706543,0.9914388060569763,10.408489227294922,0.6873574256896973,-0.742039680480957,10.34364128112793,0.9937697052955627
base,own_fresh,16,sk-region-t2,SK,1.2217226028442383,0.9909095764160156,11.09726619720459,0.57008957862854,-0.6516330242156982,10.973724365234375,0.9888673424720764
base,own_fresh,16,sy-capital-t0,SY,0.942572832107544,0.9942421913146973,10.940984725952148,0.6909921169281006,-0.25158071517944336,10.893428802490234,0.9956533908843994
base,own_fresh,16,sy-capital-t1,SY,0.9767622947692871,0.9940828084945679,10.69234561920166,0.6928439140319824,-0.2839183807373047,10.629207611083984,0.9940950274467468
base,own_fresh,16,sy-capital-t2,SY,1.2702598571777344,0.9919482469558716,10.084498405456543,0.9498567581176758,-0.3204030990600586,10.026429176330566,0.9942417144775391
base,own_fresh,16,sy-capital-t3,SY,1.333733081817627,0.9826173782348633,10.68160343170166,0.4892551898956299,-0.8444778919219971,10.541618347167969,0.9868947267532349
base,own_fresh,16,td-region-t0,TD,1.3780922889709473,0.9930975437164307,10.567094802856445,1.3216547966003418,-0.05643749237060547,10.501423835754395,0.9937853217124939
base,own_fresh,16,td-region-t1,TD,1.4361166954040527,0.9876450300216675,11.146350860595703,0.6475152969360352,-0.7886013984680176,11.010526657104492,0.9878144860267639
base,own_fresh,16,td-region-t2,TD,1.2411165237426758,0.9864550828933716,11.133794784545898,0.6902506351470947,-0.550865888595581,11.000788688659668,0.9880538582801819
base,own_fresh,16,xk-region-t1,XK,1.4542622566223145,0.9936821460723877,11.174948692321777,0.827953577041626,-0.6263086795806885,11.106215476989746,0.9938493371009827
base,own_fresh,16,xk-region-t2,XK,1.3569011688232422,0.9937925934791565,11.064969062805176,0.7797648906707764,-0.5771362781524658,10.999566078186035,0.9940891861915588
base,own_fresh,16,af-capital-t0,AF,1.0933027267456055,0.994602620601654,10.367138862609863,0.5781576633453369,-0.5151450634002686,10.31788444519043,0.9952489733695984
base,own_fresh,16,al-region-t1,AL,1.3911237716674805,0.9850303530693054,11.176734924316406,0.5163602828979492,-0.8747634887695312,11.022454261779785,0.9861962795257568
base,own_fresh,16,al-region-t2,AL,1.2599291801452637,0.9835480451583862,11.182324409484863,0.7833712100982666,-0.47655797004699707,11.02998161315918,0.9863764643669128
base,own_fresh,16,at-capital-t0,AT,0.9108595848083496,0.9954432249069214,11.237128257751465,0.6122546195983887,-0.29860496520996094,11.185968399047852,0.9954472184181213
base,own_fresh,16,at-capital-t2,AT,1.1505341529846191,0.9921935200691223,10.225638389587402,0.8336997032165527,-0.3168344497680664,10.167327880859375,0.9942976236343384
base,own_fresh,16,at-capital-t3,AT,1.1928343772888184,0.9934710264205933,11.047688484191895,0.923417329788208,-0.26941704750061035,10.993457794189453,0.9950911998748779
base,own_fresh,16,at-currency-t0,AT,1.100311279296875,0.9926178455352783,11.019586563110352,0.6380434036254883,-0.4622678756713867,10.958809852600098,0.9944846630096436
base,own_fresh,16,at-currency-t1,AT,0.8897466659545898,0.9918319582939148,10.362810134887695,0.5281581878662109,-0.3615884780883789,10.293190002441406,0.9932817220687866
base,own_fresh,16,at-currency-t2,AT,1.0104212760925293,0.9859089255332947,10.11085319519043,0.3550446033477783,-0.655376672744751,10.010252952575684,0.9900502562522888
base,own_fresh,16,at-currency-t3,AT,1.4026226997375488,0.9943276643753052,10.717793464660645,0.7322940826416016,-0.6703286170959473,10.659345626831055,0.99454665184021
base,own_fresh,16,at-region-t1,AT,1.5554938316345215,0.9915034770965576,11.205114364624023,0.8875889778137207,-0.6679048538208008,11.133844375610352,0.9936395287513733
base,own_fresh,16,at-region-t2,AT,1.3456878662109375,0.9914906620979309,11.106130599975586,0.7792248725891113,-0.5664629936218262,11.039976119995117,0.9940434098243713
base,own_fresh,16,bi-region-t0,BI,1.3603153228759766,0.993139922618866,10.538117408752441,1.2641687393188477,-0.0961465835571289,10.472901344299316,0.9938114285469055
base,own_fresh,16,bi-region-t1,BI,1.4795770645141602,0.9838235378265381,11.135087013244629,0.5589694976806641,-0.9206075668334961,10.982412338256836,0.986288845539093
base,own_fresh,16,bi-region-t2,BI,1.2294225692749023,0.9896159172058105,11.270819664001465,0.603679895401001,-0.6257426738739014,11.14919662475586,0.9892090559005737
base,own_fresh,16,bi-region-t3,BI,1.5743608474731445,0.9719288945198059,11.10161304473877,0.5179314613342285,-1.056429386138916,10.836716651916504,0.9761389493942261
base,own_fresh,16,ci-region-t0,CI,1.4156537055969238,0.9923041462898254,10.553529739379883,1.2857227325439453,-0.12993097305297852,10.482659339904785,0.9932847023010254
base,own_fresh,16,ci-region-t1,CI,1.5166964530944824,0.9926671385765076,11.140946388244629,0.8914737701416016,-0.6252226829528809,11.07017707824707,0.9936478137969971
base,own_fresh,16,ci-region-t2,CI,1.2821178436279297,0.9896678328514099,11.23993968963623,0.6374382972717285,-0.6446795463562012,11.120749473571777,0.9893958568572998
base,own_fresh,16,ci-region-t3,CI,1.5303997993469238,0.9739502668380737,11.173860549926758,0.4357001781463623,-1.0946996212005615,10.910638809204102,0.9764430522918701
base,own_fresh,16,cz-capital-t0,CZ,0.9292097091674805,0.9949154853820801,10.819687843322754,0.6003007888793945,-0.32890892028808594,10.770285606384277,0.995434045791626
base,own_fresh,16,cz-capital-t1,CZ,0.9184982776641846,0.9931467771530151,10.617358207702637,0.7034461498260498,-0.21505212783813477,10.556504249572754,0.9942684173583984
base,own_fresh,16,cz-capital-t2,CZ,1.1592082977294922,0.9913784265518188,10.1865873336792,0.8671185970306396,-0.29208970069885254,10.132196426391602,0.9946605563163757
base,own_fresh,16,cz-region-t2,CZ,1.330770492553711,0.9851952791213989,11.041461944580078,0.6263570785522461,-0.7044134140014648,10.935765266418457,0.9904273152351379
base,own_fresh,16,gn-region-t1,GN,1.4345273971557617,0.984936535358429,11.069005966186523,0.58882737159729,-0.8457000255584717,10.929444313049316,0.9873916506767273
base,own_fresh,16,gn-region-t2,GN,1.2718892097473145,0.9847855567932129,11.115727424621582,0.805063009262085,-0.4668262004852295,10.979711532592773,0.9877636432647705
base,own_fresh,16,gq-region-t1,GQ,1.404710292816162,0.9844741225242615,11.187881469726562,0.6010620594024658,-0.8036482334136963,11.050376892089844,0.9877095222473145
base,own_fresh,16,iq-capital-t0,IQ,0.9090237617492676,0.9945634603500366,10.777331352233887,0.5356605052947998,-0.3733632564544678,10.722695350646973,0.9949304461479187
base,own_fresh,16,iq-capital-t1,IQ,0.9525890350341797,0.9945194125175476,10.519680976867676,0.6928625106811523,-0.25972652435302734,10.457921981811523,0.9941291809082031
base,own_fresh,16,iq-capital-t2,IQ,1.2149333953857422,0.9905729293823242,10.158493995666504,0.8232262134552002,-0.391707181930542,10.106135368347168,0.9948458075523376
base,own_fresh,16,ke-capital-t0,KE,0.9636316299438477,0.9945070743560791,10.935283660888672,0.6399581432342529,-0.3236734867095947,10.877324104309082,0.9946997761726379
base,own_fresh,16,ke-capital-t1,KE,0.9861030578613281,0.9933502078056335,10.772138595581055,0.6734566688537598,-0.31264638900756836,10.703993797302246,0.9936739802360535
base,own_fresh,16,ke-capital-t2,KE,1.2027454376220703,0.991898775100708,10.156098365783691,0.8708984851837158,-0.3318469524383545,10.09787368774414,0.9942670464515686
base,own_fresh,16,ke-capital-t3,KE,1.2555551528930664,0.9861637353897095,10.62241268157959,0.8316240310668945,-0.4239311218261719,10.487885475158691,0.9873355031013489
base,own_fresh,16,ke-region-t0,KE,1.407130241394043,0.9929249286651611,10.595782279968262,1.2723493576049805,-0.1347808837890625,10.523473739624023,0.993175745010376
base,own_fresh,16,ke-region-t1,KE,1.5472254753112793,0.983288049697876,11.062365531921387,0.5936477184295654,-0.9535777568817139,10.91884994506836,0.9870266914367676
base,own_fresh,16,ke-region-t2,KE,1.2876715660095215,0.989888072013855,11.165157318115234,0.6512751579284668,-0.6363964080810547,11.049324035644531,0.9896254539489746
base,own_fresh,16,ke-region-t3,KE,1.6011595726013184,0.9736230373382568,11.259620666503906,0.48836255073547363,-1.1127970218658447,10.977102279663086,0.974908709526062
base,own_fresh,16,kp-capital-t0,KP,0.9260702133178711,0.9941684007644653,10.702455520629883,0.6628437042236328,-0.2632265090942383,10.653958320617676,0.9954686164855957
base,own_fresh,16,kp-capital-t2,KP,1.115300178527832,0.9921039342880249,10.157988548278809,0.7961521148681641,-0.31914806365966797,10.105510711669922,0.9948338270187378
base,own_fresh,16,kr-capital-t0,KR,0.9381341934204102,0.990523099899292,11.224760055541992,0.42027878761291504,-0.5178554058074951,11.10737133026123,0.9895420074462891
base,own_fresh,16,kr-capital-t1,KR,0.881105899810791,0.9938799142837524,10.730817794799805,0.65641188621521,-0.22469401359558105,10.668787002563477,0.9942193627357483
base,own_fresh,16,kr-capital-t2,KR,1.1921253204345703,0.9926740527153015,10.243685722351074,0.8813931941986084,-0.3107321262359619,10.181933403015137,0.9939716458320618
base,own_fresh,16,kr-capital-t3,KR,1.14424467086792,0.9792757630348206,10.890037536621094,0.7611038684844971,-0.38314080238342285,10.7313232421875,0.9854257106781006
base,own_fresh,16,kr-region-t0,KR,1.3932743072509766,0.9926378726959229,10.51817798614502,1.2912893295288086,-0.10198497772216797,10.447922706604004,0.9933205842971802
base,own_fresh,16,kr-region-t1,KR,1.5544157028198242,0.9930773377418518,11.260371208190918,0.9005331993103027,-0.6538825035095215,11.184128761291504,0.9932291507720947
base,own_fresh,16,kr-region-t2,KR,1.4084382057189941,0.9861951470375061,11.33359432220459,0.6312990188598633,-0.7771391868591309,11.208823204040527,0.9889910221099854
base,own_fresh,16,lk-capital-t0,LK,1.142505168914795,0.9936891198158264,10.388298988342285,0.609398365020752,-0.533106803894043,10.334586143493652,0.9948294758796692
base,own_fresh,16,lk-capital-t1,LK,0.9906187057495117,0.9945523738861084,10.419600486755371,0.7525186538696289,-0.2381000518798828,10.360031127929688,0.9942829608917236
base,own_fresh,16,lk-capital-t2,LK,1.2048492431640625,0.9923011064529419,10.173429489135742,0.84407639503479,-0.36077284812927246,10.112998008728027,0.9940598607063293
base,own_fresh,16,lk-capital-t3,LK,1.2889823913574219,0.9928884506225586,10.449271202087402,0.9433591365814209,-0.345623254776001,10.392504692077637,0.9945673942565918
base,own_fresh,16,sd-region-t0,SD,1.3556079864501953,0.9922884106636047,10.615617752075195,1.2212862968444824,-0.1343216896057129,10.54725170135498,0.9935598373413086
base,own_fresh,16,sd-region-t1,SD,1.458815097808838,0.9940254092216492,11.099289894104004,0.8819589614868164,-0.5768561363220215,11.028030395507812,0.9935798048973083
base,own_fresh,16,sd-region-t2,SD,1.2629308700561523,0.9946399927139282,11.149024963378906,0.8057706356048584,-0.45716023445129395,11.084298133850098,0.9941943883895874
base,own_fresh,16,sd-region-t3,SD,1.4899230003356934,0.9666697978973389,11.070563316345215,0.5483157634735107,-0.9416072368621826,10.819725036621094,0.977341890335083
base,own_fresh,16,sl-region-t0,SL,1.3177509307861328,0.9889753460884094,10.647923469543457,1.2954983711242676,-0.022252559661865234,10.563971519470215,0.9921156764030457
base,own_fresh,16,sl-region-t2,SL,1.3510856628417969,0.9902245998382568,11.089273452758789,0.6425037384033203,-0.7085819244384766,10.979097366333008,0.9900646209716797
base,own_fresh,16,tr-capital-t0,TR,0.8830513954162598,0.9941791296005249,10.954975128173828,0.6246623992919922,-0.2583889961242676,10.905914306640625,0.995521605014801
base,own_fresh,16,tr-capital-t1,TR,0.9632604122161865,0.9938799142837524,10.716593742370605,0.705294132232666,-0.2579662799835205,10.652037620544434,0.9939760565757751
base,own_fresh,16,tr-capital-t2,TR,1.2461881637573242,0.9924700856208801,10.350045204162598,0.7913980484008789,-0.4547901153564453,10.288883209228516,0.9940906763076782
base,own_fresh,16,tr-currency-t0,TR,1.1230812072753906,0.993736982345581,10.773468971252441,0.6447279453277588,-0.47835326194763184,10.712458610534668,0.9943369626998901
base,own_fresh,16,tr-currency-t2,TR,1.1022906303405762,0.9863075017929077,10.251646041870117,0.28950977325439453,-0.8127808570861816,10.14109992980957,0.9892167448997498
base,own_fresh,16,tr-currency-t3,TR,1.307405948638916,0.9860065579414368,10.532188415527344,0.6885702610015869,-0.6188356876373291,10.44314193725586,0.9915453195571899
base,own_fresh,16,ua-region-t1,UA,1.4568262100219727,0.9850709438323975,11.234990119934082,0.6383633613586426,-0.8184628486633301,11.097689628601074,0.9877792000770569
base,own_fresh,16,ua-region-t2,UA,1.336817741394043,0.9850316047668457,11.134217262268066,0.6598949432373047,-0.6769227981567383,11.026288986206055,0.9903066158294678
base,own_fresh,18,cu-capital-t0,CU,1.0051546096801758,0.9549998044967651,12.938618659973145,1.5444927215576172,0.5393381118774414,12.16931438446045,0.9405419826507568
base,own_fresh,18,cu-capital-t1,CU,1.3408360481262207,0.9610444903373718,13.78952693939209,0.9580614566802979,-0.38277459144592285,12.852327346801758,0.9320353865623474
base,own_fresh,18,cu-capital-t2,CU,1.1638116836547852,0.9561629295349121,13.1037015914917,1.2612199783325195,0.09740829467773438,12.263826370239258,0.9359055161476135
base,own_fresh,18,cu-capital-t3,CU,1.0103759765625,0.9592254161834717,12.940380096435547,0.8109745979309082,-0.1994013786315918,12.218409538269043,0.9442079067230225
base,own_fresh,18,fi-capital-t0,FI,1.2360787391662598,0.9641181826591492,13.036168098449707,0.6801390647888184,-0.5559396743774414,12.330265998840332,0.9458504915237427
base,own_fresh,18,fi-capital-t1,FI,1.45062255859375,0.9605031609535217,13.62456226348877,0.582617998123169,-0.868004560470581,12.712631225585938,0.9330671429634094
base,own_fresh,18,fi-capital-t2,FI,1.2341790199279785,0.964444637298584,13.082242012023926,0.7361667156219482,-0.4980123043060303,12.192808151245117,0.932012140750885
base,own_fresh,18,fi-currency-t0,FI,1.3337678909301758,0.9654845595359802,12.759159088134766,0.4985084533691406,-0.8352594375610352,12.054427146911621,0.9447665810585022
base,own_fresh,18,fi-currency-t1,FI,1.2217555046081543,0.9604825377464294,13.362441062927246,0.5314350128173828,-0.6903204917907715,12.55044174194336,0.9392327070236206
base,own_fresh,18,fi-currency-t2,FI,1.0661144256591797,0.9715026617050171,12.67225170135498,0.596693754196167,-0.4694206714630127,11.932860374450684,0.9416527152061462
base,own_fresh,18,fi-currency-t3,FI,1.6174283027648926,0.9682324528694153,12.761695861816406,0.4414217472076416,-1.176006555557251,12.175740242004395,0.9540848135948181
base,own_fresh,18,fi-region-t1,FI,1.8497824668884277,0.9594546556472778,14.599321365356445,0.6326382160186768,-1.217144250869751,13.727447509765625,0.9402798414230347
base,own_fresh,18,fi-region-t2,FI,1.615304946899414,0.9715250730514526,14.129659652709961,0.673569917678833,-0.941735029220581,13.209327697753906,0.9348652362823486
base,own_fresh,18,gm-region-t1,GM,1.6783409118652344,0.9629184007644653,14.452949523925781,0.6035909652709961,-1.0747499465942383,13.577808380126953,0.9394489526748657
base,own_fresh,18,gm-region-t2,GM,1.450845718383789,0.9712172746658325,14.025553703308105,0.8254184722900391,-0.62542724609375,13.043754577636719,0.9299992322921753
base,own_fresh,18,ie-capital-t0,IE,1.1746878623962402,0.9640949964523315,13.557873725891113,0.8466856479644775,-0.3280022144317627,12.891488075256348,0.9508488178253174
base,own_fresh,18,ie-capital-t1,IE,1.3867707252502441,0.9645445942878723,13.64675235748291,0.5377001762390137,-0.8490705490112305,12.803359031677246,0.9381982684135437
base,own_fresh,18,ie-capital-t2,IE,1.4124627113342285,0.9701394438743591,12.672829627990723,0.685434103012085,-0.7270286083221436,11.882116317749023,0.937605619430542
base,own_fresh,18,ie-capital-t3,IE,1.2939491271972656,0.9673678278923035,12.927536010742188,0.8214781284332275,-0.4724709987640381,12.256302833557129,0.9480772614479065
base,own_fresh,18,ie-currency-t0,IE,1.2828869819641113,0.9626679420471191,12.909184455871582,0.5746958255767822,-0.7081911563873291,12.201086044311523,0.945147693157196
base,own_fresh,18,ie-currency-t1,IE,1.1325292587280273,0.9583408832550049,13.315159797668457,0.6579573154449463,-0.47457194328308105,12.483125686645508,0.9375122785568237
base,own_fresh,18,ie-currency-t2,IE,1.228989601135254,0.9606258869171143,12.762283325195312,0.8312227725982666,-0.3977668285369873,12.0332670211792,0.9428772926330566
base,own_fresh,18,ie-currency-t3,IE,1.6296753883361816,0.9720966815948486,12.980127334594727,0.5847339630126953,-1.0449414253234863,12.378089904785156,0.9536185264587402
base,own_fresh,18,ie-region-t1,IE,1.8764305114746094,0.9639121294021606,14.626951217651367,0.5202319622039795,-1.3561985492706299,13.745096206665039,0.939710259437561
base,own_fresh,18,ie-region-t2,IE,1.7787504196166992,0.9645955562591553,14.115270614624023,0.5783660411834717,-1.2003843784332275,13.234770774841309,0.9376207590103149
base,own_fresh,18,mg-region-t0,MG,1.5104365348815918,0.9557958841323853,13.831794738769531,0.594886064529419,-0.9155504703521729,12.848597526550293,0.9289175868034363
base,own_fresh,18,mg-region-t1,MG,1.8325958251953125,0.9627199172973633,14.486189842224121,0.6541750431060791,-1.1784207820892334,13.603713989257812,0.9390815496444702
base,own_fresh,18,mg-region-t2,MG,1.5037012100219727,0.9713054895401001,14.136909484863281,0.7382676601409912,-0.7654335498809814,13.210281372070312,0.9344532489776611
base,own_fresh,18,mg-region-t3,MG,1.6863183975219727,0.9464120864868164,13.968334197998047,0.6912689208984375,-0.9950494766235352,12.724387168884277,0.9109452366828918
base,own_fresh,18,ml-region-t0,ML,1.4823942184448242,0.9630622267723083,13.818380355834961,0.606759786605835,-0.8756344318389893,12.901581764221191,0.933653712272644
base,own_fresh,18,ml-region-t1,ML,1.897965908050537,0.9676430225372314,14.500186920166016,0.8093247413635254,-1.0886411666870117,13.462831497192383,0.9284591674804688
base,own_fresh,18,ml-region-t2,ML,1.5659704208374023,0.969438374042511,14.044488906860352,0.7162017822265625,-0.8497686386108398,13.080039978027344,0.9313290119171143
base,own_fresh,18,ml-region-t3,ML,1.6602754592895508,0.9518777132034302,13.922856330871582,0.6314034461975098,-1.028872013092041,12.665903091430664,0.9097201824188232
base,own_fresh,18,np-currency-t0,NP,1.2264976501464844,0.968218982219696,12.753985404968262,0.46970558166503906,-0.7567920684814453,11.893760681152344,0.9325524568557739
base,own_fresh,18,np-currency-t3,NP,1.4824528694152832,0.9710890054702759,12.645686149597168,0.36601829528808594,-1.1164345741271973,11.985865592956543,0.9478224515914917
base,own_fresh,18,np-region-t0,NP,1.5880675315856934,0.9575615525245667,13.849686622619629,0.6474752426147461,-0.9405922889709473,12.95106315612793,0.9351159930229187
base,own_fresh,18,nz-capital-t0,NZ,1.2390155792236328,0.9673349261283875,13.22673225402832,0.6758019924163818,-0.563213586807251,12.407784461975098,0.9380838871002197
base,own_fresh,18,nz-capital-t2,NZ,1.2892231941223145,0.9699691534042358,13.101780891418457,0.7959840297698975,-0.493239164352417,12.203935623168945,0.9314715266227722
base,own_fresh,18,nz-capital-t3,NZ,1.319617748260498,0.9382871389389038,12.999095916748047,1.0192384719848633,-0.30037927627563477,11.886421203613281,0.9144036769866943
base,own_fresh,18,ph-capital-t1,PH,1.4220480918884277,0.9626430869102478,13.756978988647461,0.5143723487854004,-0.9076757431030273,12.861164093017578,0.9348828792572021
base,own_fresh,18,ph-capital-t2,PH,1.2877554893493652,0.9688258171081543,13.38486099243164,0.6731369495391846,-0.6146185398101807,12.51237678527832,0.9348155856132507
base,own_fresh,18,ph-currency-t0,PH,1.1519784927368164,0.9694122076034546,12.471735000610352,0.43900179862976074,-0.7129766941070557,11.836051940917969,0.9490301012992859
base,own_fresh,18,ph-currency-t2,PH,1.1317138671875,0.9571436643600464,12.940500259399414,0.9646053314208984,-0.16710853576660156,12.0938138961792,0.9345707893371582
base,own_fresh,18,ph-currency-t3,PH,1.560631275177002,0.9625349640846252,12.431076049804688,0.4520602226257324,-1.1085710525512695,11.81787395477295,0.9506718516349792
base,own_fresh,18,ph-region-t0,PH,1.5168743133544922,0.9575493335723877,14.073612213134766,0.5982980728149414,-0.9185762405395508,13.132115364074707,0.9331019520759583
base,own_fresh,18,ph-region-t2,PH,1.5909018516540527,0.9717320203781128,14.361985206604004,0.7977921962738037,-0.793109655380249,13.36620807647705,0.9306657910346985
base,own_fresh,18,rs-region-t1,RS,1.4632296562194824,0.9716235995292664,14.59416675567627,0.739391565322876,-0.7238380908966064,13.595662117004395,0.9315819144248962
base,own_fresh,18,sa-capital-t0,SA,1.2804303169250488,0.9618939757347107,13.273911476135254,0.8934769630432129,-0.38695335388183594,12.544020652770996,0.9450131058692932
base,own_fresh,18,sa-capital-t2,SA,1.382005214691162,0.9599814414978027,13.279186248779297,1.082944393157959,-0.2990608215332031,12.375984191894531,0.9319836497306824
base,own_fresh,18,sa-capital-t3,SA,1.3789777755737305,0.9523203372955322,12.818758010864258,1.0660367012023926,-0.3129410743713379,11.807489395141602,0.9211102724075317
base,own_fresh,18,sa-currency-t0,SA,1.3055834770202637,0.9724012613296509,12.72542667388916,0.3323683738708496,-0.9732151031494141,11.992137908935547,0.9423760771751404
base,own_fresh,18,sa-currency-t1,SA,1.1809101104736328,0.9570888876914978,13.476370811462402,0.6597592830657959,-0.5211508274078369,12.636780738830566,0.9376990795135498
base,own_fresh,18,sa-currency-t2,SA,1.102198600769043,0.9634085893630981,12.9755859375,0.6669201850891113,-0.43527841567993164,12.170373916625977,0.9379440546035767
base,own_fresh,18,sa-currency-t3,SA,1.9193382263183594,0.9643322229385376,12.520426750183105,0.4973297119140625,-1.4220085144042969,11.858439445495605,0.9471274018287659
base,own_fresh,18,sk-region-t2,SK,1.454028606414795,0.9735473394393921,14.036979675292969,0.7184293270111084,-0.7355992794036865,13.051762580871582,0.9298127293586731
base,own_fresh,18,sy-capital-t0,SY,1.182966709136963,0.9652262330055237,13.030284881591797,0.9310376644134521,-0.25192904472351074,12.311975479125977,0.9448738694190979
base,own_fresh,18,sy-capital-t1,SY,1.4063067436218262,0.9622477293014526,13.609859466552734,0.5187978744506836,-0.8875088691711426,12.705425262451172,0.9335456490516663
base,own_fresh,18,sy-capital-t2,SY,1.478771686553955,0.9736462235450745,12.746420860290527,1.006265640258789,-0.472506046295166,11.950238227844238,0.9375367760658264
base,own_fresh,18,sy-capital-t3,SY,1.3523263931274414,0.9564343690872192,12.531944274902344,0.7701277732849121,-0.5821986198425293,11.688003540039062,0.9326568245887756
base,own_fresh,18,td-region-t0,TD,1.4490656852722168,0.9568305611610413,13.780281066894531,0.63918137550354,-0.8098843097686768,12.877885818481445,0.9345154762268066
base,own_fresh,18,td-region-t1,TD,1.8252935409545898,0.966999351978302,14.517634391784668,0.7891175746917725,-1.0361759662628174,13.513193130493164,0.9308123588562012
base,own_fresh,18,td-region-t2,TD,1.44384765625,0.9699262976646423,14.136675834655762,1.0034914016723633,-0.4403562545776367,13.076847076416016,0.9250298738479614
base,own_fresh,18,xk-region-t1,XK,1.8522319793701172,0.9693174362182617,14.577171325683594,0.7041676044464111,-1.148064374923706,13.689157485961914,0.9390819072723389
base,own_fresh,18,xk-region-t2,XK,1.5784239768981934,0.9709205627441406,14.031148910522461,0.7747855186462402,-0.8036384582519531,13.13013744354248,0.9357849359512329
base,own_fresh,18,af-capital-t0,AF,1.341585636138916,0.9627324938774109,12.683414459228516,1.1915225982666016,-0.15006303787231445,12.018316268920898,0.9475615620613098
base,own_fresh,18,al-region-t1,AL,1.834432601928711,0.9690630435943604,14.572681427001953,0.639460563659668,-1.194972038269043,13.545973777770996,0.9295457005500793
base,own_fresh,18,al-region-t2,AL,1.5187978744506836,0.967591404914856,14.126606941223145,0.970125675201416,-0.5486721992492676,12.997325897216797,0.9200599789619446
base,own_fresh,18,at-capital-t0,AT,1.1208457946777344,0.9664809107780457,13.450811386108398,0.7003376483917236,-0.42050814628601074,12.777159690856934,0.9499173760414124
base,own_fresh,18,at-capital-t2,AT,1.2567248344421387,0.9660047292709351,12.996378898620605,0.6762902736663818,-0.5804345607757568,12.15431022644043,0.9352074265480042
base,own_fresh,18,at-capital-t3,AT,1.2543668746948242,0.9666663408279419,12.770658493041992,0.6663370132446289,-0.5880298614501953,12.08232593536377,0.9461004734039307
base,own_fresh,18,at-currency-t0,AT,1.2197041511535645,0.9659422636032104,12.985942840576172,0.5281205177307129,-0.6915836334228516,12.27149772644043,0.944983184337616
base,own_fresh,18,at-currency-t1,AT,1.1598095893859863,0.9578278660774231,13.346768379211426,0.6541204452514648,-0.5056891441345215,12.471094131469727,0.9343905448913574
base,own_fresh,18,at-currency-t2,AT,1.0988659858703613,0.9656755328178406,12.682446479797363,0.6429448127746582,-0.4559211730957031,11.876143455505371,0.9364237189292908
base,own_fresh,18,at-currency-t3,AT,1.6716070175170898,0.9694074392318726,12.658552169799805,0.49907803535461426,-1.1725289821624756,12.063206672668457,0.9529688954353333
base,own_fresh,18,at-region-t1,AT,1.8385124206542969,0.9656581282615662,14.666374206542969,0.7155702114105225,-1.1229422092437744,13.76803970336914,0.9387487173080444
base,own_fresh,18,at-region-t2,AT,1.588883876800537,0.9670953750610352,14.052544593811035,0.7088720798492432,-0.880011796951294,13.00736141204834,0.9256232380867004
base,own_fresh,18,bi-region-t0,BI,1.4917607307434082,0.9570090174674988,13.784116744995117,0.7402446269989014,-0.7515161037445068,12.872395515441895,0.9338571429252625
base,own_fresh,18,bi-region-t1,BI,1.7651548385620117,0.9613214731216431,14.455635070800781,1.019883155822754,-0.7452716827392578,13.376805305480957,0.9253696203231812
base,own_fresh,18,bi-region-t2,BI,1.4750185012817383,0.970778226852417,14.202020645141602,0.7689659595489502,-0.7060525417327881,13.216553688049316,0.9306107759475708
base,own_fresh,18,bi-region-t3,BI,1.7644457817077637,0.9459485411643982,13.902234077453613,0.6035614013671875,-1.1608843803405762,12.63869857788086,0.9091127514839172
base,own_fresh,18,ci-region-t0,CI,1.512059211730957,0.9537268280982971,13.801671028137207,0.682091474533081,-0.829967737197876,12.866068840026855,0.9322109222412109
base,own_fresh,18,ci-region-t1,CI,1.812098503112793,0.9680188298225403,14.575263023376465,0.7275750637054443,-1.0845234394073486,13.763948440551758,0.9443361759185791
base,own_fresh,18,ci-region-t2,CI,1.5612711906433105,0.9702361226081848,14.296448707580566,0.8111057281494141,-0.7501654624938965,13.315606117248535,0.9313925504684448
base,own_fresh,18,ci-region-t3,CI,1.6772966384887695,0.9508742690086365,13.97786808013916,0.4134500026702881,-1.2638466358184814,12.754610061645508,0.9124860763549805
base,own_fresh,18,cz-capital-t0,CZ,1.2468452453613281,0.9624217748641968,13.116304397583008,0.6770801544189453,-0.5697650909423828,12.421812057495117,0.9470512270927429
base,own_fresh,18,cz-capital-t1,CZ,1.396996021270752,0.9611200094223022,13.496919631958008,0.5900607109069824,-0.8069353103637695,12.52181339263916,0.9277534484863281
base,own_fresh,18,cz-capital-t2,CZ,1.256483554840088,0.9676574468612671,12.861260414123535,0.6620631217956543,-0.5944204330444336,12.021961212158203,0.9347420930862427
base,own_fresh,18,cz-region-t2,CZ,1.5485577583312988,0.9688307642936707,14.032286643981934,0.9769332408905029,-0.5716245174407959,12.92954158782959,0.9214137196540833
base,own_fresh,18,gn-region-t1,GN,1.7273602485656738,0.9696671962738037,14.446765899658203,0.7223978042602539,-1.00496244430542,13.413949012756348,0.9285087585449219
base,own_fresh,18,gn-region-t2,GN,1.4293317794799805,0.969501793384552,14.04275131225586,0.8795263767242432,-0.5498054027557373,13.046887397766113,0.9290834069252014
base,own_fresh,18,gq-region-t1,GQ,1.5933103561401367,0.9682450890541077,14.570127487182617,0.7911319732666016,-0.8021783828735352,13.515904426574707,0.9276449084281921
base,own_fresh,18,iq-capital-t0,IQ,1.1303071975708008,0.9652133584022522,12.744637489318848,0.7202599048614502,-0.4100472927093506,12.084280014038086,0.9481854438781738
base,own_fresh,18,iq-capital-t1,IQ,1.4497294425964355,0.9587303996086121,13.50101089477539,0.7581217288970947,-0.6916077136993408,12.65092658996582,0.9370355010032654
base,own_fresh,18,iq-capital-t2,IQ,1.3072843551635742,0.9598172903060913,12.831862449645996,1.1260342597961426,-0.18125009536743164,11.998318672180176,0.935041069984436
base,own_fresh,18,ke-capital-t0,KE,1.2980360984802246,0.9639660120010376,13.632040023803711,0.7662031650543213,-0.5318329334259033,12.949423789978027,0.9499256014823914
base,own_fresh,18,ke-capital-t1,KE,1.483316421508789,0.9601412415504456,13.852630615234375,0.5822927951812744,-0.9010236263275146,12.938740730285645,0.9340276718139648
base,own_fresh,18,ke-capital-t2,KE,1.3523898124694824,0.9662646055221558,12.863630294799805,0.811467170715332,-0.5409226417541504,12.020925521850586,0.934489369392395
base,own_fresh,18,ke-capital-t3,KE,1.3585238456726074,0.9584146738052368,12.974066734313965,0.8202219009399414,-0.538301944732666,12.096179962158203,0.9323352575302124
base,own_fresh,18,ke-region-t0,KE,1.5014772415161133,0.9581891298294067,13.928986549377441,0.6101148128509521,-0.8913624286651611,13.027111053466797,0.9352518916130066
base,own_fresh,18,ke-region-t1,KE,1.8848023414611816,0.9680066108703613,14.528177261352539,0.7780885696411133,-1.1067137718200684,13.52821159362793,0.9311705827713013
base,own_fresh,18,ke-region-t2,KE,1.5084171295166016,0.9714547395706177,14.204546928405762,0.7940890789031982,-0.7143280506134033,13.264970779418945,0.9338538646697998
base,own_fresh,18,ke-region-t3,KE,1.7870640754699707,0.9487015008926392,14.167126655578613,0.5012547969818115,-1.2858092784881592,13.006526947021484,0.9180779457092285
base,own_fresh,18,kp-capital-t0,KP,1.1971435546875,0.9645527005195618,12.751826286315918,1.2961335182189941,0.09898996353149414,12.015756607055664,0.9422773122787476
base,own_fresh,18,kp-capital-t2,KP,1.1868433952331543,0.9682590961456299,12.987284660339355,0.8776605129241943,-0.30918288230895996,12.095722198486328,0.9313511252403259
base,own_fresh,18,kr-capital-t0,KR,1.2038159370422363,0.9731015563011169,13.68543529510498,0.5556082725524902,-0.6482076644897461,12.92487621307373,0.944425642490387
base,own_fresh,18,kr-capital-t1,KR,1.3309731483459473,0.9624035358428955,13.86452865600586,0.4131357669830322,-0.917837381362915,12.920201301574707,0.931888997554779
base,own_fresh,18,kr-capital-t2,KR,1.3282814025878906,0.9744454622268677,13.216165542602539,0.9607486724853516,-0.36753273010253906,12.322001457214355,0.9323431253433228
base,own_fresh,18,kr-capital-t3,KR,1.3218250274658203,0.9411121606826782,13.20096492767334,1.2715468406677246,-0.0502781867980957,12.137547492980957,0.9194439649581909
base,own_fresh,18,kr-region-t0,KR,1.5279107093811035,0.9530771970748901,13.908612251281738,0.7960302829742432,-0.7318804264068604,12.949362754821777,0.9310320019721985
base,own_fresh,18,kr-region-t1,KR,1.8518943786621094,0.9647755026817322,14.749246597290039,0.6184301376342773,-1.233464241027832,13.859589576721191,0.9396811723709106
base,own_fresh,18,kr-region-t2,KR,1.6638965606689453,0.9686070680618286,14.452999114990234,0.8550498485565186,-0.8088467121124268,13.392663955688477,0.9266356229782104
base,own_fresh,18,lk-capital-t0,LK,1.544482707977295,0.9599922895431519,12.77558422088623,0.8540093898773193,-0.6904733180999756,11.913004875183105,0.9324821829795837
base,own_fresh,18,lk-capital-t1,LK,1.3623204231262207,0.9643175005912781,13.578816413879395,0.5376043319702148,-0.8247160911560059,12.722976684570312,0.936972439289093
base,own_fresh,18,lk-capital-t2,LK,1.3139171600341797,0.9601556062698364,13.522733688354492,0.9619100093841553,-0.3520071506500244,12.484087944030762,0.9231926202774048
base,own_fresh,18,lk-capital-t3,LK,1.3922100067138672,0.9636633396148682,12.807433128356934,0.7341985702514648,-0.6580114364624023,12.001452445983887,0.937069296836853
base,own_fresh,18,sd-region-t0,SD,1.4419817924499512,0.9556137323379517,13.725783348083496,0.7106037139892578,-0.7313780784606934,12.866628646850586,0.9374057650566101
base,own_fresh,18,sd-region-t1,SD,1.7391357421875,0.9618712663650513,14.506024360656738,0.7001264095306396,-1.0390093326568604,13.594289779663086,0.937147855758667
base,own_fresh,18,sd-region-t2,SD,1.462876319885254,0.9705215692520142,14.112676620483398,0.5822808742523193,-0.8805954456329346,13.209269523620605,0.9359861016273499
base,own_fresh,18,sd-region-t3,SD,1.6429133415222168,0.9398798942565918,13.863834381103516,0.6954474449157715,-0.9474658966064453,12.62275505065918,0.910480797290802
base,own_fresh,18,sl-region-t0,SL,1.457845687866211,0.9572039246559143,13.958015441894531,0.6834046840667725,-0.7744410037994385,12.991037368774414,0.9307223558425903
base,own_fresh,18,sl-region-t2,SL,1.4981231689453125,0.9725338220596313,13.982892990112305,0.7954165935516357,-0.7027065753936768,13.047734260559082,0.9331212043762207
base,own_fresh,18,tr-capital-t0,TR,1.1102790832519531,0.9633820056915283,13.006691932678223,0.9107186794281006,-0.19956040382385254,12.294743537902832,0.9452629089355469
base,own_fresh,18,tr-capital-t1,TR,1.4034299850463867,0.961516261100769,13.580059051513672,0.5178701877593994,-0.8855597972869873,12.683515548706055,0.9339808821678162
base,own_fresh,18,tr-capital-t2,TR,1.4200358390808105,0.9721420407295227,13.119741439819336,0.8218927383422852,-0.5981431007385254,12.28526496887207,0.9363953471183777
base,own_fresh,18,tr-currency-t0,TR,1.2689900398254395,0.9681934118270874,12.761312484741211,0.3775002956390381,-0.8914897441864014,12.069908142089844,0.9458202719688416
base,own_fresh,18,tr-currency-t2,TR,1.233644962310791,0.9691835641860962,12.757065773010254,0.5331904888153076,-0.7004544734954834,11.98771858215332,0.9396924376487732
base,own_fresh,18,tr-currency-t3,TR,1.4865736961364746,0.9537780284881592,13.087568283081055,0.8160760402679443,-0.6704976558685303,12.218429565429688,0.9335905313491821
base,own_fresh,18,ua-region-t1,UA,1.8154277801513672,0.9698482751846313,14.634952545166016,0.8295333385467529,-0.9858944416046143,13.634737968444824,0.931655764579773
base,own_fresh,18,ua-region-t2,UA,1.577784538269043,0.9656842350959778,14.146344184875488,0.8673157691955566,-0.7104687690734863,13.028388023376465,0.9209721088409424
base,own_fresh,19,cu-capital-t0,CU,1.3614420890808105,0.9196124076843262,15.016826629638672,1.1591076850891113,-0.20233440399169922,12.944534301757812,0.8620019555091858
base,own_fresh,19,cu-capital-t1,CU,1.6527223587036133,0.9256808757781982,15.822064399719238,1.2195110321044922,-0.4332113265991211,13.401979446411133,0.8470436930656433
base,own_fresh,19,cu-capital-t2,CU,1.3845643997192383,0.9239508509635925,15.375489234924316,0.9048194885253906,-0.47974491119384766,13.087268829345703,0.8511773943901062
base,own_fresh,19,cu-capital-t3,CU,1.3163857460021973,0.9207049012184143,15.177983283996582,1.1228418350219727,-0.1935439109802246,13.28223705291748,0.8750989437103271
base,own_fresh,19,fi-capital-t0,FI,1.5379724502563477,0.9160589575767517,14.961099624633789,1.415602207183838,-0.12237024307250977,12.985113143920898,0.8679250478744507
base,own_fresh,19,fi-capital-t1,FI,1.7245078086853027,0.9268693923950195,15.628600120544434,0.8002357482910156,-0.9242720603942871,13.449753761291504,0.8605859279632568
base,own_fresh,19,fi-capital-t2,FI,1.5412006378173828,0.9177744388580322,15.221445083618164,1.0491962432861328,-0.49200439453125,12.995491027832031,0.8537619709968567
base,own_fresh,19,fi-currency-t0,FI,1.4097819328308105,0.9218517541885376,15.216902732849121,0.3829360008239746,-1.026845932006836,13.436552047729492,0.8830017447471619
base,own_fresh,19,fi-currency-t1,FI,1.794367790222168,0.9136835932731628,15.954721450805664,0.4852726459503174,-1.3090951442718506,13.896587371826172,0.8710015416145325
base,own_fresh,19,fi-currency-t2,FI,1.2825684547424316,0.9272216558456421,14.847238540649414,1.151982307434082,-0.1305861473083496,12.971515655517578,0.8736652135848999
base,own_fresh,19,fi-currency-t3,FI,1.6418509483337402,0.9245882034301758,15.047130584716797,0.67378830909729,-0.9680626392364502,13.40030288696289,0.8905553817749023
base,own_fresh,19,fi-region-t1,FI,2.4596943855285645,0.9296290874481201,16.67768669128418,1.567821979522705,-0.8918724060058594,15.048336029052734,0.9023035764694214
base,own_fresh,19,fi-region-t2,FI,2.183680534362793,0.9382476210594177,16.103530883789062,1.4927787780761719,-0.6909017562866211,14.403626441955566,0.8944390416145325
base,own_fresh,19,gm-region-t1,GM,2.1936516761779785,0.9285202026367188,16.523101806640625,1.4386916160583496,-0.7549600601196289,14.823282241821289,0.8971246480941772
base,own_fresh,19,gm-region-t2,GM,1.9915533065795898,0.946600079536438,15.967813491821289,1.8686065673828125,-0.12294673919677734,14.18982219696045,0.8886515498161316
base,own_fresh,19,ie-capital-t0,IE,1.500101089477539,0.925299346446991,15.420059204101562,1.6551775932312012,0.1550765037536621,13.632040023803711,0.8840458989143372
base,own_fresh,19,ie-capital-t1,IE,1.6893091201782227,0.9346600770950317,15.493738174438477,0.8245716094970703,-0.8647375106811523,13.48141860961914,0.8701204657554626
base,own_fresh,19,ie-capital-t2,IE,1.6188993453979492,0.9153729677200317,15.136302947998047,0.5918624401092529,-1.0270369052886963,13.013533592224121,0.8597564101219177
base,own_fresh,19,ie-capital-t3,IE,1.5222034454345703,0.9396347999572754,14.837932586669922,0.7150700092315674,-0.8071334362030029,13.068743705749512,0.8807657957077026
base,own_fresh,19,ie-currency-t0,IE,1.350975513458252,0.9170328378677368,15.478435516357422,0.4944906234741211,-0.8564848899841309,13.71644115447998,0.8861645460128784
base,own_fresh,19,ie-currency-t1,IE,1.6223835945129395,0.915519654750824,15.980533599853516,0.5003654956817627,-1.1220180988311768,13.879448890686035,0.8685222268104553
base,own_fresh,19,ie-currency-t2,IE,1.4389214515686035,0.9186698794364929,15.052037239074707,0.9403796195983887,-0.49854183197021484,13.1245698928833,0.871946394443512
base,own_fresh,19,ie-currency-t3,IE,1.7375831604003906,0.9357296228408813,15.260425567626953,0.383469820022583,-1.3541133403778076,13.721174240112305,0.8991344571113586
base,own_fresh,19,ie-region-t1,IE,2.4647984504699707,0.939549446105957,16.741853713989258,1.166921615600586,-1.2978768348693848,15.079726219177246,0.9007202386856079
base,own_fresh,19,ie-region-t2,IE,2.285797119140625,0.9354883432388306,16.213937759399414,1.38291597366333,-0.9028811454772949,14.538260459899902,0.8966520428657532
base,own_fresh,19,mg-region-t0,MG,1.817741870880127,0.9173982739448547,15.989358901977539,0.5629410743713379,-1.254800796508789,13.897760391235352,0.8691880702972412
base,own_fresh,19,mg-region-t1,MG,2.40456485748291,0.929496705532074,16.49521827697754,1.3000903129577637,-1.1044745445251465,14.83495807647705,0.8993489742279053
base,own_fresh,19,mg-region-t2,MG,2.1032114028930664,0.9441880583763123,16.01753807067871,1.7430219650268555,-0.36018943786621094,14.348987579345703,0.8958297967910767
base,own_fresh,19,mg-region-t3,MG,1.8086891174316406,0.9124511480331421,16.327104568481445,0.6983122825622559,-1.1103768348693848,13.931180953979492,0.8532548546791077
base,own_fresh,19,ml-region-t0,ML,1.7628369331359863,0.9351505637168884,16.01995086669922,0.45400452613830566,-1.3088324069976807,14.034149169921875,0.8760419487953186
base,own_fresh,19,ml-region-t1,ML,2.446221351623535,0.9401903748512268,16.511865615844727,1.864983081817627,-0.5812382698059082,14.740396499633789,0.8927153944969177
base,own_fresh,19,ml-region-t2,ML,2.1360621452331543,0.9363679885864258,16.075071334838867,1.5993108749389648,-0.5367512702941895,14.239677429199219,0.8858236074447632
base,own_fresh,19,ml-region-t3,ML,1.7717032432556152,0.9153591394424438,16.311254501342773,0.9304909706115723,-0.841212272644043,13.921235084533691,0.8534741997718811
base,own_fresh,19,np-currency-t0,NP,1.4029994010925293,0.9245416522026062,15.113961219787598,0.405656099319458,-0.9973433017730713,13.138273239135742,0.8692805767059326
base,own_fresh,19,np-currency-t3,NP,1.5690984725952148,0.9320820569992065,15.129291534423828,1.025705337524414,-0.5433931350708008,13.383394241333008,0.8846015334129333
base,own_fresh,19,np-region-t0,NP,1.8641724586486816,0.924416184425354,16.121442794799805,0.5012872219085693,-1.3628852367401123,14.075864791870117,0.8731144666671753
base,own_fresh,19,nz-capital-t0,NZ,1.5917763710021973,0.9211820960044861,15.018956184387207,1.4727511405944824,-0.11902523040771484,12.928587913513184,0.8608180284500122
base,own_fresh,19,nz-capital-t2,NZ,1.5463285446166992,0.923996090888977,15.312268257141113,0.6906497478485107,-0.8556787967681885,13.087038040161133,0.8546766638755798
base,own_fresh,19,nz-capital-t3,NZ,1.6214938163757324,0.8983896970748901,14.842557907104492,1.2130403518676758,-0.40845346450805664,12.426156044006348,0.8371977210044861
base,own_fresh,19,ph-capital-t1,PH,1.7766079902648926,0.9346355199813843,15.631742477416992,0.816692590713501,-0.9599153995513916,13.469125747680664,0.8616522550582886
base,own_fresh,19,ph-capital-t2,PH,1.5762667655944824,0.9279187917709351,15.638357162475586,1.2320060729980469,-0.34426069259643555,13.537784576416016,0.8656781911849976
base,own_fresh,19,ph-currency-t0,PH,1.2617626190185547,0.9233564138412476,15.113702774047852,0.5450880527496338,-0.7166745662689209,13.375876426696777,0.8850165009498596
base,own_fresh,19,ph-currency-t2,PH,1.3820362091064453,0.9241220951080322,15.037001609802246,0.6839752197265625,-0.6980609893798828,13.007899284362793,0.8650593757629395
base,own_fresh,19,ph-currency-t3,PH,1.6149702072143555,0.918790876865387,14.873787879943848,0.7216124534606934,-0.8933577537536621,13.179227828979492,0.886070728302002
base,own_fresh,19,ph-region-t0,PH,1.8258051872253418,0.9293022155761719,16.231233596801758,0.4747340679168701,-1.3510711193084717,14.188305854797363,0.8741360306739807
base,own_fresh,19,ph-region-t2,PH,2.223677158355713,0.9363695383071899,16.291770935058594,1.9722394943237305,-0.2514376640319824,14.45517635345459,0.887268602848053
base,own_fresh,19,rs-region-t1,RS,1.9295682907104492,0.9452130198478699,16.71607780456543,1.8639922142028809,-0.06557607650756836,14.92764949798584,0.8930115103721619
base,own_fresh,19,sa-capital-t0,SA,1.6625328063964844,0.9301766157150269,15.076066017150879,0.8913662433624268,-0.7711665630340576,13.311858177185059,0.8829795718193054
base,own_fresh,19,sa-capital-t2,SA,1.6197595596313477,0.9091912508010864,15.565345764160156,1.0224313735961914,-0.5973281860351562,13.371339797973633,0.8590454459190369
base,own_fresh,19,sa-capital-t3,SA,1.5822038650512695,0.9120303392410278,14.643284797668457,0.7754428386688232,-0.8067610263824463,12.417935371398926,0.848029375076294
base,own_fresh,19,sa-currency-t0,SA,1.4837145805358887,0.9302845001220703,15.245177268981934,0.490405797958374,-0.9933087825775146,13.45791244506836,0.8827652335166931
base,own_fresh,19,sa-currency-t1,SA,1.7384276390075684,0.910210907459259,16.205278396606445,0.5449168682098389,-1.1935107707977295,14.075541496276855,0.8685775995254517
base,own_fresh,19,sa-currency-t2,SA,1.36773681640625,0.9256452322006226,15.177590370178223,0.8440845012664795,-0.5236523151397705,13.238762855529785,0.8722572326660156
base,own_fresh,19,sa-currency-t3,SA,1.8768649101257324,0.9253723621368408,14.838827133178711,0.4525771141052246,-1.4242877960205078,13.084921836853027,0.8818029761314392
base,own_fresh,19,sk-region-t2,SK,2.0063867568969727,0.9450485706329346,15.906403541564941,1.9218778610229492,-0.08450889587402344,14.172850608825684,0.8910154104232788
base,own_fresh,19,sy-capital-t0,SY,1.54890775680542,0.939938485622406,14.991209983825684,0.8569300174713135,-0.6919777393341064,13.139699935913086,0.8764936327934265
base,own_fresh,19,sy-capital-t1,SY,1.7289257049560547,0.9175150990486145,15.582740783691406,0.9059958457946777,-0.822929859161377,13.370890617370605,0.8580576777458191
base,own_fresh,19,sy-capital-t2,SY,1.742558479309082,0.9363527297973633,15.01440143585205,1.1720600128173828,-0.5704984664916992,13.087929725646973,0.8716917634010315
base,own_fresh,19,sy-capital-t3,SY,1.580141544342041,0.9204397201538086,14.487356185913086,1.2523527145385742,-0.3277888298034668,12.507269859313965,0.8633231520652771
base,own_fresh,19,td-region-t0,TD,1.7249879837036133,0.9250757098197937,15.94925308227539,0.47566962242126465,-1.2493183612823486,13.92693042755127,0.8732026815414429
base,own_fresh,19,td-region-t1,TD,2.376858711242676,0.9364601373672485,16.590822219848633,1.8918752670288086,-0.4849834442138672,14.822815895080566,0.8934347033500671
base,own_fresh,19,td-region-t2,TD,2.014160633087158,0.9402251839637756,16.090288162231445,1.7874999046325684,-0.22666072845458984,14.22063159942627,0.8838021755218506
base,own_fresh,19,xk-region-t1,XK,2.4264469146728516,0.9440295696258545,16.67084312438965,1.2969093322753906,-1.129537582397461,15.130500793457031,0.9076026082038879
base,own_fresh,19,xk-region-t2,XK,2.106687545776367,0.9406697750091553,15.977238655090332,1.7764697074890137,-0.3302178382873535,14.382445335388184,0.9001834392547607
base,own_fresh,19,af-capital-t0,AF,1.6442255973815918,0.9150896072387695,14.644613265991211,1.6437559127807617,-0.0004696846008300781,12.665462493896484,0.8648546934127808
base,own_fresh,19,al-region-t1,AL,2.4305825233459473,0.9428077936172485,16.64594268798828,1.7758145332336426,-0.6547679901123047,14.884783744812012,0.8941988945007324
base,own_fresh,19,al-region-t2,AL,2.0391993522644043,0.9262593984603882,16.04366111755371,2.0740408897399902,0.03484153747558594,14.138274192810059,0.8812373876571655
base,own_fresh,19,at-capital-t0,AT,1.4789862632751465,0.927666425704956,15.222098350524902,1.5682106018066406,0.08922433853149414,13.503541946411133,0.8871012330055237
base,own_fresh,19,at-capital-t2,AT,1.5251803398132324,0.9198743104934692,15.200398445129395,1.04425048828125,-0.4809298515319824,13.019390106201172,0.8565163612365723
base,own_fresh,19,at-capital-t3,AT,1.4684233665466309,0.9317865967750549,14.508606910705566,0.7077195644378662,-0.7607038021087646,12.77783489227295,0.8807072043418884
base,own_fresh,19,at-currency-t0,AT,1.360738754272461,0.9184601306915283,15.337237358093262,0.5089688301086426,-0.8517699241638184,13.567450523376465,0.8846085071563721
base,own_fresh,19,at-currency-t1,AT,1.654101848602295,0.9131883978843689,15.961856842041016,0.5103244781494141,-1.1437773704528809,13.885245323181152,0.8699016571044922
base,own_fresh,19,at-currency-t2,AT,1.3792238235473633,0.923255443572998,14.740246772766113,1.0045056343078613,-0.37471818923950195,12.775057792663574,0.8666787147521973
base,own_fresh,19,at-currency-t3,AT,1.6595444679260254,0.9262856841087341,14.975177764892578,0.661407470703125,-0.9981369972229004,13.41375732421875,0.8957327604293823
base,own_fresh,19,at-region-t1,AT,2.406855583190918,0.940013587474823,16.748859405517578,1.1504478454589844,-1.2564077377319336,15.121074676513672,0.9028121829032898
base,own_fresh,19,at-region-t2,AT,2.172680377960205,0.9364427328109741,16.028356552124023,1.643381118774414,-0.529299259185791,14.281128883361816,0.8909914493560791
base,own_fresh,19,bi-region-t0,BI,1.795689582824707,0.9218966960906982,15.939111709594727,0.5560498237609863,-1.2396397590637207,13.907998085021973,0.8725704550743103
base,own_fresh,19,bi-region-t1,BI,2.288341999053955,0.9383160471916199,16.505531311035156,1.7618227005004883,-0.5265192985534668,14.641120910644531,0.887043297290802
base,own_fresh,19,bi-region-t2,BI,2.081932544708252,0.9421886801719666,16.114418029785156,1.8901896476745605,-0.1917428970336914,14.265480995178223,0.8852619528770447
base,own_fresh,19,bi-region-t3,BI,1.8573026657104492,0.9037922024726868,16.25483512878418,0.8785488605499268,-0.9787538051605225,13.841092109680176,0.8515061736106873
base,own_fresh,19,ci-region-t0,CI,1.7977967262268066,0.918222188949585,15.98509693145752,0.5743911266326904,-1.2234055995941162,13.905762672424316,0.8699204325675964
base,own_fresh,19,ci-region-t1,CI,2.3784751892089844,0.9446641802787781,16.598278045654297,1.0957584381103516,-1.2827167510986328,15.13106632232666,0.9116045832633972
base,own_fresh,19,ci-region-t2,CI,2.1958279609680176,0.944551408290863,16.20833969116211,1.932509422302246,-0.2633185386657715,14.410844802856445,0.8891006112098694
base,own_fresh,19,ci-region-t3,CI,1.8121776580810547,0.9112471342086792,16.30385971069336,0.6146893501281738,-1.1974883079528809,14.006319999694824,0.8590800166130066
base,own_fresh,19,cz-capital-t0,CZ,1.608156681060791,0.9227656126022339,15.042770385742188,1.4900364875793457,-0.11812019348144531,13.056170463562012,0.8679365515708923
base,own_fresh,19,cz-capital-t1,CZ,1.7087392807006836,0.9092779755592346,15.510271072387695,1.1461691856384277,-0.5625700950622559,13.143050193786621,0.8473771810531616
base,own_fresh,19,cz-capital-t2,CZ,1.5347967147827148,0.9187673330307007,15.055959701538086,1.1077337265014648,-0.42706298828125,12.834697723388672,0.8524662852287292
base,own_fresh,19,cz-region-t2,CZ,2.137627601623535,0.9408801794052124,15.981051445007324,1.849611759185791,-0.28801584243774414,14.048482894897461,0.8790712356567383
base,own_fresh,19,gn-region-t1,GN,2.306896686553955,0.9396565556526184,16.53490447998047,1.7824745178222656,-0.5244221687316895,14.801508903503418,0.8951674699783325
base,own_fresh,19,gn-region-t2,GN,1.948862075805664,0.9389926195144653,16.068546295166016,2.013805389404297,0.06494331359863281,14.314784049987793,0.890857458114624
base,own_fresh,19,gq-region-t1,GQ,2.0731711387634277,0.9425891637802124,16.72780990600586,1.874114990234375,-0.19905614852905273,14.905753135681152,0.8910762071609497
base,own_fresh,19,iq-capital-t0,IQ,1.5151267051696777,0.9237270355224609,14.676471710205078,1.5078396797180176,-0.007287025451660156,12.793542861938477,0.8717042803764343
base,own_fresh,19,iq-capital-t1,IQ,1.731307029724121,0.9260887503623962,15.386394500732422,0.8524768352508545,-0.8788301944732666,13.229413986206055,0.8598124980926514
base,own_fresh,19,iq-capital-t2,IQ,1.5981669425964355,0.91925448179245,14.885024070739746,0.7662343978881836,-0.831932544708252,12.850723266601562,0.8633323907852173
base,own_fresh,19,ke-capital-t0,KE,1.6657557487487793,0.9313278198242188,15.250527381896973,1.5342683792114258,-0.13148736953735352,13.377010345458984,0.8771506547927856
base,own_fresh,19,ke-capital-t1,KE,1.7834844589233398,0.9138473272323608,15.783443450927734,1.2768421173095703,-0.5066423416137695,13.596855163574219,0.861463189125061
base,own_fresh,19,ke-capital-t2,KE,1.6434431076049805,0.9184906482696533,14.990774154663086,1.1958074569702148,-0.4476356506347656,12.858841896057129,0.8577837347984314
base,own_fresh,19,ke-capital-t3,KE,1.6516799926757812,0.9290249943733215,14.68227767944336,0.7805871963500977,-0.8710927963256836,12.674362182617188,0.8632422089576721
base,own_fresh,19,ke-region-t0,KE,1.794942855834961,0.9287236928939819,16.075881958007812,0.4299283027648926,-1.3650145530700684,14.023207664489746,0.8723134398460388
base,own_fresh,19,ke-region-t1,KE,2.4866600036621094,0.9389981627464294,16.580947875976562,1.882143497467041,-0.6045165061950684,14.839794158935547,0.8949906826019287
base,own_fresh,19,ke-region-t2,KE,2.1216793060302734,0.9412112236022949,16.185876846313477,1.9328370094299316,-0.1888422966003418,14.334309577941895,0.8856059908866882
base,own_fresh,19,ke-region-t3,KE,1.916346549987793,0.9162269830703735,16.44483757019043,0.630112886428833,-1.28623366355896,14.109580039978027,0.8579944968223572
base,own_fresh,19,kp-capital-t0,KP,1.506291389465332,0.933809757232666,14.680594444274902,1.0569210052490234,-0.4493703842163086,12.74066162109375,0.8678573369979858
base,own_fresh,19,kp-capital-t2,KP,1.489253044128418,0.917229413986206,15.148744583129883,0.6517901420593262,-0.8374629020690918,12.952677726745605,0.8550330996513367
base,own_fresh,19,kr-capital-t0,KR,1.5788578987121582,0.9305301904678345,15.539438247680664,1.385364055633545,-0.19349384307861328,13.584693908691406,0.8742075562477112
base,own_fresh,19,kr-capital-t1,KR,1.6673979759216309,0.9327126741409302,15.869658470153809,0.6541175842285156,-1.0132803916931152,13.714418411254883,0.8641911745071411
base,own_fresh,19,kr-capital-t2,KR,1.6637701988220215,0.926106333732605,15.36393928527832,1.0501461029052734,-0.613624095916748,13.23542594909668,0.8614604473114014
base,own_fresh,19,kr-capital-t3,KR,1.5910568237304688,0.9042686820030212,15.070281982421875,0.7914009094238281,-0.7996559143066406,12.667154312133789,0.8405386209487915
base,own_fresh,19,kr-region-t0,KR,1.8121623992919922,0.9210784435272217,16.133190155029297,0.5411224365234375,-1.2710399627685547,14.017558097839355,0.8688645958900452
base,own_fresh,19,kr-region-t1,KR,2.3847475051879883,0.9340298175811768,16.81145477294922,1.4366202354431152,-0.948127269744873,15.242799758911133,0.906691312789917
base,own_fresh,19,kr-region-t2,KR,2.2848329544067383,0.9415892958641052,16.433834075927734,1.9261937141418457,-0.3586392402648926,14.563417434692383,0.8861849904060364
base,own_fresh,19,lk-capital-t0,LK,1.781054973602295,0.9135695099830627,14.461797714233398,1.8105478286743164,0.029492855072021484,12.409235954284668,0.8580700755119324
base,own_fresh,19,lk-capital-t1,LK,1.668790340423584,0.9239875078201294,15.463594436645508,0.7959249019622803,-0.8728654384613037,13.242380142211914,0.8563584685325623
base,own_fresh,19,lk-capital-t2,LK,1.5618896484375,0.9131876230239868,15.638581275939941,0.8896281719207764,-0.6722614765167236,13.181581497192383,0.842888593673706
base,own_fresh,19,lk-capital-t3,LK,1.679253101348877,0.9348424077033997,14.792550086975098,0.6753990650177002,-1.0038540363311768,12.937321662902832,0.8745836019515991
base,own_fresh,19,sd-region-t0,SD,1.7661690711975098,0.9241547584533691,15.883940696716309,0.5328946113586426,-1.2332744598388672,13.899581909179688,0.8750714063644409
base,own_fresh,19,sd-region-t1,SD,2.2866392135620117,0.9329558610916138,16.640161514282227,1.375760555267334,-0.9108786582946777,14.929240226745605,0.8971812129020691
base,own_fresh,19,sd-region-t2,SD,2.0107855796813965,0.9418646097183228,16.095979690551758,1.4965739250183105,-0.5142116546630859,14.390238761901855,0.8940268754959106
base,own_fresh,19,sd-region-t3,SD,1.8160367012023926,0.9080384969711304,16.307903289794922,0.9301092624664307,-0.8859274387359619,13.841212272644043,0.8487426042556763
base,own_fresh,19,sl-region-t0,SL,1.764399528503418,0.9306825399398804,16.05335235595703,0.47873735427856445,-1.2856621742248535,13.913702011108398,0.8667162656784058
base,own_fresh,19,sl-region-t2,SL,2.049928665161133,0.9400246143341064,15.937203407287598,2.0344109535217285,-0.015517711639404297,14.171731948852539,0.8892232775688171
base,own_fresh,19,tr-capital-t0,TR,1.4233436584472656,0.9262067675590515,14.941871643066406,1.3451714515686035,-0.07817220687866211,13.045990943908691,0.8731162548065186
base,own_fresh,19,tr-capital-t1,TR,1.7116637229919434,0.9266724586486816,15.492873191833496,0.788672685623169,-0.9229910373687744,13.296449661254883,0.8582300543785095
base,own_fresh,19,tr-capital-t2,TR,1.7020835876464844,0.9295682907104492,15.234294891357422,0.7434844970703125,-0.9585990905761719,13.261698722839355,0.8705160617828369
base,own_fresh,19,tr-currency-t0,TR,1.3902502059936523,0.9225272536277771,15.209487915039062,0.5518636703491211,-0.8383865356445312,13.537528991699219,0.8900713324546814
base,own_fresh,19,tr-currency-t2,TR,1.4544105529785156,0.9333791732788086,14.816353797912598,0.917548418045044,-0.5368621349334717,12.97513484954834,0.8757306337356567
base,own_fresh,19,tr-currency-t3,TR,1.5103731155395508,0.9177464246749878,15.214916229248047,0.9557876586914062,-0.5545854568481445,13.288516998291016,0.8733874559402466
base,own_fresh,19,ua-region-t1,UA,2.394535541534424,0.9469799995422363,16.72797393798828,1.830559253692627,-0.5639762878417969,14.991971015930176,0.8962215781211853
base,own_fresh,19,ua-region-t2,UA,2.1197524070739746,0.9342002272605896,16.106830596923828,2.095485210418701,-0.024267196655273438,14.155905723571777,0.8788759112358093
base,own_fresh,20,cu-capital-t0,CU,1.1927361488342285,0.8834049701690674,16.272449493408203,1.3735976219177246,0.1808614730834961,13.662272453308105,0.8395953178405762
base,own_fresh,20,cu-capital-t1,CU,1.6126446723937988,0.8815957307815552,17.22277069091797,1.4205288887023926,-0.19211578369140625,13.868000984191895,0.8052130937576294
base,own_fresh,20,cu-capital-t2,CU,1.4204092025756836,0.882627546787262,16.605552673339844,0.8281199932098389,-0.5922892093658447,13.707305908203125,0.825465202331543
base,own_fresh,20,cu-capital-t3,CU,1.1744394302368164,0.8756012916564941,16.831371307373047,1.0097179412841797,-0.16472148895263672,14.229498863220215,0.8454152941703796
base,own_fresh,20,fi-capital-t0,FI,1.5170340538024902,0.8876268267631531,16.206727981567383,0.9519774913787842,-0.565056562423706,13.46137809753418,0.8306043148040771
base,own_fresh,20,fi-capital-t1,FI,1.7155637741088867,0.8886438608169556,16.88655662536621,1.2047243118286133,-0.5108394622802734,13.895164489746094,0.8228536248207092
base,own_fresh,20,fi-capital-t2,FI,1.6371469497680664,0.8892756104469299,16.519773483276367,0.8122663497924805,-0.8248805999755859,13.603340148925781,0.8234580159187317
base,own_fresh,20,fi-currency-t0,FI,1.1150646209716797,0.8965131044387817,16.56733512878418,0.3874542713165283,-0.7276103496551514,14.136123657226562,0.8532527089118958
base,own_fresh,20,fi-currency-t1,FI,1.3326702117919922,0.8754111528396606,17.323026657104492,0.5876970291137695,-0.7449731826782227,14.362956047058105,0.8291251063346863
base,own_fresh,20,fi-currency-t2,FI,1.262132167816162,0.9089270830154419,16.45599937438965,0.7979786396026611,-0.464153528213501,13.76765251159668,0.8366342186927795
base,own_fresh,20,fi-currency-t3,FI,1.3675227165222168,0.88320392370224,16.777488708496094,0.574242115020752,-0.7932806015014648,14.338959693908691,0.8546547293663025
base,own_fresh,20,fi-region-t1,FI,2.46358585357666,0.8994523882865906,17.739364624023438,1.0348310470581055,-1.4287548065185547,15.220144271850586,0.8579869866371155
base,own_fresh,20,fi-region-t2,FI,2.4515624046325684,0.8919788599014282,17.101207733154297,1.1983637809753418,-1.2531986236572266,14.59015941619873,0.8531654477119446
base,own_fresh,20,gm-region-t1,GM,2.320030689239502,0.8911014795303345,17.682180404663086,0.7498619556427002,-1.5701687335968018,15.066411972045898,0.8520675301551819
base,own_fresh,20,gm-region-t2,GM,2.1760435104370117,0.8975546360015869,16.93934440612793,1.2061352729797363,-0.9699082374572754,14.332449913024902,0.8461041450500488
base,own_fresh,20,ie-capital-t0,IE,1.4631767272949219,0.9074940085411072,16.569843292236328,1.2892436981201172,-0.1739330291748047,14.124771118164062,0.8524384498596191
base,own_fresh,20,ie-capital-t1,IE,1.7015604972839355,0.8988178968429565,16.773313522338867,1.1736063957214355,-0.5279541015625,13.91672420501709,0.829694390296936
base,own_fresh,20,ie-capital-t2,IE,1.6882390975952148,0.8827494382858276,16.080570220947266,1.0026326179504395,-0.6856064796447754,13.490935325622559,0.838958740234375
base,own_fresh,20,ie-capital-t3,IE,1.5809340476989746,0.8967016339302063,16.602928161621094,0.8906517028808594,-0.6902823448181152,13.95524787902832,0.8405293226242065
base,own_fresh,20,ie-currency-t0,IE,1.1255908012390137,0.8854879140853882,16.64803695678711,0.5928778648376465,-0.5327129364013672,14.25304889678955,0.8561398983001709
base,own_fresh,20,ie-currency-t1,IE,1.2532553672790527,0.8808091878890991,17.275968551635742,0.6259675025939941,-0.6272878646850586,14.343588829040527,0.8302624821662903
base,own_fresh,20,ie-currency-t2,IE,1.2963504791259766,0.9021934270858765,16.628887176513672,0.63602614402771,-0.6603243350982666,14.018421173095703,0.8430162072181702
base,own_fresh,20,ie-currency-t3,IE,1.573716163635254,0.8899339437484741,16.9776611328125,0.6117424964904785,-0.9619736671447754,14.746700286865234,0.8685943484306335
base,own_fresh,20,ie-region-t1,IE,2.4346494674682617,0.904065728187561,17.853036880493164,0.944852352142334,-1.4897971153259277,15.308975219726562,0.8574997782707214
base,own_fresh,20,ie-region-t2,IE,2.3935232162475586,0.8873674869537354,17.163000106811523,0.9937629699707031,-1.3997602462768555,14.69495677947998,0.8561998009681702
base,own_fresh,20,mg-region-t0,MG,1.8461613655090332,0.8725022673606873,18.024574279785156,0.8477728366851807,-0.9983885288238525,14.649927139282227,0.812775194644928
base,own_fresh,20,mg-region-t1,MG,2.448209762573242,0.8960219621658325,17.573884963989258,0.9186387062072754,-1.5295710563659668,14.968515396118164,0.8517476320266724
base,own_fresh,20,mg-region-t2,MG,2.424772262573242,0.8984639644622803,16.95585060119629,1.142005443572998,-1.2827668190002441,14.454773902893066,0.8524947762489319
base,own_fresh,20,mg-region-t3,MG,1.9461102485656738,0.890790581703186,18.25132179260254,0.6628174781799316,-1.2832927703857422,14.969470977783203,0.8201856017112732
base,own_fresh,20,ml-region-t0,ML,1.7801437377929688,0.9024270176887512,18.101930618286133,0.5171608924865723,-1.2629828453063965,14.9901123046875,0.8280946612358093
base,own_fresh,20,ml-region-t1,ML,2.5358805656433105,0.9012126922607422,17.66810417175293,1.1329355239868164,-1.4029450416564941,14.95143985748291,0.8462390303611755
base,own_fresh,20,ml-region-t2,ML,2.492219924926758,0.8893817067146301,17.13689422607422,0.9897658824920654,-1.5024540424346924,14.350229263305664,0.8373879790306091
base,own_fresh,20,ml-region-t3,ML,1.9038939476013184,0.8875791430473328,18.318422317504883,0.7744252681732178,-1.1294686794281006,14.984618186950684,0.8180081248283386
base,own_fresh,20,np-currency-t0,NP,1.13633394241333,0.8864824175834656,16.486665725708008,0.6422200202941895,-0.4941139221191406,13.95124340057373,0.8462137579917908
base,own_fresh,20,np-currency-t3,NP,1.3620257377624512,0.8893939256668091,16.665283203125,0.7816989421844482,-0.5803267955780029,14.317337989807129,0.8591116070747375
base,own_fresh,20,np-region-t0,NP,1.9325976371765137,0.8780192136764526,18.103757858276367,0.9354081153869629,-0.9971895217895508,14.81783676147461,0.8184950947761536
base,own_fresh,20,nz-capital-t0,NZ,1.5842294692993164,0.8891634345054626,16.270689010620117,0.9214563369750977,-0.6627731323242188,13.495141983032227,0.8294143080711365
base,own_fresh,20,nz-capital-t2,NZ,1.6516165733337402,0.8864908814430237,16.645484924316406,1.1494393348693848,-0.5021772384643555,13.509836196899414,0.8116216659545898
base,own_fresh,20,nz-capital-t3,NZ,1.7866168022155762,0.8636850118637085,16.637203216552734,0.7137060165405273,-1.0729107856750488,13.291451454162598,0.7988994121551514
base,own_fresh,20,ph-capital-t1,PH,1.7051935195922852,0.8996226787567139,17.060827255249023,1.2559409141540527,-0.4492526054382324,14.009485244750977,0.8211492300033569
base,own_fresh,20,ph-capital-t2,PH,1.6286835670471191,0.9008839726448059,17.110326766967773,0.7781286239624023,-0.8505549430847168,14.25096321105957,0.8328866958618164
base,own_fresh,20,ph-currency-t0,PH,1.0471954345703125,0.8857496976852417,16.3566951751709,0.4880814552307129,-0.5591139793395996,13.890124320983887,0.8492011427879333
base,own_fresh,20,ph-currency-t2,PH,1.3173375129699707,0.9002000093460083,16.571884155273438,0.8955709934234619,-0.4217665195465088,13.805702209472656,0.8330798149108887
base,own_fresh,20,ph-currency-t3,PH,1.358170986175537,0.8743908405303955,16.470861434936523,0.9123737812042236,-0.4457972049713135,14.035472869873047,0.8521395921707153
base,own_fresh,20,ph-region-t0,PH,1.8730278015136719,0.8901033401489258,18.26460075378418,0.9730911254882812,-0.8999366760253906,15.037505149841309,0.8233141899108887
base,own_fresh,20,ph-region-t2,PH,2.397700309753418,0.890559732913971,17.27730941772461,0.9624638557434082,-1.4352364540100098,14.644831657409668,0.8476338386535645
base,own_fresh,20,rs-region-t1,RS,2.0801925659179688,0.9215638637542725,17.76616096496582,0.8793377876281738,-1.200854778289795,15.196146011352539,0.8553421497344971
base,own_fresh,20,sa-capital-t0,SA,1.7458653450012207,0.8906732797622681,16.502519607543945,1.3762845993041992,-0.3695807456970215,13.874340057373047,0.8407406806945801
base,own_fresh,20,sa-capital-t2,SA,1.768373966217041,0.8718042373657227,16.925662994384766,1.0687274932861328,-0.6996464729309082,13.944345474243164,0.8238581418991089
base,own_fresh,20,sa-capital-t3,SA,1.8069043159484863,0.8790761232376099,16.395069122314453,0.9975972175598145,-0.8093070983886719,13.280539512634277,0.8100325465202332
base,own_fresh,20,sa-currency-t0,SA,1.198850154876709,0.886878490447998,16.563270568847656,0.6872851848602295,-0.5115649700164795,14.211605072021484,0.858019232749939
base,own_fresh,20,sa-currency-t1,SA,1.32151460647583,0.8672688007354736,17.651216506958008,0.5862879753112793,-0.7352266311645508,14.617904663085938,0.8281528353691101
base,own_fresh,20,sa-currency-t2,SA,1.1994390487670898,0.8992825746536255,16.92669677734375,0.9485273361206055,-0.2509117126464844,14.124065399169922,0.8344253897666931
base,own_fresh,20,sa-currency-t3,SA,1.5705652236938477,0.8782244920730591,16.562095642089844,0.6096923351287842,-0.9608728885650635,14.153003692626953,0.8545418381690979
base,own_fresh,20,sk-region-t2,SK,2.176694393157959,0.90044766664505,16.77683448791504,1.2002449035644531,-0.9764494895935059,14.264228820800781,0.8502336144447327
base,own_fresh,20,sy-capital-t0,SY,1.581580638885498,0.9004619121551514,16.32703971862793,1.2437219619750977,-0.3378586769104004,13.540669441223145,0.8293401598930359
base,own_fresh,20,sy-capital-t1,SY,1.7495841979980469,0.882096529006958,17.02666664123535,0.47115492820739746,-1.2784292697906494,13.837964057922363,0.8127230405807495
base,own_fresh,20,sy-capital-t2,SY,1.8183603286743164,0.9024094343185425,16.280475616455078,0.7176270484924316,-1.1007332801818848,13.754525184631348,0.8448478579521179
base,own_fresh,20,sy-capital-t3,SY,1.5762529373168945,0.8842965960502625,16.347997665405273,0.6670925617218018,-0.9091603755950928,13.343308448791504,0.8162044286727905
base,own_fresh,20,td-region-t0,TD,1.7920894622802734,0.8840690851211548,18.093639373779297,0.8450851440429688,-0.9470043182373047,14.82246208190918,0.8192084431648254
base,own_fresh,20,td-region-t1,TD,2.474273204803467,0.9086558222770691,17.678693771362305,1.1294794082641602,-1.3447937965393066,15.021402359008789,0.8496896028518677
base,own_fresh,20,td-region-t2,TD,2.3276171684265137,0.8991644382476807,17.04802131652832,1.3205180168151855,-1.0070991516113281,14.301226615905762,0.8388789892196655
base,own_fresh,20,xk-region-t1,XK,2.4269914627075195,0.905380129814148,17.763364791870117,0.9258589744567871,-1.5011324882507324,15.386210441589355,0.8661765456199646
base,own_fresh,20,xk-region-t2,XK,2.266834259033203,0.8945353627204895,16.910728454589844,1.1090631484985352,-1.157771110534668,14.517555236816406,0.8584819436073303
base,own_fresh,20,af-capital-t0,AF,1.7234067916870117,0.890602707862854,16.097307205200195,1.1207022666931152,-0.6027045249938965,13.338586807250977,0.8286222219467163
base,own_fresh,20,al-region-t1,AL,2.4102606773376465,0.9177650213241577,17.749452590942383,1.0682621002197266,-1.34199857711792,15.12234878540039,0.8519895672798157
base,own_fresh,20,al-region-t2,AL,2.1825528144836426,0.8860533833503723,16.934694290161133,1.0563993453979492,-1.1261534690856934,14.202202796936035,0.838645339012146
base,own_fresh,20,at-capital-t0,AT,1.4256973266601562,0.9039859175682068,16.466928482055664,1.0351142883300781,-0.3905830383300781,13.952656745910645,0.8473138809204102
base,own_fresh,20,at-capital-t2,AT,1.6068754196166992,0.8966604471206665,16.409536361694336,0.8345415592193604,-0.7723338603973389,13.562625885009766,0.8265087604522705
base,own_fresh,20,at-capital-t3,AT,1.4271931648254395,0.8880354166030884,16.345327377319336,0.8614842891693115,-0.5657088756561279,13.73584270477295,0.8403528928756714
base,own_fresh,20,at-currency-t0,AT,1.0807676315307617,0.8786232471466064,16.529178619384766,0.530301570892334,-0.5504660606384277,14.215956687927246,0.860052227973938
base,own_fresh,20,at-currency-t1,AT,1.2247686386108398,0.8776665925979614,17.288532257080078,0.5220484733581543,-0.7027201652526855,14.322196006774902,0.8284217715263367
base,own_fresh,20,at-currency-t2,AT,1.2121686935424805,0.906178891658783,16.39203453063965,0.6866633892059326,-0.5255053043365479,13.685054779052734,0.8348600268363953
base,own_fresh,20,at-currency-t3,AT,1.3899059295654297,0.8843525648117065,16.566822052001953,0.6452813148498535,-0.7446246147155762,14.232848167419434,0.8591175675392151
base,own_fresh,20,at-region-t1,AT,2.411820411682129,0.8972787857055664,17.83649444580078,0.732083797454834,-1.679736614227295,15.303288459777832,0.8579762578010559
base,own_fresh,20,at-region-t2,AT,2.34356689453125,0.8922423720359802,16.958789825439453,1.1416125297546387,-1.2019543647766113,14.40766716003418,0.8495693206787109
base,own_fresh,20,bi-region-t0,BI,1.857940673828125,0.8775571584701538,17.94510269165039,0.9097990989685059,-0.9481415748596191,14.616880416870117,0.8145331144332886
base,own_fresh,20,bi-region-t1,BI,2.385563850402832,0.9093120098114014,17.646005630493164,0.90397047996521,-1.481593370437622,14.793319702148438,0.8383381366729736
base,own_fresh,20,bi-region-t2,BI,2.3736658096313477,0.9115422368049622,17.113130569458008,1.046992301940918,-1.3266735076904297,14.424066543579102,0.8428654670715332
base,own_fresh,20,bi-region-t3,BI,2.0427498817443848,0.8720812797546387,18.180753707885742,0.5852999687194824,-1.4574499130249023,14.6399564743042,0.8052447438240051
base,own_fresh,20,ci-region-t0,CI,1.8326854705810547,0.8751013875007629,18.11825180053711,0.941648006439209,-0.8910374641418457,14.711349487304688,0.8119629621505737
base,own_fresh,20,ci-region-t1,CI,2.436136245727539,0.8967341184616089,17.86667823791504,1.05424165725708,-1.381894588470459,15.396262168884277,0.8617305159568787
base,own_fresh,20,ci-region-t2,CI,2.450474262237549,0.9018672704696655,17.28587532043457,1.3675785064697266,-1.0828957557678223,14.623281478881836,0.8459670543670654
base,own_fresh,20,ci-region-t3,CI,1.9839744567871094,0.8813972473144531,18.281681060791016,0.4811372756958008,-1.5028371810913086,14.913667678833008,0.8157711625099182
base,own_fresh,20,cz-capital-t0,CZ,1.5135583877563477,0.8900445699691772,16.176008224487305,0.8841981887817383,-0.6293601989746094,13.45046615600586,0.83150714635849
base,own_fresh,20,cz-capital-t1,CZ,1.6635799407958984,0.8739221096038818,16.84102439880371,0.8443231582641602,-0.8192567825317383,13.67126750946045,0.8117836117744446
base,own_fresh,20,cz-capital-t2,CZ,1.6325573921203613,0.8988581895828247,16.316417694091797,0.7804710865020752,-0.8520863056182861,13.389068603515625,0.8205887675285339
base,own_fresh,20,cz-region-t2,CZ,2.337491512298584,0.908511221408844,16.928882598876953,1.1992125511169434,-1.1382789611816406,14.234572410583496,0.8408453464508057
base,own_fresh,20,gn-region-t1,GN,2.342602252960205,0.8988766074180603,17.69139289855957,0.9170045852661133,-1.4255976676940918,15.041114807128906,0.8501939177513123
base,own_fresh,20,gn-region-t2,GN,2.1725077629089355,0.9034364223480225,17.010387420654297,1.008467197418213,-1.1640405654907227,14.574599266052246,0.8568058609962463
base,own_fresh,20,gq-region-t1,GQ,2.1990580558776855,0.9093437194824219,17.813369750976562,1.175313949584961,-1.0237441062927246,15.140827178955078,0.8499698638916016
base,own_fresh,20,iq-capital-t0,IQ,1.4832100868225098,0.898594319820404,15.941411018371582,0.8268933296203613,-0.6563167572021484,13.476031303405762,0.8453474640846252
base,own_fresh,20,iq-capital-t1,IQ,1.7033610343933105,0.8874472379684448,16.834123611450195,1.2934074401855469,-0.40995359420776367,13.845144271850586,0.8224452137947083
base,own_fresh,20,iq-capital-t2,IQ,1.667651653289795,0.8863122463226318,16.161754608154297,1.0678715705871582,-0.5997800827026367,13.539484024047852,0.8377484083175659
base,own_fresh,20,ke-capital-t0,KE,1.6588702201843262,0.9126361608505249,16.57816505432129,1.1880016326904297,-0.4708685874938965,13.99331283569336,0.844080924987793
base,own_fresh,20,ke-capital-t1,KE,1.8110284805297852,0.876853346824646,17.199403762817383,0.8223488330841064,-0.9886796474456787,13.987748146057129,0.8132693767547607
base,own_fresh,20,ke-capital-t2,KE,1.8688621520996094,0.9016768932342529,16.2364501953125,0.987560510635376,-0.8813016414642334,13.418407440185547,0.82643723487854
base,own_fresh,20,ke-capital-t3,KE,1.7505488395690918,0.8890910148620605,16.478527069091797,1.0318918228149414,-0.7186570167541504,13.626969337463379,0.826953113079071
base,own_fresh,20,ke-region-t0,KE,1.87617826461792,0.88616943359375,18.15346336364746,0.985264778137207,-0.8909134864807129,14.878887176513672,0.819616973400116
base,own_fresh,20,ke-region-t1,KE,2.5473804473876953,0.8951897621154785,17.701879501342773,0.9214115142822266,-1.6259689331054688,15.011139869689941,0.8479969501495361
base,own_fresh,20,ke-region-t2,KE,2.388578414916992,0.9045716524124146,17.210126876831055,1.3634648323059082,-1.025113582611084,14.482087135314941,0.841486394405365
base,own_fresh,20,ke-region-t3,KE,2.1120829582214355,0.8817909955978394,18.404722213745117,0.4845118522644043,-1.6275711059570312,15.079625129699707,0.8193345665931702
base,own_fresh,20,kp-capital-t0,KP,1.5021452903747559,0.8906092643737793,15.915059089660645,1.169461727142334,-0.3326835632324219,13.15755844116211,0.8267363905906677
base,own_fresh,20,kp-capital-t2,KP,1.6541309356689453,0.8796083927154541,16.441736221313477,1.0972013473510742,-0.5569295883178711,13.489044189453125,0.8204148411750793
base,own_fresh,20,kr-capital-t0,KR,1.5219669342041016,0.8998391032218933,16.833606719970703,0.9743852615356445,-0.547581672668457,14.092719078063965,0.8371776342391968
base,own_fresh,20,kr-capital-t1,KR,1.6333746910095215,0.8925911784172058,17.268203735351562,1.0257015228271484,-0.607673168182373,14.1228609085083,0.8178535103797913
base,own_fresh,20,kr-capital-t2,KR,1.724179744720459,0.8976857662200928,16.837995529174805,0.8956813812255859,-0.828498363494873,14.031614303588867,0.8333304524421692
base,own_fresh,20,kr-capital-t3,KR,1.7142367362976074,0.8738493919372559,16.761030197143555,0.8528852462768555,-0.861351490020752,13.454995155334473,0.8027546405792236
base,own_fresh,20,kr-region-t0,KR,1.8897132873535156,0.8819198608398438,18.17591094970703,0.7735717296600342,-1.1161415576934814,14.834623336791992,0.8161694407463074
base,own_fresh,20,kr-region-t1,KR,2.436148166656494,0.9002789258956909,17.910634994506836,0.7374989986419678,-1.6986491680145264,15.440813064575195,0.8621030449867249
base,own_fresh,20,kr-region-t2,KR,2.4923977851867676,0.9104424715042114,17.415834426879883,1.1051030158996582,-1.3872947692871094,14.729576110839844,0.8457577228546143
base,own_fresh,20,lk-capital-t0,LK,1.7126922607421875,0.8956968784332275,15.910835266113281,1.353121280670166,-0.3595709800720215,13.427860260009766,0.8439443707466125
base,own_fresh,20,lk-capital-t1,LK,1.675210952758789,0.8873627185821533,17.071504592895508,1.3348422050476074,-0.34036874771118164,13.94942569732666,0.8171175122261047
base,own_fresh,20,lk-capital-t2,LK,1.6848540306091309,0.8753488063812256,17.10702896118164,0.858177661895752,-0.8266763687133789,13.826022148132324,0.808207094669342
base,own_fresh,20,lk-capital-t3,LK,1.6726441383361816,0.8987308740615845,16.7290096282959,0.7557480335235596,-0.9168961048126221,14.106966018676758,0.8432636857032776
base,own_fresh,20,sd-region-t0,SD,1.7975592613220215,0.8858271837234497,18.057619094848633,0.82181715965271,-0.9757421016693115,14.849427223205566,0.8223358392715454
base,own_fresh,20,sd-region-t1,SD,2.4337620735168457,0.8957608342170715,17.726097106933594,0.8347079753875732,-1.5990540981292725,15.023682594299316,0.8475459814071655
base,own_fresh,20,sd-region-t2,SD,2.3040785789489746,0.9124090075492859,17.109840393066406,0.9398174285888672,-1.3642611503601074,14.564123153686523,0.851213276386261
base,own_fresh,20,sd-region-t3,SD,2.0286178588867188,0.8837233781814575,18.423480987548828,0.5699498653411865,-1.4586679935455322,14.837606430053711,0.8053638935089111
base,own_fresh,20,sl-region-t0,SL,1.799959659576416,0.8992468118667603,18.117788314819336,0.518216609954834,-1.281743049621582,14.879534721374512,0.8212665915489197
base,own_fresh,20,sl-region-t2,SL,2.3582358360290527,0.9066172242164612,16.829113006591797,1.3178019523620605,-1.0404338836669922,14.265202522277832,0.8476502895355225
base,own_fresh,20,tr-capital-t0,TR,1.4434809684753418,0.8817262649536133,16.158798217773438,1.1081328392028809,-0.33534812927246094,13.583829879760742,0.8406460285186768
base,own_fresh,20,tr-capital-t1,TR,1.725426197052002,0.8928452134132385,16.8431396484375,0.8216824531555176,-0.9037437438964844,13.88764762878418,0.8245284557342529
base,own_fresh,20,tr-capital-t2,TR,1.751845359802246,0.9021958112716675,16.462268829345703,0.8373472690582275,-0.9144980907440186,13.936824798583984,0.8465920090675354
base,own_fresh,20,tr-currency-t0,TR,1.103337287902832,0.8840411901473999,16.437328338623047,0.39400815963745117,-0.7093291282653809,14.305633544921875,0.8703137636184692
base,own_fresh,20,tr-currency-t2,TR,1.2839727401733398,0.9087430238723755,16.438098907470703,0.6334066390991211,-0.6505661010742188,13.830304145812988,0.8413566946983337
base,own_fresh,20,tr-currency-t3,TR,1.3491063117980957,0.8716542720794678,16.960468292236328,0.8883545398712158,-0.4607517719268799,14.590781211853027,0.860281765460968
base,own_fresh,20,ua-region-t1,UA,2.450181007385254,0.9181295037269592,17.798383712768555,1.2170071601867676,-1.2331738471984863,15.231148719787598,0.8557602167129517
base,own_fresh,20,ua-region-t2,UA,2.297213554382324,0.9013460874557495,17.036972045898438,1.4585046768188477,-0.8387088775634766,14.225069046020508,0.8349528908729553
base,own_fresh,21,cu-capital-t0,CU,1.4434332847595215,0.8670207858085632,17.469907760620117,0.9790561199188232,-0.46437716484069824,14.050806045532227,0.8042862415313721
base,own_fresh,21,cu-capital-t1,CU,1.9350013732910156,0.8608379364013672,19.072179794311523,0.8914794921875,-1.0435218811035156,14.679754257202148,0.7696946263313293
base,own_fresh,21,cu-capital-t2,CU,1.615170955657959,0.8608694672584534,18.1948184967041,0.8631823062896729,-0.7519886493682861,14.395877838134766,0.7912075519561768
base,own_fresh,21,cu-capital-t3,CU,1.358443260192871,0.8541790246963501,18.10089683532715,0.9932358264923096,-0.3652074337005615,14.55823802947998,0.8042826652526855
base,own_fresh,21,fi-capital-t0,FI,1.9325003623962402,0.8712745308876038,17.837696075439453,0.8549084663391113,-1.077591896057129,14.311020851135254,0.8022908568382263
base,own_fresh,21,fi-capital-t1,FI,2.1171813011169434,0.8655693531036377,18.705055236816406,0.6936516761779785,-1.4235296249389648,14.764124870300293,0.7893120050430298
base,own_fresh,21,fi-capital-t2,FI,1.8740806579589844,0.8701561689376831,18.205585479736328,0.8101456165313721,-1.0639350414276123,14.478243827819824,0.7952638268470764
base,own_fresh,21,fi-currency-t0,FI,1.5768370628356934,0.8685536980628967,18.211822509765625,0.515880823135376,-1.0609562397003174,14.988900184631348,0.8230313062667847
base,own_fresh,21,fi-currency-t1,FI,1.7624235153198242,0.8542739152908325,19.205114364624023,0.880326509475708,-0.8820970058441162,15.094096183776855,0.785941481590271
base,own_fresh,21,fi-currency-t2,FI,2.00197172164917,0.8752479553222656,18.483449935913086,0.9895427227020264,-1.0124289989471436,14.847799301147461,0.8033024072647095
base,own_fresh,21,fi-currency-t3,FI,1.8554697036743164,0.8561220765113831,18.771757125854492,0.6294243335723877,-1.2260453701019287,15.262539863586426,0.8130586743354797
base,own_fresh,21,fi-region-t1,FI,2.1222825050354004,0.8849326372146606,19.85422134399414,1.3234567642211914,-0.798825740814209,16.634050369262695,0.8378092646598816
base,own_fresh,21,fi-region-t2,FI,2.147202491760254,0.8790481090545654,19.29545021057129,0.9775781631469727,-1.1696243286132812,15.859416007995605,0.821925163269043
base,own_fresh,21,gm-region-t1,GM,2.0645675659179688,0.8819759488105774,19.877483367919922,0.9754815101623535,-1.0890860557556152,16.302522659301758,0.8201502561569214
base,own_fresh,21,gm-region-t2,GM,1.9203944206237793,0.8871369361877441,19.218006134033203,1.1445703506469727,-0.7758240699768066,15.638426780700684,0.813738226890564
base,own_fresh,21,ie-capital-t0,IE,1.7753562927246094,0.8808749914169312,18.435972213745117,0.9842674732208252,-0.7910888195037842,14.986458778381348,0.8128922581672668
base,own_fresh,21,ie-capital-t1,IE,2.050292491912842,0.8761125802993774,18.721067428588867,0.6923496723175049,-1.357942819595337,14.878868103027344,0.7947660088539124
base,own_fresh,21,ie-capital-t2,IE,1.9008722305297852,0.8653050661087036,17.939645767211914,0.5125186443328857,-1.3883535861968994,14.360027313232422,0.8004632592201233
base,own_fresh,21,ie-capital-t3,IE,1.749021053314209,0.8781306743621826,18.100908279418945,0.6201193332672119,-1.128901720046997,14.700632095336914,0.8121488690376282
base,own_fresh,21,ie-currency-t0,IE,1.6751132011413574,0.8548833131790161,18.40725326538086,0.36066627502441406,-1.3144469261169434,15.065380096435547,0.818448007106781
base,own_fresh,21,ie-currency-t1,IE,1.7107715606689453,0.8647670149803162,19.12758445739746,0.5448153018951416,-1.1659562587738037,15.029210090637207,0.7857348918914795
base,own_fresh,21,ie-currency-t2,IE,1.9578256607055664,0.8707581758499146,18.70187759399414,1.0154118537902832,-0.9424138069152832,14.992746353149414,0.8016706705093384
base,own_fresh,21,ie-currency-t3,IE,2.1480655670166016,0.8645163178443909,19.199865341186523,0.6492741107940674,-1.4987914562225342,15.844378471374512,0.8252338171005249
base,own_fresh,21,ie-region-t1,IE,2.135500431060791,0.895463764667511,20.130998611450195,0.7075150012969971,-1.427985429763794,16.85161590576172,0.8370978832244873
base,own_fresh,21,ie-region-t2,IE,2.1756954193115234,0.8770599365234375,19.432292938232422,0.9256350994110107,-1.2500603199005127,16.219003677368164,0.8346418142318726
base,own_fresh,21,mg-region-t0,MG,1.8633065223693848,0.8557508587837219,20.120773315429688,0.6802628040313721,-1.1830437183380127,15.932330131530762,0.7918348908424377
base,own_fresh,21,mg-region-t1,MG,2.1234498023986816,0.8866064548492432,19.648466110229492,1.1022272109985352,-1.0212225914001465,16.309307098388672,0.8300549983978271
base,own_fresh,21,mg-region-t2,MG,2.082479476928711,0.8849718570709229,19.105873107910156,1.242025375366211,-0.8404541015625,15.723485946655273,0.8229660987854004
base,own_fresh,21,mg-region-t3,MG,2.1012377738952637,0.8653348088264465,20.221054077148438,0.9227659702301025,-1.1784718036651611,16.245180130004883,0.803379476070404
base,own_fresh,21,ml-region-t0,ML,1.8067946434020996,0.8853404521942139,20.226333618164062,0.5841162204742432,-1.2226784229278564,16.64086151123047,0.8227324485778809
base,own_fresh,21,ml-region-t1,ML,2.1918039321899414,0.8900013566017151,19.687881469726562,1.0268173217773438,-1.1649866104125977,16.274009704589844,0.8266003727912903
base,own_fresh,21,ml-region-t2,ML,2.1689295768737793,0.8794166445732117,19.281295776367188,0.807701826095581,-1.3612277507781982,15.615154266357422,0.8098602294921875
base,own_fresh,21,ml-region-t3,ML,2.0559654235839844,0.8643583059310913,20.31670379638672,0.7766704559326172,-1.2792949676513672,16.312639236450195,0.8029175996780396
base,own_fresh,21,np-currency-t0,NP,1.5434050559997559,0.8619340658187866,18.400480270385742,0.5644471645355225,-0.9789578914642334,14.805071830749512,0.8046024441719055
base,own_fresh,21,np-currency-t3,NP,2.1879944801330566,0.8637248873710632,18.94356346130371,0.8897519111633301,-1.2982425689697266,15.437149047851562,0.8149020671844482
base,own_fresh,21,np-region-t0,NP,1.9441680908203125,0.8662096261978149,20.255922317504883,0.6692788600921631,-1.2748892307281494,16.342731475830078,0.8068125247955322
base,own_fresh,21,nz-capital-t0,NZ,1.9673571586608887,0.8712379932403564,18.157543182373047,0.8054640293121338,-1.1618931293487549,14.381715774536133,0.7920518517494202
base,own_fresh,21,nz-capital-t2,NZ,1.8831496238708496,0.8728115558624268,18.533246994018555,0.7108094692230225,-1.1723401546478271,14.378584861755371,0.7758265137672424
base,own_fresh,21,nz-capital-t3,NZ,2.0059003829956055,0.851632297039032,18.276338577270508,0.7715930938720703,-1.2343072891235352,14.190068244934082,0.7764174342155457
base,own_fresh,21,ph-capital-t1,PH,1.9127769470214844,0.8808884620666504,18.773027420043945,0.8836731910705566,-1.0291037559509277,14.922907829284668,0.7949121594429016
base,own_fresh,21,ph-capital-t2,PH,1.7743725776672363,0.8763483166694641,18.91136932373047,0.8442151546478271,-0.9301574230194092,15.205668449401855,0.8040490746498108
base,own_fresh,21,ph-currency-t0,PH,1.6597566604614258,0.8558237552642822,18.112924575805664,0.4381296634674072,-1.2216269969940186,14.9314546585083,0.8243535757064819
base,own_fresh,21,ph-currency-t2,PH,2.0368199348449707,0.8854872584342957,18.602195739746094,0.6781585216522217,-1.358661413192749,14.79559326171875,0.7953681349754333
base,own_fresh,21,ph-currency-t3,PH,2.431417465209961,0.8547948598861694,18.864013671875,0.9748382568359375,-1.4565792083740234,15.252336502075195,0.8085414171218872
base,own_fresh,21,ph-region-t0,PH,1.8722705841064453,0.8765929341316223,20.332130432128906,0.7297024726867676,-1.1425681114196777,16.523231506347656,0.8126659989356995
base,own_fresh,21,ph-region-t2,PH,2.0201244354248047,0.8791682720184326,19.470090866088867,1.224362850189209,-0.7957615852355957,15.910889625549316,0.8171964883804321
base,own_fresh,21,rs-region-t1,RS,1.9095406532287598,0.9056673049926758,20.03860092163086,1.2069268226623535,-0.7026138305664062,16.775556564331055,0.8371620774269104
base,own_fresh,21,sa-capital-t0,SA,2.0684614181518555,0.8682490587234497,18.3620662689209,0.9024531841278076,-1.1660082340240479,14.631933212280273,0.7968565821647644
base,own_fresh,21,sa-capital-t2,SA,2.027613639831543,0.8612449765205383,18.74982452392578,0.7824387550354004,-1.2451748847961426,14.836321830749512,0.7912778854370117
base,own_fresh,21,sa-capital-t3,SA,2.022861957550049,0.860325813293457,18.189594268798828,0.7938158512115479,-1.229046106338501,14.151100158691406,0.7779777646064758
base,own_fresh,21,sa-currency-t0,SA,1.5489473342895508,0.8628739714622498,18.20219612121582,0.4132692813873291,-1.1356780529022217,14.930459976196289,0.8202559947967529
base,own_fresh,21,sa-currency-t1,SA,1.6850786209106445,0.848114013671875,19.405540466308594,0.8139817714691162,-0.8710968494415283,15.323515892028809,0.7896464467048645
base,own_fresh,21,sa-currency-t2,SA,1.8790249824523926,0.8804486989974976,18.865917205810547,1.0401611328125,-0.8388638496398926,15.23061466217041,0.8073084354400635
base,own_fresh,21,sa-currency-t3,SA,2.0094876289367676,0.8554569482803345,18.715192794799805,0.6839849948883057,-1.325502634048462,15.418766021728516,0.8238635659217834
base,own_fresh,21,sk-region-t2,SK,1.9125585556030273,0.8894166350364685,18.962003707885742,0.9570846557617188,-0.9554738998413086,15.492840766906738,0.817046582698822
base,own_fresh,21,sy-capital-t0,SY,1.9149689674377441,0.8773189783096313,18.145801544189453,0.7161290645599365,-1.1988399028778076,14.429693222045898,0.7952083945274353
base,own_fresh,21,sy-capital-t1,SY,2.080303192138672,0.8607883453369141,19.044485092163086,0.6325452327728271,-1.4477579593658447,14.851499557495117,0.7798320055007935
base,own_fresh,21,sy-capital-t2,SY,1.9819703102111816,0.8798516988754272,18.045804977416992,1.046586513519287,-0.9353837966918945,14.70434284210205,0.8148344159126282
base,own_fresh,21,sy-capital-t3,SY,1.812199592590332,0.8627007603645325,18.061267852783203,0.6580960750579834,-1.1541035175323486,14.187407493591309,0.7855156064033508
base,own_fresh,21,td-region-t0,TD,1.8156275749206543,0.8704695701599121,20.169221878051758,0.5725913047790527,-1.2430362701416016,16.306819915771484,0.8085001707077026
base,own_fresh,21,td-region-t1,TD,2.1208229064941406,0.894982635974884,19.716087341308594,1.080984115600586,-1.0398387908935547,16.283275604248047,0.8258877992630005
base,own_fresh,21,td-region-t2,TD,2.03090238571167,0.8945232629776001,19.206296920776367,0.9495329856872559,-1.081369400024414,15.63908863067627,0.8142688274383545
base,own_fresh,21,xk-region-t1,XK,2.089993476867676,0.8940074443817139,19.912561416625977,1.048837661743164,-1.0411558151245117,16.70653533935547,0.8389948010444641
base,own_fresh,21,xk-region-t2,XK,1.9735536575317383,0.8834567666053772,19.15853500366211,1.0992631912231445,-0.8742904663085938,15.747441291809082,0.8219543695449829
base,own_fresh,21,af-capital-t0,AF,1.9482669830322266,0.8738025426864624,17.684785842895508,0.8954918384552002,-1.0527751445770264,14.072577476501465,0.7957448363304138
base,own_fresh,21,al-region-t1,AL,2.0459980964660645,0.9023453593254089,19.878684997558594,1.0859079360961914,-0.960090160369873,16.638254165649414,0.83698970079422
base,own_fresh,21,al-region-t2,AL,1.9424552917480469,0.8760209083557129,19.12816047668457,1.1271343231201172,-0.8153209686279297,15.402156829833984,0.8052084445953369
base,own_fresh,21,at-capital-t0,AT,1.8635530471801758,0.8714047074317932,18.349061965942383,0.7647974491119385,-1.0987555980682373,14.87141227722168,0.8104726076126099
base,own_fresh,21,at-capital-t2,AT,1.838080883026123,0.8687170743942261,18.083871841430664,0.7944774627685547,-1.0436034202575684,14.353507041931152,0.793718695640564
base,own_fresh,21,at-capital-t3,AT,1.697972297668457,0.8634100556373596,17.98722267150879,0.5457267761230469,-1.1522455215454102,14.495920181274414,0.8059009909629822
base,own_fresh,21,at-currency-t0,AT,1.5027227401733398,0.8495100736618042,18.368555068969727,0.5823044776916504,-0.9204182624816895,15.154729843139648,0.8250365853309631
base,own_fresh,21,at-currency-t1,AT,1.6620535850524902,0.8577147722244263,19.181821823120117,0.5596621036529541,-1.1023914813995361,15.065258026123047,0.7853924632072449
base,own_fresh,21,at-currency-t2,AT,1.8425874710083008,0.8780180215835571,18.323713302612305,0.874751091003418,-0.9678363800048828,14.654093742370605,0.7997338771820068
base,own_fresh,21,at-currency-t3,AT,2.0310754776000977,0.8623093366622925,18.82417869567871,0.6988143920898438,-1.332261085510254,15.407176971435547,0.8184780478477478
base,own_fresh,21,at-region-t1,AT,2.094449043273926,0.8922902345657349,19.967313766479492,0.9391918182373047,-1.155257225036621,16.747913360595703,0.8387664556503296
base,own_fresh,21,at-region-t2,AT,2.077963352203369,0.8890236020088196,19.147579193115234,1.073634147644043,-1.0043292045593262,15.795546531677246,0.8249369859695435
base,own_fresh,21,bi-region-t0,BI,1.8933839797973633,0.8599157333374023,20.0037841796875,0.7755765914916992,-1.117807388305664,16.05643081665039,0.8026696443557739
base,own_fresh,21,bi-region-t1,BI,2.0956783294677734,0.8954691886901855,19.69840431213379,1.4163641929626465,-0.679314136505127,16.14495849609375,0.8196074366569519
base,own_fresh,21,bi-region-t2,BI,2.062641143798828,0.8961514830589294,19.252975463867188,1.2862672805786133,-0.7763738632202148,15.747627258300781,0.81793212890625
base,own_fresh,21,bi-region-t3,BI,2.1823010444641113,0.8482683300971985,20.151588439941406,0.9037625789642334,-1.278538465499878,15.816575050354004,0.7848798036575317
base,own_fresh,21,ci-region-t0,CI,1.873039722442627,0.8602216839790344,20.16812515258789,0.700411319732666,-1.172628402709961,16.074920654296875,0.797045886516571
base,own_fresh,21,ci-region-t1,CI,2.1064019203186035,0.8933693766593933,20.00235366821289,1.0907092094421387,-1.0156927108764648,16.898624420166016,0.8448318243026733
base,own_fresh,21,ci-region-t2,CI,2.076796054840088,0.8896641731262207,19.442646026611328,1.0957732200622559,-0.981022834777832,16.005569458007812,0.8232197165489197
base,own_fresh,21,ci-region-t3,CI,2.1651716232299805,0.8557661771774292,20.250028610229492,0.7289409637451172,-1.4362306594848633,16.17634391784668,0.7988306879997253
base,own_fresh,21,cz-capital-t0,CZ,1.947801113128662,0.8676481246948242,18.061704635620117,0.9181711673736572,-1.0296299457550049,14.318920135498047,0.7927778959274292
base,own_fresh,21,cz-capital-t1,CZ,2.047616958618164,0.8499284982681274,18.711408615112305,0.7000479698181152,-1.3475689888000488,14.559163093566895,0.7780901789665222
base,own_fresh,21,cz-capital-t2,CZ,1.865544319152832,0.8790781497955322,17.9642333984375,0.8981153964996338,-0.9674289226531982,14.267276763916016,0.794204592704773
base,own_fresh,21,cz-region-t2,CZ,1.9960989952087402,0.8922539949417114,19.129499435424805,1.2125024795532227,-0.7835965156555176,15.560720443725586,0.8134410381317139
base,own_fresh,21,gn-region-t1,GN,1.981442928314209,0.8925861120223999,19.78443145751953,1.0800580978393555,-0.9013848304748535,16.376529693603516,0.8277482986450195
base,own_fresh,21,gn-region-t2,GN,1.9545936584472656,0.8867077827453613,19.21274757385254,1.3336362838745117,-0.6209573745727539,15.938043594360352,0.8295556902885437
base,own_fresh,21,gq-region-t1,GQ,1.968003749847412,0.8975574970245361,20.029977798461914,0.8991565704345703,-1.0688471794128418,16.624732971191406,0.8299925923347473
base,own_fresh,21,iq-capital-t0,IQ,1.7756595611572266,0.8744688630104065,17.645599365234375,1.0477700233459473,-0.7278895378112793,14.291596412658691,0.8099241256713867
base,own_fresh,21,iq-capital-t1,IQ,1.9580302238464355,0.8632980585098267,18.66305923461914,0.7296781539916992,-1.2283520698547363,14.726133346557617,0.7890524864196777
base,own_fresh,21,iq-capital-t2,IQ,1.8113117218017578,0.8696274161338806,17.736400604248047,0.9091546535491943,-0.9021570682525635,14.240370750427246,0.8028895258903503
base,own_fresh,21,ke-capital-t0,KE,1.9707121849060059,0.8933583498001099,18.49836540222168,1.0670385360717773,-0.9036736488342285,14.923773765563965,0.8067617416381836
base,own_fresh,21,ke-capital-t1,KE,2.069000720977783,0.8609017133712769,19.086620330810547,0.9465672969818115,-1.1224334239959717,14.974668502807617,0.7845636606216431
base,own_fresh,21,ke-capital-t2,KE,2.053647041320801,0.8805274367332458,17.984704971313477,0.9152629375457764,-1.1383841037750244,14.355205535888672,0.798189640045166
base,own_fresh,21,ke-capital-t3,KE,1.969007968902588,0.8766074180603027,18.289236068725586,0.7826416492462158,-1.186366319656372,14.54900074005127,0.7954952716827393
base,own_fresh,21,ke-region-t0,KE,1.9185943603515625,0.8717286586761475,20.274728775024414,0.7143857479095459,-1.2042086124420166,16.425071716308594,0.8101253509521484
base,own_fresh,21,ke-region-t1,KE,2.135014057159424,0.8906781077384949,19.890127182006836,1.0969014167785645,-1.0381126403808594,16.440153121948242,0.8265483975410461
base,own_fresh,21,ke-region-t2,KE,2.0211076736450195,0.8919009566307068,19.473243713378906,1.2798657417297363,-0.7412419319152832,15.91359806060791,0.8172032237052917
base,own_fresh,21,ke-region-t3,KE,2.2429466247558594,0.8657506108283997,20.461650848388672,0.5486915111541748,-1.6942551136016846,16.47018814086914,0.8049296140670776
base,own_fresh,21,kp-capital-t0,KP,1.8863162994384766,0.8703588843345642,17.383264541625977,0.7433316707611084,-1.1429846286773682,13.829726219177246,0.7955770492553711
base,own_fresh,21,kp-capital-t2,KP,1.8450980186462402,0.8614403009414673,17.910974502563477,1.062295913696289,-0.7828021049499512,14.155013084411621,0.790298342704773
base,own_fresh,21,kr-capital-t0,KR,1.9278926849365234,0.8769117593765259,18.622825622558594,0.8812000751495361,-1.0466926097869873,14.8966064453125,0.7999112010002136
base,own_fresh,21,kr-capital-t1,KR,2.0087838172912598,0.8659672141075134,18.97688102722168,0.6883106231689453,-1.3204731941223145,14.961771965026855,0.7884210348129272
base,own_fresh,21,kr-capital-t2,KR,1.9496822357177734,0.872266411781311,18.61652374267578,0.668785810470581,-1.2808964252471924,14.949565887451172,0.8030267357826233
base,own_fresh,21,kr-capital-t3,KR,1.9994182586669922,0.8561937212944031,18.334909439086914,0.8352432250976562,-1.164175033569336,14.313216209411621,0.7806537747383118
base,own_fresh,21,kr-region-t0,KR,1.913747787475586,0.8669294714927673,20.255529403686523,0.5608546733856201,-1.3528931140899658,16.360124588012695,0.8076868653297424
base,own_fresh,21,kr-region-t1,KR,2.0832066535949707,0.8916254639625549,20.118717193603516,0.8705708980560303,-1.2126357555389404,16.831823348999023,0.8366250991821289
base,own_fresh,21,kr-region-t2,KR,2.1492886543273926,0.8916481733322144,19.634225845336914,1.0597906112670898,-1.0894980430603027,16.02082061767578,0.8159639835357666
base,own_fresh,21,lk-capital-t0,LK,1.9846086502075195,0.8721197247505188,17.536334991455078,1.0526885986328125,-0.931920051574707,14.19052505493164,0.809207022190094
base,own_fresh,21,lk-capital-t1,LK,2.035490036010742,0.8614797592163086,19.01156997680664,0.7606425285339355,-1.2748475074768066,14.912249565124512,0.7843775749206543
base,own_fresh,21,lk-capital-t2,LK,1.9850516319274902,0.8534550666809082,19.106815338134766,0.7416341304779053,-1.243417501449585,14.611611366271973,0.7647329568862915
base,own_fresh,21,lk-capital-t3,LK,1.9592766761779785,0.8693281412124634,18.331995010375977,0.7132110595703125,-1.246065616607666,14.850602149963379,0.8100919723510742
base,own_fresh,21,sd-region-t0,SD,1.815983772277832,0.8710145950317383,20.260074615478516,0.6729719638824463,-1.1430118083953857,16.44797706604004,0.8118419051170349
base,own_fresh,21,sd-region-t1,SD,2.077282428741455,0.8880444169044495,19.930673599243164,0.9717350006103516,-1.1055474281311035,16.39211654663086,0.8224567174911499
base,own_fresh,21,sd-region-t2,SD,2.047621250152588,0.8892661333084106,19.390790939331055,1.320997714996338,-0.72662353515625,15.88286304473877,0.8190931081771851
base,own_fresh,21,sd-region-t3,SD,2.2148938179016113,0.8638803958892822,20.523771286010742,0.8162987232208252,-1.3985950946807861,16.25674057006836,0.7920932173728943
base,own_fresh,21,sl-region-t0,SL,1.842233657836914,0.8767247796058655,20.139930725097656,0.7363646030426025,-1.1058690547943115,16.345970153808594,0.8116199970245361
base,own_fresh,21,sl-region-t2,SL,2.0399370193481445,0.8892765641212463,19.014509201049805,1.4675898551940918,-0.5723471641540527,15.478283882141113,0.8140249252319336
base,own_fresh,21,tr-capital-t0,TR,1.8319120407104492,0.8572301864624023,18.059249877929688,0.8293612003326416,-1.0025508403778076,14.34167194366455,0.7941455245018005
base,own_fresh,21,tr-capital-t1,TR,2.09413480758667,0.8676019906997681,18.694427490234375,0.3906865119934082,-1.7034482955932617,14.754183769226074,0.7892289757728577
base,own_fresh,21,tr-capital-t2,TR,1.9608211517333984,0.8746955990791321,18.22907257080078,0.8724513053894043,-1.0883698463439941,14.858963966369629,0.81512451171875
base,own_fresh,21,tr-currency-t0,TR,1.6106510162353516,0.8511824607849121,18.257328033447266,0.5111560821533203,-1.0994949340820312,15.322766304016113,0.8392666578292847
base,own_fresh,21,tr-currency-t2,TR,1.9506139755249023,0.8868879079818726,18.293563842773438,0.860971212387085,-1.0896427631378174,14.699485778808594,0.8035331964492798
base,own_fresh,21,tr-currency-t3,TR,1.543233871459961,0.8491222858428955,18.940946578979492,0.8273632526397705,-0.7158706188201904,15.593377113342285,0.8232628107070923
base,own_fresh,21,ua-region-t1,UA,2.0669846534729004,0.9017870426177979,19.924686431884766,1.5226411819458008,-0.5443434715270996,16.67989158630371,0.8371469974517822
base,own_fresh,21,ua-region-t2,UA,1.9702534675598145,0.884475588798523,19.256532669067383,1.464402198791504,-0.5058512687683105,15.543231964111328,0.8071666955947876
base,own_fresh,22,cu-capital-t0,CU,2.435896396636963,0.84583580493927,19.31208038330078,1.1398539543151855,-1.2960424423217773,15.235824584960938,0.7889271378517151
base,own_fresh,22,cu-capital-t1,CU,3.0090928077697754,0.846950352191925,21.35697364807129,1.1626653671264648,-1.8464274406433105,16.353439331054688,0.765718936920166
base,own_fresh,22,cu-capital-t2,CU,2.7953858375549316,0.8508667945861816,20.344385147094727,0.8774628639221191,-1.9179229736328125,15.900071144104004,0.7815459370613098
base,own_fresh,22,cu-capital-t3,CU,2.1743521690368652,0.8349118828773499,21.411949157714844,0.9982032775878906,-1.1761488914489746,16.25266456604004,0.7590464949607849
base,own_fresh,22,fi-capital-t0,FI,3.4558286666870117,0.850536584854126,20.143043518066406,1.253343105316162,-2.2024855613708496,15.99145793914795,0.7938948273658752
base,own_fresh,22,fi-capital-t1,FI,3.568251609802246,0.8357173204421997,21.00218963623047,1.0921154022216797,-2.4761362075805664,16.12883186340332,0.7679595351219177
base,own_fresh,22,fi-capital-t2,FI,3.3923559188842773,0.8524284362792969,20.543354034423828,0.9484472274780273,-2.44390869140625,15.990554809570312,0.7783809304237366
base,own_fresh,22,fi-currency-t0,FI,1.6728472709655762,0.8555687665939331,20.020673751831055,0.5652642250061035,-1.1075830459594727,16.354583740234375,0.8168847560882568
base,own_fresh,22,fi-currency-t1,FI,1.9389286041259766,0.8379033803939819,20.900249481201172,0.6067047119140625,-1.332223892211914,16.320865631103516,0.7808933258056641
base,own_fresh,22,fi-currency-t2,FI,2.104424476623535,0.8688654899597168,20.73747444152832,1.0278258323669434,-1.0765986442565918,16.62305450439453,0.8015949130058289
base,own_fresh,22,fi-currency-t3,FI,1.9001007080078125,0.819567859172821,20.25754165649414,0.807262659072876,-1.0928380489349365,15.853867530822754,0.7826155424118042
base,own_fresh,22,fi-region-t1,FI,2.2997560501098633,0.8749150633811951,22.930694580078125,1.4348068237304688,-0.8649492263793945,18.283084869384766,0.7973192930221558
base,own_fresh,22,fi-region-t2,FI,2.4566001892089844,0.8619041442871094,22.31873893737793,1.4014520645141602,-1.0551481246948242,17.54991912841797,0.7863311171531677
base,own_fresh,22,gm-region-t1,GM,2.2384724617004395,0.8753350973129272,23.05632972717285,0.9618930816650391,-1.2765793800354004,17.991548538208008,0.7803301215171814
base,own_fresh,22,gm-region-t2,GM,2.2212648391723633,0.8730901479721069,22.54776382446289,1.2210426330566406,-1.0002222061157227,17.285396575927734,0.7666124701499939
base,own_fresh,22,ie-capital-t0,IE,3.042921543121338,0.854518711566925,20.652408599853516,1.1467080116271973,-1.8962135314941406,16.169570922851562,0.7829387187957764
base,own_fresh,22,ie-capital-t1,IE,3.4148550033569336,0.8491201400756836,21.17999267578125,0.8706209659576416,-2.544234037399292,16.305458068847656,0.7698519229888916
base,own_fresh,22,ie-capital-t2,IE,3.2782750129699707,0.848567008972168,19.83647918701172,0.8439602851867676,-2.434314727783203,16.026010513305664,0.8079059720039368
base,own_fresh,22,ie-capital-t3,IE,2.8659729957580566,0.8602455854415894,21.491985321044922,0.6563491821289062,-2.2096238136291504,16.873010635375977,0.7850838303565979
base,own_fresh,22,ie-currency-t0,IE,1.7585992813110352,0.8470486402511597,20.542051315307617,0.41315507888793945,-1.3454442024230957,16.883909225463867,0.821919322013855
base,own_fresh,22,ie-currency-t1,IE,1.8693156242370605,0.8469626903533936,20.911069869995117,0.535968542098999,-1.3333470821380615,16.286968231201172,0.7788682579994202
base,own_fresh,22,ie-currency-t2,IE,2.1281700134277344,0.8699678778648376,20.995840072631836,0.8952906131744385,-1.232879400253296,16.742544174194336,0.7974219918251038
base,own_fresh,22,ie-currency-t3,IE,2.1904187202453613,0.8240097761154175,21.017776489257812,0.5992679595947266,-1.5911507606506348,16.761920928955078,0.797511637210846
base,own_fresh,22,ie-region-t1,IE,2.3945908546447754,0.884637176990509,23.17682456970215,1.1481513977050781,-1.2464394569396973,18.680418014526367,0.8059955835342407
base,own_fresh,22,ie-region-t2,IE,2.554387092590332,0.8614855408668518,22.52555274963379,1.228139877319336,-1.326247215270996,18.088808059692383,0.8030350208282471
base,own_fresh,22,mg-region-t0,MG,2.494680404663086,0.8153301477432251,23.28521728515625,0.8611485958099365,-1.6335318088531494,17.294841766357422,0.7427391409873962
base,own_fresh,22,mg-region-t1,MG,2.231448173522949,0.8745754361152649,22.804336547851562,1.405642032623291,-0.8258061408996582,17.903324127197266,0.7850841879844666
base,own_fresh,22,mg-region-t2,MG,2.387482166290283,0.8726209998130798,22.436702728271484,1.4126396179199219,-0.9748425483703613,17.39139747619629,0.7751315832138062
base,own_fresh,22,mg-region-t3,MG,2.682060718536377,0.8351969718933105,23.45546531677246,0.7615571022033691,-1.9205036163330078,17.466625213623047,0.7446718811988831
base,own_fresh,22,ml-region-t0,ML,2.4599170684814453,0.838849663734436,23.420822143554688,0.7582240104675293,-1.701693058013916,17.878150939941406,0.7633442878723145
base,own_fresh,22,ml-region-t1,ML,2.2655625343322754,0.8810990452766418,22.874950408935547,1.5568475723266602,-0.7087149620056152,17.96493148803711,0.7853538990020752
base,own_fresh,22,ml-region-t2,ML,2.4135098457336426,0.8679882884025574,22.626497268676758,1.208667278289795,-1.2048425674438477,17.566892623901367,0.7763858437538147
base,own_fresh,22,ml-region-t3,ML,2.6089982986450195,0.8345643281936646,23.66651153564453,0.8940885066986084,-1.7149097919464111,17.54503059387207,0.741344153881073
base,own_fresh,22,np-currency-t0,NP,1.839040756225586,0.8489459156990051,20.60300636291504,0.6720545291900635,-1.1669862270355225,16.335172653198242,0.792853832244873
base,own_fresh,22,np-currency-t3,NP,2.3995161056518555,0.8278990983963013,20.576730728149414,1.0036540031433105,-1.395862102508545,15.915556907653809,0.7734735608100891
base,own_fresh,22,np-region-t0,NP,2.6312685012817383,0.8194817304611206,23.303884506225586,0.9308536052703857,-1.7004148960113525,17.69190788269043,0.7591828107833862
base,own_fresh,22,nz-capital-t0,NZ,2.942450523376465,0.8613966107368469,20.664169311523438,1.0035386085510254,-1.9389119148254395,15.975384712219238,0.7730959057807922
base,own_fresh,22,nz-capital-t2,NZ,3.232182502746582,0.8501880168914795,20.98503875732422,0.972252368927002,-2.25993013381958,16.00754737854004,0.7628076076507568
base,own_fresh,22,nz-capital-t3,NZ,2.862967014312744,0.8463022708892822,21.66019630432129,0.9094419479370117,-1.9535250663757324,16.581012725830078,0.7655060887336731
base,own_fresh,22,ph-capital-t1,PH,2.9297895431518555,0.8582638502120972,21.185548782348633,1.00850248336792,-1.9212870597839355,16.410083770751953,0.7745885848999023
base,own_fresh,22,ph-capital-t2,PH,2.9605093002319336,0.860980212688446,21.355852127075195,1.0045552253723145,-1.9559540748596191,16.65817642211914,0.7800286412239075
base,own_fresh,22,ph-currency-t0,PH,1.7327475547790527,0.8525303602218628,19.959720611572266,0.5062711238861084,-1.2264764308929443,16.338403701782227,0.818568766117096
base,own_fresh,22,ph-currency-t2,PH,2.3747363090515137,0.8787226676940918,20.945632934570312,0.7170422077178955,-1.6576941013336182,16.49734878540039,0.7876271605491638
base,own_fresh,22,ph-currency-t3,PH,2.643944263458252,0.8349967002868652,20.91619300842285,0.7672734260559082,-1.8766708374023438,16.284969329833984,0.7785819172859192
base,own_fresh,22,ph-region-t0,PH,2.5861268043518066,0.8385035991668701,23.61874771118164,0.8554048538208008,-1.7307219505310059,18.093992233276367,0.7660859823226929
base,own_fresh,22,ph-region-t2,PH,2.2600531578063965,0.8704445958137512,22.673452377319336,1.273897647857666,-0.9861555099487305,17.68000030517578,0.7797665596008301
base,own_fresh,22,rs-region-t1,RS,2.2544608116149902,0.8930858969688416,23.153310775756836,1.266801357269287,-0.9876594543457031,18.681560516357422,0.8068634867668152
base,own_fresh,22,sa-capital-t0,SA,3.3200669288635254,0.8381713628768921,20.501413345336914,1.1222705841064453,-2.19779634475708,15.92598819732666,0.7768239378929138
base,own_fresh,22,sa-capital-t2,SA,3.4300923347473145,0.8459969758987427,20.891429901123047,1.062849521636963,-2.3672428131103516,16.19934844970703,0.7754064202308655
base,own_fresh,22,sa-capital-t3,SA,3.1736507415771484,0.8510234355926514,21.11313247680664,0.865009069442749,-2.3086416721343994,16.496601104736328,0.7813431620597839
base,own_fresh,22,sa-currency-t0,SA,1.598745346069336,0.8588190674781799,19.808685302734375,0.6014320850372314,-0.9973132610321045,16.48092269897461,0.8320048451423645
base,own_fresh,22,sa-currency-t1,SA,1.791273593902588,0.8317428827285767,20.794435501098633,0.7570600509643555,-1.0342135429382324,16.502721786499023,0.7936124205589294
base,own_fresh,22,sa-currency-t2,SA,1.9763965606689453,0.8760507106781006,21.001943588256836,0.8498306274414062,-1.126565933227539,17.021745681762695,0.8104842901229858
base,own_fresh,22,sa-currency-t3,SA,1.993889331817627,0.8355785012245178,20.080245971679688,0.6711068153381348,-1.3227825164794922,16.467716217041016,0.8200953602790833
base,own_fresh,22,sk-region-t2,SK,2.2846970558166504,0.8764529824256897,22.200986862182617,1.20643949508667,-1.0782575607299805,17.181283950805664,0.7738972902297974
base,own_fresh,22,sy-capital-t0,SY,3.3073763847351074,0.852995753288269,20.5096492767334,0.9140872955322266,-2.393289089202881,15.881525993347168,0.7743440866470337
base,own_fresh,22,sy-capital-t1,SY,3.3582916259765625,0.8441911935806274,21.348739624023438,0.9012360572814941,-2.4570555686950684,16.325149536132812,0.7646891474723816
base,own_fresh,22,sy-capital-t2,SY,3.325897216796875,0.8665063381195068,20.114381790161133,1.2523603439331055,-2.0735368728637695,16.09467124938965,0.800157368183136
base,own_fresh,22,sy-capital-t3,SY,3.0277652740478516,0.8503336310386658,21.655031204223633,0.8061196804046631,-2.2216455936431885,16.80082893371582,0.7758395075798035
base,own_fresh,22,td-region-t0,TD,2.433468818664551,0.8326776623725891,23.502397537231445,0.7205657958984375,-1.7129030227661133,17.840404510498047,0.7590886950492859
base,own_fresh,22,td-region-t1,TD,2.2181639671325684,0.8905249834060669,23.00250816345215,1.3045845031738281,-0.9135794639587402,18.013057708740234,0.7830910086631775
base,own_fresh,22,td-region-t2,TD,2.319458484649658,0.8787891268730164,22.744741439819336,1.486335277557373,-0.8331232070922852,17.617321014404297,0.7745667695999146
base,own_fresh,22,xk-region-t1,XK,2.2958626747131348,0.8817589282989502,23.090003967285156,1.1605138778686523,-1.1353487968444824,18.368011474609375,0.7954962253570557
base,own_fresh,22,xk-region-t2,XK,2.3251614570617676,0.8698707818984985,22.503551483154297,1.1452088356018066,-1.179952621459961,17.467077255249023,0.7761920094490051
base,own_fresh,22,af-capital-t0,AF,3.248775005340576,0.8600531816482544,19.98177146911621,1.0810003280639648,-2.1677746772766113,15.516046524047852,0.7765100598335266
base,own_fresh,22,al-region-t1,AL,2.25162935256958,0.8897712826728821,23.09031867980957,1.2606291770935059,-0.9910001754760742,18.267953872680664,0.7911520600318909
base,own_fresh,22,al-region-t2,AL,2.286543369293213,0.865516185760498,22.44255828857422,1.290952205657959,-0.9955911636352539,17.065261840820312,0.7603973746299744
base,own_fresh,22,at-capital-t0,AT,3.5929603576660156,0.8398953676223755,20.803043365478516,0.8461205959320068,-2.746839761734009,15.995147705078125,0.7688849568367004
base,own_fresh,22,at-capital-t2,AT,3.418036937713623,0.8486573696136475,20.3444881439209,1.0320014953613281,-2.386035442352295,15.761963844299316,0.7747535109519958
base,own_fresh,22,at-capital-t3,AT,3.0376715660095215,0.8401141166687012,21.69563865661621,0.715346097946167,-2.3223254680633545,16.640226364135742,0.7669848799705505
base,own_fresh,22,at-currency-t0,AT,1.564988136291504,0.8416252136230469,20.41050148010254,0.5767428874969482,-0.9882452487945557,16.557971954345703,0.811247706413269
base,own_fresh,22,at-currency-t1,AT,1.833366870880127,0.8360463976860046,20.99359703063965,0.6362864971160889,-1.197080373764038,16.27894401550293,0.7754242420196533
base,own_fresh,22,at-currency-t2,AT,1.9257783889770508,0.8756567239761353,20.375694274902344,0.7789263725280762,-1.1468520164489746,16.20511817932129,0.7953161001205444
base,own_fresh,22,at-currency-t3,AT,1.9606623649597168,0.8294847011566162,20.366411209106445,0.8017699718475342,-1.1588923931121826,16.160503387451172,0.7934880256652832
base,own_fresh,22,at-region-t1,AT,2.3743205070495605,0.8754276037216187,23.128414154052734,1.199617862701416,-1.1747026443481445,18.49394989013672,0.7996203303337097
base,own_fresh,22,at-region-t2,AT,2.4056015014648438,0.8734694719314575,22.464719772338867,1.3266820907592773,-1.0789194107055664,17.846885681152344,0.7944406270980835
base,own_fresh,22,bi-region-t0,BI,2.5970940589904785,0.8238877058029175,23.240663528442383,0.7935953140258789,-1.8034987449645996,17.484378814697266,0.7523183822631836
base,own_fresh,22,bi-region-t1,BI,2.243783950805664,0.8866873383522034,22.86838150024414,1.4141759872436523,-0.8296079635620117,17.782102584838867,0.7775846719741821
base,own_fresh,22,bi-region-t2,BI,2.3758187294006348,0.8856207728385925,22.771421432495117,1.4261789321899414,-0.9496397972106934,17.714937210083008,0.7779460549354553
base,own_fresh,22,bi-region-t3,BI,2.850109577178955,0.8201517462730408,23.388877868652344,0.8283247947692871,-2.021784782409668,17.00464630126953,0.7270398736000061
base,own_fresh,22,ci-region-t0,CI,2.607095718383789,0.8265545964241028,23.567811965942383,0.8036544322967529,-1.8034412860870361,17.688596725463867,0.7505404949188232
base,own_fresh,22,ci-region-t1,CI,2.1620068550109863,0.8859221935272217,23.07318878173828,1.1280155181884766,-1.0339913368225098,18.614299774169922,0.8067501783370972
base,own_fresh,22,ci-region-t2,CI,2.2915377616882324,0.8813797831535339,22.782920837402344,1.3791418075561523,-0.9123959541320801,17.771976470947266,0.7800569534301758
base,own_fresh,22,ci-region-t3,CI,2.8933205604553223,0.8280179500579834,23.463361740112305,0.7023911476135254,-2.190929412841797,17.313886642456055,0.737911581993103
base,own_fresh,22,cz-capital-t0,CZ,3.4948840141296387,0.8464286923408508,20.3136043548584,1.1050076484680176,-2.389876365661621,15.707523345947266,0.7732514142990112
base,own_fresh,22,cz-capital-t1,CZ,3.371791362762451,0.8316614627838135,20.895105361938477,0.81982421875,-2.551967144012451,16.061155319213867,0.7686563730239868
base,own_fresh,22,cz-capital-t2,CZ,3.3800244331359863,0.8559641242027283,20.094863891601562,1.1219749450683594,-2.258049488067627,15.637883186340332,0.778203010559082
base,own_fresh,22,cz-region-t2,CZ,2.3336925506591797,0.8798967003822327,22.30811309814453,1.318882942199707,-1.0148096084594727,17.369434356689453,0.7786151170730591
base,own_fresh,22,gn-region-t1,GN,2.0617480278015137,0.8826586008071899,22.95180892944336,1.4437308311462402,-0.6180171966552734,18.096824645996094,0.7884705066680908
base,own_fresh,22,gn-region-t2,GN,2.2642135620117188,0.8725941181182861,22.793373107910156,1.3400068283081055,-0.9242067337036133,17.841344833374023,0.7827426195144653
base,own_fresh,22,gq-region-t1,GQ,2.2341346740722656,0.8869107961654663,23.214548110961914,1.2593693733215332,-0.9747653007507324,18.403661727905273,0.7927641868591309
base,own_fresh,22,iq-capital-t0,IQ,2.9910502433776855,0.8541644811630249,20.010406494140625,1.1691789627075195,-1.821871280670166,15.802380561828613,0.789708137512207
base,own_fresh,22,iq-capital-t1,IQ,2.993927478790283,0.8417717218399048,20.848480224609375,0.9467933177947998,-2.0471341609954834,16.14997673034668,0.7746356725692749
base,own_fresh,22,iq-capital-t2,IQ,3.0219221115112305,0.8572801351547241,20.257972717285156,1.1043953895568848,-1.9175267219543457,15.822284698486328,0.7810398936271667
base,own_fresh,22,ke-capital-t0,KE,3.038020133972168,0.8714725375175476,20.704599380493164,1.194094181060791,-1.843925952911377,16.25485610961914,0.7850843071937561
base,own_fresh,22,ke-capital-t1,KE,3.246243953704834,0.8378435373306274,21.386083602905273,1.3011326789855957,-1.9451112747192383,16.59596061706543,0.7760168313980103
base,own_fresh,22,ke-capital-t2,KE,3.3652281761169434,0.8656637668609619,20.170560836791992,1.1657800674438477,-2.1994481086730957,15.878341674804688,0.7872037887573242
base,own_fresh,22,ke-capital-t3,KE,3.056870937347412,0.8561581373214722,21.35384178161621,0.9081156253814697,-2.1487553119659424,16.700178146362305,0.7820690274238586
base,own_fresh,22,ke-region-t0,KE,2.661489963531494,0.8338942527770996,23.640531539916992,0.8302023410797119,-1.8312876224517822,17.93445587158203,0.7586316466331482
base,own_fresh,22,ke-region-t1,KE,2.208533763885498,0.8784310817718506,22.961585998535156,1.3437118530273438,-0.8648219108581543,17.992172241210938,0.7835770845413208
base,own_fresh,22,ke-region-t2,KE,2.2640132904052734,0.8798201680183411,22.740867614746094,1.4538350105285645,-0.810178279876709,17.770278930664062,0.7814248204231262
base,own_fresh,22,ke-region-t3,KE,2.9415688514709473,0.8314913511276245,23.594348907470703,0.6462006568908691,-2.295368194580078,17.615407943725586,0.7465943694114685
base,own_fresh,22,kp-capital-t0,KP,2.954375743865967,0.8524789810180664,19.538787841796875,0.822608470916748,-2.1317672729492188,15.198203086853027,0.7778478264808655
base,own_fresh,22,kp-capital-t2,KP,3.144876003265381,0.8480685353279114,19.9420166015625,1.3254070281982422,-1.8194689750671387,15.252341270446777,0.764834463596344
base,own_fresh,22,kr-capital-t0,KR,2.9945974349975586,0.8529809713363647,20.756755828857422,1.1400456428527832,-1.8545517921447754,16.25330352783203,0.7830367684364319
base,own_fresh,22,kr-capital-t1,KR,3.0474648475646973,0.8426387310028076,21.11834716796875,0.7383575439453125,-2.3091073036193848,16.320650100708008,0.7728185057640076
base,own_fresh,22,kr-capital-t2,KR,3.1912875175476074,0.8562977910041809,20.721561431884766,0.8828158378601074,-2.3084716796875,16.4257869720459,0.7926905751228333
base,own_fresh,22,kr-capital-t3,KR,3.012558937072754,0.842677891254425,21.1749324798584,0.8971118927001953,-2.1154470443725586,16.48900032043457,0.7787038087844849
base,own_fresh,22,kr-region-t0,KR,2.66403865814209,0.8321373462677002,23.410276412963867,0.6446726322174072,-2.0193660259246826,17.691753387451172,0.7557259798049927
base,own_fresh,22,kr-region-t1,KR,2.246324062347412,0.880081832408905,23.098308563232422,1.106123924255371,-1.140200138092041,18.382831573486328,0.7958518266677856
base,own_fresh,22,kr-region-t2,KR,2.360568046569824,0.8813189268112183,22.60471534729004,1.1367435455322266,-1.2238245010375977,17.655269622802734,0.7810436487197876
base,own_fresh,22,lk-capital-t0,LK,2.8306326866149902,0.8555492162704468,19.49286460876465,0.9762411117553711,-1.8543915748596191,15.291638374328613,0.7844736576080322
base,own_fresh,22,lk-capital-t1,LK,2.9871139526367188,0.8416305780410767,21.446590423583984,0.9298791885375977,-2.057234764099121,16.357036590576172,0.7626870274543762
base,own_fresh,22,lk-capital-t2,LK,3.134007453918457,0.839434027671814,21.332252502441406,0.9864885807037354,-2.1475188732147217,16.0534610748291,0.752544105052948
base,own_fresh,22,lk-capital-t3,LK,2.9650139808654785,0.843559741973877,21.88380241394043,0.8470256328582764,-2.117988348007202,16.611604690551758,0.7590821981430054
base,own_fresh,22,sd-region-t0,SD,2.5219674110412598,0.8359185457229614,23.570539474487305,0.7889108657836914,-1.7330565452575684,18.176246643066406,0.7711426019668579
base,own_fresh,22,sd-region-t1,SD,2.24630069732666,0.8806352615356445,23.135988235473633,1.0960092544555664,-1.1502914428710938,18.133424758911133,0.7837756872177124
base,own_fresh,22,sd-region-t2,SD,2.374192714691162,0.8772953748703003,22.909984588623047,1.1291003227233887,-1.2450923919677734,17.88219451904297,0.7805415391921997
base,own_fresh,22,sd-region-t3,SD,2.9288949966430664,0.829709529876709,23.70577621459961,0.8800785541534424,-2.048816442489624,17.511701583862305,0.738710343837738
base,own_fresh,22,sl-region-t0,SL,2.4813594818115234,0.8442057371139526,23.355863571166992,0.6092870235443115,-1.872072458267212,17.764728546142578,0.7606110572814941
base,own_fresh,22,sl-region-t2,SL,2.354820728302002,0.8773451447486877,22.453227996826172,1.271017074584961,-1.083803653717041,17.248865127563477,0.768213152885437
base,own_fresh,22,tr-capital-t0,TR,3.278578758239746,0.8430826663970947,20.687183380126953,0.9937670230865479,-2.2848117351531982,15.868263244628906,0.7670577168464661
base,own_fresh,22,tr-capital-t1,TR,3.566783905029297,0.8435235023498535,21.0216121673584,0.7522425651550293,-2.8145413398742676,16.331342697143555,0.7768834829330444
base,own_fresh,22,tr-capital-t2,TR,3.392693042755127,0.8553235530853271,20.39336585998535,1.0103373527526855,-2.3823556900024414,16.147329330444336,0.7917932271957397
base,own_fresh,22,tr-currency-t0,TR,1.671252727508545,0.8513443470001221,20.40959358215332,0.5387670993804932,-1.1324856281280518,16.933486938476562,0.8296827077865601
base,own_fresh,22,tr-currency-t2,TR,2.066049575805664,0.8836787939071655,20.62824249267578,1.0400428771972656,-1.0260066986083984,16.617637634277344,0.8055769801139832
base,own_fresh,22,tr-currency-t3,TR,1.5951366424560547,0.816588819026947,20.78683090209961,0.8826634883880615,-0.7124731540679932,16.549057006835938,0.7961317896842957
base,own_fresh,22,ua-region-t1,UA,2.2585582733154297,0.8926219344139099,23.008609771728516,1.6477398872375488,-0.6108183860778809,18.44547462463379,0.8016770482063293
base,own_fresh,22,ua-region-t2,UA,2.274770736694336,0.8719334602355957,22.527345657348633,1.415234088897705,-0.8595366477966309,17.296783447265625,0.7678127884864807
primary,published,16,cu-capital-t0,CU,1.2059502601623535,0.9945142865180969,11.651240348815918,0.85727858543396,-0.34867167472839355,11.59459400177002,0.9951381683349609
primary,published,16,cu-capital-t1,CU,0.992316484451294,0.992881178855896,10.850921630859375,0.9543437957763672,-0.03797268867492676,10.801700592041016,0.9954639077186584
primary,published,16,cu-capital-t2,CU,1.4030518531799316,0.9944788217544556,10.682727813720703,0.8627450466156006,-0.540306806564331,10.643026351928711,0.9962835907936096
primary,published,16,cu-capital-t3,CU,1.179025650024414,0.996010422706604,11.619544982910156,0.785057544708252,-0.3939681053161621,11.564077377319336,0.9952263236045837
primary,published,16,fi-capital-t0,FI,0.9103498458862305,0.9875593185424805,12.030261039733887,0.7218267917633057,-0.1885230541229248,11.905442237854004,0.9896246194839478
primary,published,16,fi-capital-t1,FI,0.8615906238555908,0.9949928522109985,11.058070182800293,0.8857159614562988,0.024125337600708008,11.02358341217041,0.9968813061714172
primary,published,16,fi-capital-t2,FI,1.1824421882629395,0.9956523180007935,11.02226448059082,0.8296809196472168,-0.35276126861572266,10.981704711914062,0.9963201880455017
primary,published,16,fi-currency-t0,FI,1.132354736328125,0.9934496879577637,10.768796920776367,0.5591702461242676,-0.5731844902038574,10.719523429870605,0.9954244494438171
primary,published,16,fi-currency-t1,FI,0.9176440238952637,0.985190749168396,11.037282943725586,0.942432165145874,0.02478814125061035,10.910140991210938,0.9884806871414185
primary,published,16,fi-currency-t2,FI,1.153407096862793,0.9958467483520508,10.446627616882324,0.5359275341033936,-0.6174795627593994,10.404641151428223,0.9959808588027954
primary,published,16,fi-currency-t3,FI,1.0168976783752441,0.9953290224075317,10.783772468566895,0.6331007480621338,-0.38379693031311035,10.744775772094727,0.996383786201477
primary,published,16,fi-region-t1,FI,1.2408175468444824,0.9896488189697266,11.079294204711914,0.9864764213562012,-0.25434112548828125,10.988824844360352,0.9918344020843506
primary,published,16,fi-region-t2,FI,1.2618207931518555,0.9846224784851074,11.081472396850586,1.494138240814209,0.23231744766235352,10.965713500976562,0.9895538091659546
primary,published,16,gm-region-t1,GM,1.2892775535583496,0.9902215003967285,10.922463417053223,0.8268883228302002,-0.4623892307281494,10.830092430114746,0.9915430545806885
primary,published,16,gm-region-t2,GM,1.3093385696411133,0.9840179681777954,11.053651809692383,1.3605279922485352,0.051189422607421875,10.934065818786621,0.9891813397407532
primary,published,16,ie-capital-t0,IE,0.9003362655639648,0.9883614778518677,12.15493106842041,0.7447676658630371,-0.15556859970092773,12.029311180114746,0.9896650910377502
primary,published,16,ie-capital-t1,IE,0.9255807399749756,0.9932334423065186,11.100541114807129,1.0720562934875488,0.14647555351257324,11.063796043395996,0.9966897964477539
primary,published,16,ie-capital-t2,IE,1.504971981048584,0.9949616193771362,10.756720542907715,0.7780401706695557,-0.7269318103790283,10.710736274719238,0.9957250952720642
primary,published,16,ie-capital-t3,IE,0.9160654544830322,0.9912824034690857,11.870572090148926,0.7828695774078369,-0.1331958770751953,11.779308319091797,0.9923117756843567
primary,published,16,ie-currency-t0,IE,1.1923985481262207,0.9945098757743835,10.876160621643066,0.5499322414398193,-0.6424663066864014,10.8285493850708,0.9956223964691162
primary,published,16,ie-currency-t1,IE,0.9579808712005615,0.9808797836303711,11.04306697845459,0.9731941223144531,0.015213251113891602,10.890619277954102,0.9861951470375061
primary,published,16,ie-currency-t2,IE,1.2730216979980469,0.9947124719619751,10.438433647155762,0.5165810585021973,-0.7564406394958496,10.397722244262695,0.9960998296737671
primary,published,16,ie-currency-t3,IE,1.0740399360656738,0.994672954082489,11.097638130187988,0.5387115478515625,-0.5353283882141113,11.049352645874023,0.9956490397453308
primary,published,16,ie-region-t1,IE,1.3155159950256348,0.9891927242279053,11.062259674072266,0.9763538837432861,-0.33916211128234863,10.975525856018066,0.9921594858169556
primary,published,16,ie-region-t2,IE,1.4180879592895508,0.9906895160675049,11.092201232910156,0.8677170276641846,-0.5503709316253662,10.994407653808594,0.9911835789680481
primary,published,16,mg-region-t0,MG,1.578585147857666,0.9713653326034546,11.538045883178711,0.8270978927612305,-0.7514872550964355,11.285272598266602,0.9780921936035156
primary,published,16,mg-region-t1,MG,1.2756319046020508,0.989321231842041,11.011927604675293,0.9554891586303711,-0.3201427459716797,10.917110443115234,0.9913895726203918
primary,published,16,mg-region-t2,MG,1.2852039337158203,0.9854634404182434,11.159865379333496,1.4265952110290527,0.14139127731323242,11.054844856262207,0.990589439868927
primary,published,16,mg-region-t3,MG,2.0954222679138184,0.9729776382446289,12.30700969696045,1.1539874076843262,-0.9414348602294922,12.09167766571045,0.9825032949447632
primary,published,16,ml-region-t0,ML,1.544722080230713,0.9694840908050537,11.576637268066406,0.8103845119476318,-0.734337568283081,11.318792343139648,0.9777271151542664
primary,published,16,ml-region-t1,ML,1.237971305847168,0.9893761873245239,10.84628677368164,0.9735665321350098,-0.2644047737121582,10.752579689025879,0.9913604259490967
primary,published,16,ml-region-t2,ML,1.3059277534484863,0.9870436191558838,11.037450790405273,1.3021798133850098,-0.0037479400634765625,10.911820411682129,0.9886178374290466
primary,published,16,ml-region-t3,ML,2.0407347679138184,0.9726147651672363,12.27983570098877,1.1532578468322754,-0.887476921081543,12.069896697998047,0.982903778553009
primary,published,16,np-currency-t0,NP,1.0559272766113281,0.9925673604011536,10.68838882446289,0.6269700527191162,-0.4289572238922119,10.64188003540039,0.9956486821174622
primary,published,16,np-currency-t3,NP,1.0257549285888672,0.9950376152992249,10.790128707885742,0.6812574863433838,-0.3444974422454834,10.748526573181152,0.9961444139480591
primary,published,16,np-region-t0,NP,1.581122875213623,0.9682106971740723,11.604351997375488,1.006591796875,-0.574531078338623,11.358826637268066,0.9788419604301453
primary,published,16,nz-capital-t0,NZ,0.8863012790679932,0.9856797456741333,11.507389068603516,0.7764377593994141,-0.1098635196685791,11.388978004455566,0.9897099733352661
primary,published,16,nz-capital-t2,NZ,1.251072883605957,0.9962193369865417,10.815435409545898,0.8486313819885254,-0.40244150161743164,10.775050163269043,0.9962659478187561
primary,published,16,nz-capital-t3,NZ,0.947577953338623,0.974368691444397,11.490076065063477,1.0530786514282227,0.10550069808959961,11.298177719116211,0.9832987785339355
primary,published,16,ph-capital-t1,PH,0.9285597801208496,0.9884358644485474,10.94377613067627,0.8992874622344971,-0.02927231788635254,10.839600563049316,0.9904808402061462
primary,published,16,ph-capital-t2,PH,1.3250083923339844,0.9953579306602478,11.028959274291992,0.8562014102935791,-0.4688069820404053,10.985590934753418,0.9960677623748779
primary,published,16,ph-currency-t0,PH,1.207679271697998,0.9924861192703247,10.539571762084961,0.5835886001586914,-0.6240906715393066,10.487918853759766,0.9950991272926331
primary,published,16,ph-currency-t2,PH,1.244575023651123,0.9953183531761169,10.443156242370605,0.5786697864532471,-0.665905237197876,10.40066146850586,0.9959308505058289
primary,published,16,ph-currency-t3,PH,1.032501220703125,0.9937340021133423,10.654062271118164,0.732858419418335,-0.29964280128479004,10.613070487976074,0.9961524605751038
primary,published,16,ph-region-t0,PH,1.6195764541625977,0.9710476994514465,11.553184509277344,0.949894905090332,-0.6696815490722656,11.310362815856934,0.9789822697639465
primary,published,16,ph-region-t2,PH,1.358473300933838,0.9914090633392334,11.357987403869629,0.8554210662841797,-0.5030522346496582,11.25904369354248,0.9912886023521423
primary,published,16,rs-region-t1,RS,1.0869297981262207,0.989063560962677,10.93352222442627,1.0225443840026855,-0.06438541412353516,10.847702026367188,0.9921507239341736
primary,published,16,sa-capital-t0,SA,0.9445157051086426,0.9790900945663452,11.639577865600586,0.716421365737915,-0.22809433937072754,11.474989891052246,0.9858596324920654
primary,published,16,sa-capital-t2,SA,1.3237018585205078,0.995433509349823,10.85307502746582,0.7974226474761963,-0.5262792110443115,10.813603401184082,0.99636310338974
primary,published,16,sa-capital-t3,SA,0.9720156192779541,0.9778420329093933,11.436022758483887,0.7077152729034424,-0.2643003463745117,11.262327194213867,0.984811544418335
primary,published,16,sa-currency-t0,SA,1.1239514350891113,0.9933028817176819,10.848319053649902,0.5469098091125488,-0.5770416259765625,10.799660682678223,0.9955146908760071
primary,published,16,sa-currency-t1,SA,0.9735119342803955,0.9799278974533081,10.883548736572266,0.9272470474243164,-0.0462648868560791,10.735122680664062,0.9863623380661011
primary,published,16,sa-currency-t2,SA,1.1778597831726074,0.9878493547439575,10.251358985900879,0.45325660705566406,-0.7246031761169434,10.13675594329834,0.9888206720352173
primary,published,16,sa-currency-t3,SA,1.047816276550293,0.987524151802063,10.894195556640625,0.6764357089996338,-0.3713805675506592,10.776628494262695,0.9892082810401917
primary,published,16,sk-region-t2,SK,1.378021240234375,0.9881348609924316,10.936470985412598,1.1622123718261719,-0.21580886840820312,10.819391250610352,0.9892945885658264
primary,published,16,sy-capital-t0,SY,0.9486160278320312,0.9795212149620056,11.95373821258545,0.5762085914611816,-0.3724074363708496,11.786478996276855,0.986007809638977
primary,published,16,sy-capital-t1,SY,0.9016170501708984,0.9959861040115356,10.941853523254395,0.7694785594940186,-0.13213849067687988,10.903532028198242,0.9964976906776428
primary,published,16,sy-capital-t2,SY,1.3366708755493164,0.9952366352081299,10.832301139831543,0.7866685390472412,-0.5500023365020752,10.791378021240234,0.9962221384048462
primary,published,16,sy-capital-t3,SY,0.969628095626831,0.9767281413078308,11.79670524597168,0.6248445510864258,-0.3447835445404053,11.625651359558105,0.9854998588562012
primary,published,16,td-region-t0,TD,1.5792980194091797,0.9707500338554382,11.596783638000488,0.8510711193084717,-0.728226900100708,11.348475456237793,0.9785881638526917
primary,published,16,td-region-t1,TD,1.1815733909606934,0.9905266165733337,10.857879638671875,0.9429090023040771,-0.2386643886566162,10.769806861877441,0.9918885827064514
primary,published,16,td-region-t2,TD,1.3248744010925293,0.985018253326416,11.00877571105957,1.241330623626709,-0.08354377746582031,10.887155532836914,0.9889524579048157
primary,published,16,xk-region-t1,XK,1.114664077758789,0.9870129227638245,10.898218154907227,1.0993561744689941,-0.015307903289794922,10.797856330871582,0.9907909631729126
primary,published,16,xk-region-t2,XK,1.296154499053955,0.9840008020401001,11.0086088180542,1.3406405448913574,0.044486045837402344,10.869568824768066,0.9873698949813843
primary,published,16,af-capital-t0,AF,0.9075577259063721,0.9822189807891846,11.421117782592773,0.6111569404602051,-0.296400785446167,11.276423454284668,0.987330973148346
primary,published,16,al-region-t1,AL,1.2252392768859863,0.9900636672973633,10.795464515686035,0.7896332740783691,-0.4356060028076172,10.692266464233398,0.9904406070709229
primary,published,16,al-region-t2,AL,1.3568072319030762,0.9837050437927246,11.053398132324219,1.2766175270080566,-0.08018970489501953,10.923680305480957,0.9882644414901733
primary,published,16,at-capital-t0,AT,0.8875641822814941,0.9818234443664551,12.120094299316406,0.48032188415527344,-0.4072422981262207,11.964254379272461,0.987142026424408
primary,published,16,at-capital-t2,AT,1.215043544769287,0.9946886301040649,10.909910202026367,0.8609824180603027,-0.3540611267089844,10.868460655212402,0.9962007403373718
primary,published,16,at-capital-t3,AT,0.9296720027923584,0.9768914580345154,11.949273109436035,0.545433521270752,-0.38423848152160645,11.781865119934082,0.9859901070594788
primary,published,16,at-currency-t0,AT,1.1785402297973633,0.9950617551803589,10.770559310913086,0.49211978912353516,-0.6864204406738281,10.721283912658691,0.9954249858856201
primary,published,16,at-currency-t1,AT,0.940772294998169,0.9821141362190247,10.982768058776855,1.0747122764587402,0.1339399814605713,10.850122451782227,0.9879223704338074
primary,published,16,at-currency-t2,AT,1.1126680374145508,0.986835777759552,10.206572532653809,0.5836198329925537,-0.5290482044219971,10.115433692932129,0.991070568561554
primary,published,16,at-currency-t3,AT,1.1265802383422852,0.9952541589736938,10.933131217956543,0.6196069717407227,-0.5069732666015625,10.89234733581543,0.996269702911377
primary,published,16,at-region-t1,AT,1.2880911827087402,0.9901119470596313,11.04510498046875,0.9634609222412109,-0.3246302604675293,10.957111358642578,0.9920332431793213
primary,published,16,at-region-t2,AT,1.270556926727295,0.9853769540786743,11.064437866210938,1.206089973449707,-0.06446695327758789,10.936546325683594,0.9884412288665771
primary,published,16,bi-region-t0,BI,1.5333833694458008,0.9704671502113342,11.547200202941895,0.7884142398834229,-0.7449691295623779,11.298868179321289,0.9784941673278809
primary,published,16,bi-region-t1,BI,1.2746472358703613,0.9891388416290283,10.897421836853027,0.9014005661010742,-0.3732466697692871,10.804961204528809,0.9915153384208679
primary,published,16,bi-region-t2,BI,1.2723731994628906,0.9882020354270935,11.151330947875977,1.12589693069458,-0.14647626876831055,11.056286811828613,0.9914768934249878
primary,published,16,bi-region-t3,BI,2.105952262878418,0.9641715884208679,12.20207691192627,1.2526507377624512,-0.8533015251159668,11.97431755065918,0.981334388256073
primary,published,16,ci-region-t0,CI,1.601475715637207,0.969641923904419,11.58216381072998,0.8134548664093018,-0.7880208492279053,11.31978988647461,0.9773467183113098
primary,published,16,ci-region-t1,CI,1.3134117126464844,0.9884517192840576,10.901093482971191,0.9299898147583008,-0.3834218978881836,10.80820369720459,0.9914788603782654
primary,published,16,ci-region-t2,CI,1.324258804321289,0.9899243116378784,11.153066635131836,0.9631578922271729,-0.3611009120941162,11.049956321716309,0.9907549619674683
primary,published,16,ci-region-t3,CI,2.1503591537475586,0.9655539989471436,12.296833992004395,1.185168743133545,-0.9651904106140137,12.054210662841797,0.9802694320678711
primary,published,16,cz-capital-t0,CZ,0.9180722236633301,0.9794248342514038,11.750663757324219,0.5336480140686035,-0.38442420959472656,11.582470893859863,0.9856865406036377
primary,published,16,cz-capital-t1,CZ,0.8607404232025146,0.9818141460418701,10.818315505981445,0.9793481826782227,0.11860775947570801,10.675713539123535,0.9868184924125671
primary,published,16,cz-capital-t2,CZ,1.0803885459899902,0.9957625865936279,10.895320892333984,0.7959485054016113,-0.2844400405883789,10.857294082641602,0.9965097904205322
primary,published,16,cz-region-t2,CZ,1.2910704612731934,0.9889030456542969,10.914142608642578,0.9865128993988037,-0.30455756187438965,10.80222225189209,0.9897453784942627
primary,published,16,gn-region-t1,GN,1.2218976020812988,0.9894282221794128,10.829172134399414,0.9044241905212402,-0.3174734115600586,10.740918159484863,0.9918503761291504
primary,published,16,gn-region-t2,GN,1.2487378120422363,0.9860630035400391,10.967936515808105,1.282038688659668,0.03330087661743164,10.849063873291016,0.9891617894172668
primary,published,16,gq-region-t1,GQ,1.1941895484924316,0.9900181293487549,10.956461906433105,0.8766145706176758,-0.31757497787475586,10.86861801147461,0.9919824600219727
primary,published,16,iq-capital-t0,IQ,0.9219760894775391,0.9879677295684814,11.428719520568848,0.6951353549957275,-0.22684073448181152,11.305937767028809,0.989256739616394
primary,published,16,iq-capital-t1,IQ,0.8929269313812256,0.9888166189193726,10.735563278198242,0.8638570308685303,-0.029069900512695312,10.636448860168457,0.9907676577568054
primary,published,16,iq-capital-t2,IQ,1.22003173828125,0.995734453201294,10.641557693481445,0.7310276031494141,-0.48900413513183594,10.60372543334961,0.9964448809623718
primary,published,16,ke-capital-t0,KE,0.9185731410980225,0.9770453572273254,11.912196159362793,0.6461596488952637,-0.2724134922027588,11.746889114379883,0.9861228466033936
primary,published,16,ke-capital-t1,KE,0.8841712474822998,0.9880932569503784,11.015140533447266,0.8770692348480225,-0.007102012634277344,10.913454055786133,0.9907684922218323
primary,published,16,ke-capital-t2,KE,1.1619434356689453,0.9959480166435242,10.907248497009277,0.7929625511169434,-0.36898088455200195,10.869488716125488,0.9965381026268005
primary,published,16,ke-capital-t3,KE,0.9601459503173828,0.9813063144683838,11.75906753540039,0.66949462890625,-0.2906513214111328,11.593923568725586,0.9859560132026672
primary,published,16,ke-region-t0,KE,1.5048308372497559,0.9737445116043091,11.671835899353027,0.7361283302307129,-0.768702507019043,11.41911506652832,0.9783477783203125
primary,published,16,ke-region-t1,KE,1.3151435852050781,0.9885464906692505,11.032587051391602,0.9400382041931152,-0.3751053810119629,10.9358491897583,0.9912316203117371
primary,published,16,ke-region-t2,KE,1.3342585563659668,0.9816477298736572,11.121540069580078,1.5124759674072266,0.17821741104125977,11.003575325012207,0.9893931150436401
primary,published,16,ke-region-t3,KE,2.083794593811035,0.964630663394928,12.48351001739502,1.2399883270263672,-0.843806266784668,12.246088981628418,0.9809812307357788
primary,published,16,kp-capital-t0,KP,0.9656240940093994,0.9874528646469116,11.64647102355957,0.6310813426971436,-0.33454275131225586,11.51281452178955,0.9885238409042358
primary,published,16,kp-capital-t2,KP,1.2283267974853516,0.9955075979232788,10.842768669128418,0.8053145408630371,-0.42301225662231445,10.802511215209961,0.9962871670722961
primary,published,16,kr-capital-t0,KR,0.9568352699279785,0.9814879894256592,12.066524505615234,0.6522278785705566,-0.3046073913574219,11.9081392288208,0.986873984336853
primary,published,16,kr-capital-t1,KR,0.9094703197479248,0.9882282018661499,11.037285804748535,0.8635571002960205,-0.0459132194519043,10.929089546203613,0.9901971817016602
primary,published,16,kr-capital-t2,KR,1.1597847938537598,0.9951225519180298,10.920614242553711,0.8366773128509521,-0.3231074810028076,10.879586219787598,0.9962430596351624
primary,published,16,kr-capital-t3,KR,0.9888567924499512,0.9784883260726929,11.809613227844238,0.6057100296020508,-0.3831467628479004,11.625714302062988,0.9844280481338501
primary,published,16,kr-region-t0,KR,1.6178369522094727,0.9686923027038574,11.469536781311035,0.8780848979949951,-0.7397520542144775,11.220589637756348,0.9782949090003967
primary,published,16,kr-region-t1,KR,1.2129755020141602,0.9888347387313843,11.038835525512695,0.9327700138092041,-0.28020548820495605,10.94540023803711,0.9915357828140259
primary,published,16,kr-region-t2,KR,1.1787514686584473,0.987093448638916,11.133992195129395,1.2835445404052734,0.10479307174682617,11.00989818572998,0.9888544678688049
primary,published,16,lk-capital-t0,LK,0.8498344421386719,0.9799504280090332,11.442289352416992,0.5642542839050293,-0.2855801582336426,11.285542488098145,0.986301064491272
primary,published,16,lk-capital-t1,LK,0.9212226867675781,0.9959802627563477,10.774527549743652,0.795562744140625,-0.12565994262695312,10.733508110046387,0.9961929321289062
primary,published,16,lk-capital-t2,LK,1.1855535507202148,0.9955001473426819,10.543651580810547,0.8542013168334961,-0.33135223388671875,10.506226539611816,0.9964504837989807
primary,published,16,lk-capital-t3,LK,0.8221914768218994,0.9777502417564392,11.211784362792969,0.6130602359771729,-0.20913124084472656,11.055986404418945,0.9861040711402893
primary,published,16,sd-region-t0,SD,1.6225309371948242,0.970019519329071,11.40462589263916,0.8517260551452637,-0.7708048820495605,11.166418075561523,0.9791130423545837
primary,published,16,sd-region-t1,SD,1.2201628684997559,0.9898488521575928,10.86172866821289,0.8745589256286621,-0.34560394287109375,10.769346237182617,0.9914946556091309
primary,published,16,sd-region-t2,SD,1.2225284576416016,0.984020471572876,10.896536827087402,1.4515433311462402,0.22901487350463867,10.79106616973877,0.9903207421302795
primary,published,16,sd-region-t3,SD,1.990403652191162,0.9668035507202148,12.197953224182129,1.0857124328613281,-0.904691219329834,11.96635627746582,0.9810134768486023
primary,published,16,sl-region-t0,SL,1.54298734664917,0.9726933836936951,11.609621047973633,0.7977187633514404,-0.7452685832977295,11.355817794799805,0.9781385660171509
primary,published,16,sl-region-t2,SL,1.3079533576965332,0.985407829284668,11.111715316772461,1.2572808265686035,-0.05067253112792969,10.999062538146973,0.989861786365509
primary,published,16,tr-capital-t0,TR,0.93212890625,0.9855290651321411,11.844215393066406,0.7617805004119873,-0.1703484058380127,11.709988594055176,0.9886673092842102
primary,published,16,tr-capital-t1,TR,0.895423412322998,0.9943883419036865,10.983238220214844,0.935600757598877,0.040177345275878906,10.94208812713623,0.9962533712387085
primary,published,16,tr-capital-t2,TR,1.3371410369873047,0.9952856302261353,10.992959022521973,0.8029477596282959,-0.5341932773590088,10.950246810913086,0.9961146116256714
primary,published,16,tr-currency-t0,TR,1.0623927116394043,0.9935283064842224,10.569742202758789,0.6316726207733154,-0.43072009086608887,10.530098915100098,0.9962493777275085
primary,published,16,tr-currency-t2,TR,1.2588939666748047,0.9953693151473999,10.332306861877441,0.5491616725921631,-0.7097322940826416,10.292516708374023,0.996148943901062
primary,published,16,tr-currency-t3,TR,1.1232304573059082,0.9942818284034729,10.71200942993164,0.6427483558654785,-0.4804821014404297,10.667030334472656,0.9958010315895081
primary,published,16,ua-region-t1,UA,1.2536711692810059,0.98953777551651,10.934940338134766,0.9624435901641846,-0.2912275791168213,10.841151237487793,0.9914230108261108
primary,published,16,ua-region-t2,UA,1.3415131568908691,0.9841126203536987,11.082316398620605,1.4365248680114746,0.09501171112060547,10.959817886352539,0.9889464974403381
primary,published,18,cu-capital-t0,CU,1.4074106216430664,0.968761146068573,13.068552017211914,1.5624237060546875,0.1550130844116211,12.483559608459473,0.9552366137504578
primary,published,18,cu-capital-t1,CU,1.3688578605651855,0.9649791717529297,12.60611629486084,1.4508452415466309,0.08198738098144531,12.019547462463379,0.9534695148468018
primary,published,18,cu-capital-t2,CU,1.6915717124938965,0.9514225125312805,12.865788459777832,1.6735806465148926,-0.017991065979003906,12.149479866027832,0.9443245530128479
primary,published,18,cu-capital-t3,CU,1.3089451789855957,0.9683899879455566,13.228470802307129,1.3497343063354492,0.040789127349853516,12.623271942138672,0.9542502760887146
primary,published,18,fi-capital-t0,FI,1.1938600540161133,0.9597152471542358,13.595623970031738,1.637376308441162,0.44351625442504883,12.84826946258545,0.9450297951698303
primary,published,18,fi-capital-t1,FI,1.3393254280090332,0.9759511947631836,12.771003723144531,1.4527974128723145,0.11347198486328125,12.261017799377441,0.9600669145584106
primary,published,18,fi-capital-t2,FI,1.3623619079589844,0.966619610786438,13.30392837524414,1.4330024719238281,0.07064056396484375,12.702338218688965,0.9547809958457947
primary,published,18,fi-currency-t0,FI,1.1074633598327637,0.9597936868667603,12.724778175354004,1.6177544593811035,0.5102910995483398,12.081978797912598,0.9494844079017639
primary,published,18,fi-currency-t1,FI,1.199751853942871,0.9609716534614563,13.043521881103516,1.597536563873291,0.3977847099304199,12.20673656463623,0.9358466863632202
primary,published,18,fi-currency-t2,FI,1.178473949432373,0.9550251960754395,12.528830528259277,1.8134126663208008,0.6349387168884277,11.871755599975586,0.9475549459457397
primary,published,18,fi-currency-t3,FI,1.2374029159545898,0.9652707576751709,12.573420524597168,1.791628360748291,0.5542254447937012,11.94537353515625,0.950049638748169
primary,published,18,fi-region-t1,FI,1.7098345756530762,0.9582105278968811,14.218576431274414,1.1929864883422852,-0.516848087310791,13.180582046508789,0.9269973039627075
primary,published,18,fi-region-t2,FI,1.922348976135254,0.9510354399681091,14.066957473754883,1.4666385650634766,-0.45571041107177734,13.026885032653809,0.9260627031326294
primary,published,18,gm-region-t1,GM,1.7074251174926758,0.960404634475708,13.642266273498535,1.3540692329406738,-0.35335588455200195,12.718099594116211,0.9322571158409119
primary,published,18,gm-region-t2,GM,1.8847107887268066,0.9531259536743164,13.818317413330078,1.5390009880065918,-0.34570980072021484,12.847103118896484,0.9297154545783997
primary,published,18,ie-capital-t0,IE,1.2269797325134277,0.9578802585601807,13.530874252319336,1.6507787704467773,0.4237990379333496,12.769948959350586,0.943763792514801
primary,published,18,ie-capital-t1,IE,1.3511013984680176,0.9727067351341248,12.744315147399902,1.4927473068237305,0.1416459083557129,12.17979621887207,0.9557042717933655
primary,published,18,ie-capital-t2,IE,1.5981884002685547,0.9652693867683411,13.040020942687988,1.429114818572998,-0.16907358169555664,12.41355037689209,0.9519578814506531
primary,published,18,ie-capital-t3,IE,1.1679668426513672,0.964428186416626,13.39217472076416,1.4487595558166504,0.2807927131652832,12.708253860473633,0.9489313364028931
primary,published,18,ie-currency-t0,IE,1.162607192993164,0.967576265335083,12.987988471984863,1.485790729522705,0.323183536529541,12.229669570922852,0.9416138529777527
primary,published,18,ie-currency-t1,IE,1.2516117095947266,0.9484425187110901,13.192872047424316,1.5174908638000488,0.26587915420532227,12.224356651306152,0.9265879988670349
primary,published,18,ie-currency-t2,IE,1.2213234901428223,0.9613350629806519,12.634060859680176,1.1909904479980469,-0.03033304214477539,11.931814193725586,0.9444164037704468
primary,published,18,ie-currency-t3,IE,1.2848048210144043,0.9620416164398193,12.842301368713379,1.681593894958496,0.3967890739440918,12.179485321044922,0.9483880400657654
primary,published,18,ie-region-t1,IE,1.7040824890136719,0.9569467902183533,14.128321647644043,1.1710662841796875,-0.5330162048339844,13.056660652160645,0.9241480231285095
primary,published,18,ie-region-t2,IE,1.985987663269043,0.9535928964614868,13.868810653686523,1.2269377708435059,-0.7590498924255371,12.910160064697266,0.9308772087097168
primary,published,18,mg-region-t0,MG,1.841169834136963,0.9404125809669495,13.692643165588379,1.5753593444824219,-0.265810489654541,12.710919380187988,0.9283028244972229
primary,published,18,mg-region-t1,MG,1.7660093307495117,0.952635645866394,13.857179641723633,1.589141845703125,-0.17686748504638672,12.806618690490723,0.9241865277290344
primary,published,18,mg-region-t2,MG,1.9785118103027344,0.9540590047836304,13.985451698303223,1.6367802619934082,-0.34173154830932617,12.966987609863281,0.9271768927574158
primary,published,18,mg-region-t3,MG,2.139101028442383,0.9494547843933105,14.291173934936523,1.5096182823181152,-0.6294827461242676,13.362370491027832,0.9350085854530334
primary,published,18,ml-region-t0,ML,1.7853584289550781,0.9387714266777039,13.66366958618164,1.5474824905395508,-0.23787593841552734,12.703447341918945,0.929724395275116
primary,published,18,ml-region-t1,ML,1.7486262321472168,0.9537315368652344,13.755505561828613,1.4874310493469238,-0.26119518280029297,12.709187507629395,0.9239345788955688
primary,published,18,ml-region-t2,ML,1.9248933792114258,0.9554441571235657,13.828865051269531,1.5473575592041016,-0.3775358200073242,12.906783103942871,0.9333219528198242
primary,published,18,ml-region-t3,ML,2.0702223777770996,0.9467271566390991,14.071754455566406,1.5126285552978516,-0.557593822479248,13.178191184997559,0.9364995360374451
primary,published,18,np-currency-t0,NP,1.1415104866027832,0.9644331932067871,12.61268138885498,1.617537021636963,0.4760265350341797,11.98241138458252,0.9500288367271423
primary,published,18,np-currency-t3,NP,1.226201057434082,0.9627193808555603,12.501163482666016,1.7993249893188477,0.5731239318847656,11.83987045288086,0.9471014738082886
primary,published,18,np-region-t0,NP,1.9220185279846191,0.9346623420715332,13.923738479614258,1.6595935821533203,-0.26242494583129883,12.863934516906738,0.9238851070404053
primary,published,18,nz-capital-t0,NZ,1.1827325820922852,0.9552630186080933,13.008026123046875,2.334153652191162,1.151421070098877,12.260271072387695,0.9425158500671387
primary,published,18,nz-capital-t2,NZ,1.4292149543762207,0.9607733488082886,12.87780475616455,1.3191609382629395,-0.11005401611328125,12.256381034851074,0.9517446160316467
primary,published,18,nz-capital-t3,NZ,1.0930004119873047,0.9510993957519531,13.272415161132812,2.1330065727233887,1.040006160736084,12.428380966186523,0.9364069104194641
primary,published,18,ph-capital-t1,PH,1.3532843589782715,0.9578572511672974,12.508405685424805,1.7539496421813965,0.400665283203125,11.849248886108398,0.9473028779029846
primary,published,18,ph-capital-t2,PH,1.4621191024780273,0.9550288915634155,13.348377227783203,1.5056219100952148,0.0435028076171875,12.71442699432373,0.9525073170661926
primary,published,18,ph-currency-t0,PH,1.1302924156188965,0.9640825986862183,12.669054985046387,1.5587186813354492,0.42842626571655273,11.981193542480469,0.9457054138183594
primary,published,18,ph-currency-t2,PH,1.2618365287780762,0.9488595724105835,12.627169609069824,1.7263202667236328,0.46448373794555664,11.81684684753418,0.9358270764350891
primary,published,18,ph-currency-t3,PH,1.2497987747192383,0.9643745422363281,12.491507530212402,1.6746859550476074,0.42488718032836914,11.857455253601074,0.9492413401603699
primary,published,18,ph-region-t0,PH,2.025517463684082,0.9407130479812622,13.972672462463379,1.6209807395935059,-0.40453672409057617,12.873435974121094,0.9213295578956604
primary,published,18,ph-region-t2,PH,2.0542001724243164,0.9544883966445923,14.36862850189209,1.0084400177001953,-1.045760154724121,13.283313751220703,0.9244663715362549
primary,published,18,rs-region-t1,RS,1.8214573860168457,0.9571042656898499,13.987382888793945,1.5263023376464844,-0.29515504837036133,13.237325668334961,0.9463761448860168
primary,published,18,sa-capital-t0,SA,1.2785191535949707,0.9657058119773865,13.284791946411133,1.5254554748535156,0.24693632125854492,12.497063636779785,0.9407045245170593
primary,published,18,sa-capital-t2,SA,1.538203239440918,0.9570040702819824,13.30639362335205,1.463331699371338,-0.07487154006958008,12.660653114318848,0.9514713883399963
primary,published,18,sa-capital-t3,SA,1.2645230293273926,0.9600745439529419,13.11480712890625,1.7784371376037598,0.5139141082763672,12.308757781982422,0.9385389685630798
primary,published,18,sa-currency-t0,SA,1.218827724456787,0.9632909297943115,12.868399620056152,1.5036988258361816,0.28487110137939453,12.203892707824707,0.948361337184906
primary,published,18,sa-currency-t1,SA,1.2747068405151367,0.9496315717697144,12.98692798614502,1.3900766372680664,0.11536979675292969,12.094085693359375,0.9312506914138794
primary,published,18,sa-currency-t2,SA,1.2729010581970215,0.9497567415237427,12.486210823059082,1.3007464408874512,0.027845382690429688,11.726170539855957,0.939129650592804
primary,published,18,sa-currency-t3,SA,1.307058334350586,0.9686832427978516,12.74074649810791,1.3462705612182617,0.03921222686767578,12.015937805175781,0.9431109428405762
primary,published,18,sk-region-t2,SK,2.1630825996398926,0.9657818675041199,13.904955863952637,1.305661678314209,-0.8574209213256836,12.970839500427246,0.9328213334083557
primary,published,18,sy-capital-t0,SY,1.2785935401916504,0.9527586698532104,13.184126853942871,1.6012678146362305,0.3226742744445801,12.380054473876953,0.9390121102333069
primary,published,18,sy-capital-t1,SY,1.348689079284668,0.9663901925086975,12.584466934204102,1.471003532409668,0.122314453125,12.019254684448242,0.9550865292549133
primary,published,18,sy-capital-t2,SY,1.586449146270752,0.9592756032943726,12.997454643249512,1.0741019248962402,-0.5123472213745117,12.381614685058594,0.952618420124054
primary,published,18,sy-capital-t3,SY,1.2427926063537598,0.9449074268341064,13.250232696533203,1.6828093528747559,0.4400167465209961,12.372478485107422,0.9337555766105652
primary,published,18,td-region-t0,TD,1.823770523071289,0.9401342272758484,13.61004638671875,1.5499911308288574,-0.27377939224243164,12.661941528320312,0.9303378462791443
primary,published,18,td-region-t1,TD,1.6863484382629395,0.9578516483306885,13.656940460205078,1.4725384712219238,-0.21380996704101562,12.702162742614746,0.930088460445404
primary,published,18,td-region-t2,TD,1.9530048370361328,0.9475358128547668,13.7332124710083,1.5390105247497559,-0.41399431228637695,12.75078010559082,0.9284630417823792
primary,published,18,xk-region-t1,XK,1.6205248832702637,0.9553308486938477,13.952425956726074,1.4371695518493652,-0.18335533142089844,12.866238594055176,0.9221506714820862
primary,published,18,xk-region-t2,XK,1.9373531341552734,0.9475341439247131,13.87568187713623,1.6179413795471191,-0.3194117546081543,12.88589859008789,0.9286677837371826
primary,published,18,af-capital-t0,AF,1.2935123443603516,0.9620698690414429,12.781725883483887,1.5648622512817383,0.2713499069213867,12.089661598205566,0.9458552002906799
primary,published,18,al-region-t1,AL,1.788050651550293,0.9501187801361084,13.923118591308594,1.3257012367248535,-0.46234941482543945,12.865692138671875,0.9240524768829346
primary,published,18,al-region-t2,AL,2.0051770210266113,0.9468302130699158,13.966995239257812,1.4004712104797363,-0.604705810546875,12.978745460510254,0.9292439222335815
primary,published,18,at-capital-t0,AT,1.2750849723815918,0.9591103792190552,13.382597923278809,1.578320026397705,0.3032350540161133,12.675729751586914,0.9471800327301025
primary,published,18,at-capital-t2,AT,1.2990036010742188,0.9605228900909424,13.075526237487793,1.4091453552246094,0.11014175415039062,12.344437599182129,0.9440872669219971
primary,published,18,at-capital-t3,AT,1.2120599746704102,0.9566540718078613,13.447932243347168,1.4335384368896484,0.22147846221923828,12.64462947845459,0.9402657151222229
primary,published,18,at-currency-t0,AT,1.1063261032104492,0.9650654792785645,12.834957122802734,1.636810302734375,0.5304841995239258,12.133448600769043,0.9453439116477966
primary,published,18,at-currency-t1,AT,1.1745223999023438,0.9563121795654297,13.02374267578125,1.6040916442871094,0.4295692443847656,12.081400871276855,0.9276443123817444
primary,published,18,at-currency-t2,AT,1.1582450866699219,0.9482624530792236,12.297584533691406,1.3993749618530273,0.24112987518310547,11.54019546508789,0.93841153383255
primary,published,18,at-currency-t3,AT,1.2008695602416992,0.9681157469749451,12.636730194091797,1.622936725616455,0.42206716537475586,11.958622932434082,0.946338415145874
primary,published,18,at-region-t1,AT,1.7575488090515137,0.9557209610939026,14.08907413482666,1.2328453063964844,-0.5247035026550293,12.99960708618164,0.9226729273796082
primary,published,18,at-region-t2,AT,1.937915325164795,0.9581440091133118,14.069014549255371,1.3700976371765137,-0.5678176879882812,13.147069931030273,0.9344698786735535
primary,published,18,bi-region-t0,BI,1.7402348518371582,0.9385865330696106,13.499342918395996,1.6651558876037598,-0.07507896423339844,12.59461784362793,0.9329800605773926
primary,published,18,bi-region-t1,BI,1.7048568725585938,0.9536124467849731,13.733804702758789,1.5223021507263184,-0.1825547218322754,12.795411109924316,0.9316726922988892
primary,published,18,bi-region-t2,BI,1.8252978324890137,0.9645923376083374,13.700477600097656,1.5890893936157227,-0.23620843887329102,12.770917892456055,0.9321513175964355
primary,published,18,bi-region-t3,BI,1.9979667663574219,0.9458928108215332,14.02303695678711,1.63450288772583,-0.3634638786315918,13.099749565124512,0.9341592192649841
primary,published,18,ci-region-t0,CI,1.8859405517578125,0.9331556558609009,13.799656867980957,1.679354190826416,-0.20658636093139648,12.800263404846191,0.9275783896446228
primary,published,18,ci-region-t1,CI,1.8015151023864746,0.9572750329971313,13.967348098754883,1.313589096069336,-0.48792600631713867,12.945558547973633,0.9268444180488586
primary,published,18,ci-region-t2,CI,1.9582180976867676,0.9684638381004333,13.942008972167969,1.2623634338378906,-0.695854663848877,13.058159828186035,0.9366053342819214
primary,published,18,ci-region-t3,CI,2.135897636413574,0.9487472772598267,14.399861335754395,1.499795913696289,-0.6361017227172852,13.491828918457031,0.9369415640830994
primary,published,18,cz-capital-t0,CZ,1.2542223930358887,0.959218442440033,13.229549407958984,1.4190077781677246,0.16478538513183594,12.456426620483398,0.9415609240531921
primary,published,18,cz-capital-t1,CZ,1.3470258712768555,0.9643417596817017,12.63511848449707,1.8229727745056152,0.47594690322875977,11.846086502075195,0.9375524520874023
primary,published,18,cz-capital-t2,CZ,1.3338475227355957,0.964560866355896,13.1712646484375,1.3641986846923828,0.03035116195678711,12.507294654846191,0.9495894908905029
primary,published,18,cz-region-t2,CZ,2.016396999359131,0.9439822435379028,14.069064140319824,1.1380033493041992,-0.8783936500549316,13.10340404510498,0.9313628673553467
primary,published,18,gn-region-t1,GN,1.7907938957214355,0.9509962797164917,13.534383773803711,1.6172800064086914,-0.17351388931274414,12.534443855285645,0.9261185526847839
primary,published,18,gn-region-t2,GN,2.1737780570983887,0.9528305530548096,13.67724323272705,1.4735455513000488,-0.7002325057983398,12.717683792114258,0.9298426508903503
primary,published,18,gq-region-t1,GQ,1.875290870666504,0.9538918733596802,13.656654357910156,1.763509750366211,-0.11178112030029297,12.698052406311035,0.9298069477081299
primary,published,18,iq-capital-t0,IQ,1.330467700958252,0.9640678763389587,12.661187171936035,1.582019329071045,0.25155162811279297,11.98988151550293,0.9469792246818542
primary,published,18,iq-capital-t1,IQ,1.3960552215576172,0.9669475555419922,12.222270011901855,1.7865009307861328,0.3904457092285156,11.634517669677734,0.9519113898277283
primary,published,18,iq-capital-t2,IQ,1.4257230758666992,0.9699068069458008,12.813161849975586,1.463386058807373,0.03766298294067383,12.270462989807129,0.9576451778411865
primary,published,18,ke-capital-t0,KE,1.2424359321594238,0.9527631402015686,13.47646427154541,1.6753172874450684,0.43288135528564453,12.712593078613281,0.9433181285858154
primary,published,18,ke-capital-t1,KE,1.365206241607666,0.9608815908432007,12.776640892028809,1.725799560546875,0.360593318939209,12.134943962097168,0.949775755405426
primary,published,18,ke-capital-t2,KE,1.4370455741882324,0.9658124446868896,13.075255393981934,1.232689380645752,-0.20435619354248047,12.524069786071777,0.957845151424408
primary,published,18,ke-capital-t3,KE,1.2223896980285645,0.9553776383399963,13.422435760498047,1.6684637069702148,0.4460740089416504,12.7394437789917,0.9491156339645386
primary,published,18,ke-region-t0,KE,1.8110575675964355,0.9399920105934143,13.878108978271484,1.4465789794921875,-0.36447858810424805,12.941143035888672,0.9324860572814941
primary,published,18,ke-region-t1,KE,1.8600549697875977,0.9545984268188477,14.030529022216797,1.281857967376709,-0.5781970024108887,12.990850448608398,0.9258988499641418
primary,published,18,ke-region-t2,KE,2.0038809776306152,0.9582428932189941,13.94723892211914,1.5888352394104004,-0.41504573822021484,12.980250358581543,0.9306681156158447
primary,published,18,ke-region-t3,KE,2.1720833778381348,0.9470676779747009,14.539149284362793,1.411820888519287,-0.7602624893188477,13.592048645019531,0.9348586201667786
primary,published,18,kp-capital-t0,KP,1.2637104988098145,0.9574594497680664,12.98874282836914,1.5324392318725586,0.26872873306274414,12.237457275390625,0.9421586990356445
primary,published,18,kp-capital-t2,KP,1.412153720855713,0.9656178951263428,13.098051071166992,1.370190143585205,-0.04196357727050781,12.420863151550293,0.9482985734939575
primary,published,18,kr-capital-t0,KR,1.1948485374450684,0.948756754398346,13.727118492126465,1.7481708526611328,0.5533223152160645,12.88216495513916,0.9384464025497437
primary,published,18,kr-capital-t1,KR,1.280512809753418,0.9552879333496094,12.985085487365723,1.801271915435791,0.520759105682373,12.302423477172852,0.9474272131919861
primary,published,18,kr-capital-t2,KR,1.44627046585083,0.9589460492134094,13.391035079956055,1.1428179740905762,-0.3034524917602539,12.68808650970459,0.9475060105323792
primary,published,18,kr-capital-t3,KR,1.187096118927002,0.9467294216156006,13.641794204711914,1.6338262557983398,0.4467301368713379,12.759469985961914,0.9353219866752625
primary,published,18,kr-region-t0,KR,2.1233749389648438,0.934777557849884,14.003005027770996,1.5136799812316895,-0.6096949577331543,12.930916786193848,0.9234387278556824
primary,published,18,kr-region-t1,KR,1.8227386474609375,0.950636625289917,14.240999221801758,1.2406134605407715,-0.582125186920166,13.13421630859375,0.9222819209098816
primary,published,18,kr-region-t2,KR,2.059974193572998,0.9563430547714233,14.273846626281738,1.2322235107421875,-0.8277506828308105,13.266377449035645,0.9294185042381287
primary,published,18,lk-capital-t0,LK,1.2141127586364746,0.955682635307312,12.935483932495117,2.2060675621032715,0.9919548034667969,12.088005065917969,0.9344841837882996
primary,published,18,lk-capital-t1,LK,1.3068280220031738,0.9667221307754517,12.555869102478027,2.1030402183532715,0.7962121963500977,12.048675537109375,0.9596050381660461
primary,published,18,lk-capital-t2,LK,1.4378204345703125,0.953669548034668,12.833817481994629,1.3256869316101074,-0.11213350296020508,12.136786460876465,0.9456879496574402
primary,published,18,lk-capital-t3,LK,1.1368141174316406,0.9461833238601685,12.840009689331055,2.183152675628662,1.0463385581970215,11.986120223999023,0.9334977269172668
primary,published,18,sd-region-t0,SD,1.9075160026550293,0.9388634562492371,13.670000076293945,1.5540266036987305,-0.35348939895629883,12.714554786682129,0.9301064014434814
primary,published,18,sd-region-t1,SD,1.7533659934997559,0.9621005058288574,13.856801986694336,1.2272076606750488,-0.526158332824707,12.876458168029785,0.9292517900466919
primary,published,18,sd-region-t2,SD,1.8191437721252441,0.9531009197235107,13.696860313415527,1.6061420440673828,-0.21300172805786133,12.750031471252441,0.9308725595474243
primary,published,18,sd-region-t3,SD,2.054159164428711,0.9476954340934753,14.198648452758789,1.4668183326721191,-0.5873408317565918,13.283562660217285,0.9355512261390686
primary,published,18,sl-region-t0,SL,1.7641921043395996,0.9385067224502563,13.636139869689941,1.605872631072998,-0.15831947326660156,12.637494087219238,0.9267647862434387
primary,published,18,sl-region-t2,SL,1.803044319152832,0.9493069648742676,13.76427173614502,1.6313214302062988,-0.1717228889465332,12.794783592224121,0.929564893245697
primary,published,18,tr-capital-t0,TR,1.2510685920715332,0.9581249356269836,13.13026237487793,2.014615535736084,0.7635469436645508,12.406534194946289,0.9448809027671814
primary,published,18,tr-capital-t1,TR,1.3445115089416504,0.9734051823616028,12.626795768737793,1.6122961044311523,0.26778459548950195,12.129353523254395,0.9606042504310608
primary,published,18,tr-capital-t2,TR,1.4433832168579102,0.9614144563674927,13.151268005371094,1.1923856735229492,-0.25099754333496094,12.504752159118652,0.9508400559425354
primary,published,18,tr-currency-t0,TR,1.1199049949645996,0.9599103331565857,12.554422378540039,1.8080368041992188,0.6881318092346191,11.810667037963867,0.9407575130462646
primary,published,18,tr-currency-t2,TR,1.2273058891296387,0.9555243849754333,12.381980895996094,1.5303449630737305,0.3030390739440918,11.66278076171875,0.9419155716896057
primary,published,18,tr-currency-t3,TR,1.2636399269104004,0.9567533731460571,12.438721656799316,1.8357024192810059,0.5720624923706055,11.768714904785156,0.946135401725769
primary,published,18,ua-region-t1,UA,1.9031744003295898,0.9508631229400635,14.1323823928833,1.2520794868469238,-0.651094913482666,13.055318832397461,0.923787534236908
primary,published,18,ua-region-t2,UA,1.9674301147460938,0.9509009718894958,14.05370044708252,1.4833154678344727,-0.4841146469116211,13.043858528137207,0.9281440377235413
primary,published,19,cu-capital-t0,CU,1.7009057998657227,0.9371277093887329,15.249341011047363,1.6173982620239258,-0.08350753784179688,13.354473114013672,0.8757410049438477
primary,published,19,cu-capital-t1,CU,1.575483798980713,0.9239576458930969,15.733829498291016,1.726306438446045,0.15082263946533203,13.53376579284668,0.8601698279380798
primary,published,19,cu-capital-t2,CU,1.916015625,0.9063919186592102,15.478656768798828,1.8943405151367188,-0.02167510986328125,13.465950012207031,0.8699688911437988
primary,published,19,cu-capital-t3,CU,1.6165552139282227,0.9343137741088867,15.804183006286621,1.5476775169372559,-0.0688776969909668,13.77253246307373,0.8714485764503479
primary,published,19,fi-capital-t0,FI,1.318166732788086,0.9220570921897888,15.91542911529541,1.8561687469482422,0.5380020141601562,13.951187133789062,0.8765825033187866
primary,published,19,fi-capital-t1,FI,1.4294795989990234,0.9469060897827148,15.583901405334473,1.6433043479919434,0.21382474899291992,13.8207368850708,0.8868598937988281
primary,published,19,fi-capital-t2,FI,1.5855560302734375,0.9258630275726318,15.675482749938965,1.7423949241638184,0.15683889389038086,13.942645072937012,0.8894555568695068
primary,published,19,fi-currency-t0,FI,1.5044951438903809,0.931210458278656,15.575735092163086,1.4845061302185059,-0.019989013671875,13.98734188079834,0.8980212807655334
primary,published,19,fi-currency-t1,FI,1.669912338256836,0.9237463474273682,15.564351081848145,1.520174503326416,-0.14973783493041992,13.782785415649414,0.885535478591919
primary,published,19,fi-currency-t2,FI,1.6164722442626953,0.9272518754005432,15.156179428100586,1.5428543090820312,-0.07361793518066406,13.589391708374023,0.8966238498687744
primary,published,19,fi-currency-t3,FI,1.7060050964355469,0.9360895752906799,15.205028533935547,1.5704913139343262,-0.1355137825012207,13.61788272857666,0.8956170678138733
primary,published,19,fi-region-t1,FI,2.356306552886963,0.9160733222961426,17.264995574951172,1.9443674087524414,-0.4119391441345215,15.113011360168457,0.8753556609153748
primary,published,19,fi-region-t2,FI,2.517672061920166,0.9009202122688293,16.760730743408203,1.171950340270996,-1.34572172164917,14.77979564666748,0.8818109631538391
primary,published,19,gm-region-t1,GM,2.262439250946045,0.9198739528656006,16.500219345092773,1.4956183433532715,-0.7668209075927734,14.48125171661377,0.8776399493217468
primary,published,19,gm-region-t2,GM,2.379016876220703,0.909680187702179,16.299419403076172,1.3121933937072754,-1.0668234825134277,14.440502166748047,0.8859519362449646
primary,published,19,ie-capital-t0,IE,1.32051420211792,0.9262880086898804,15.906929016113281,2.0091023445129395,0.6885881423950195,13.966702461242676,0.8780263066291809
primary,published,19,ie-capital-t1,IE,1.4601373672485352,0.9408161640167236,15.502293586730957,1.4748973846435547,0.014760017395019531,13.700560569763184,0.8837763667106628
primary,published,19,ie-capital-t2,IE,1.845473289489746,0.9198968410491943,15.742377281188965,1.9523348808288574,0.10686159133911133,13.697933197021484,0.8701311945915222
primary,published,19,ie-capital-t3,IE,1.2898235321044922,0.9307950735092163,16.096878051757812,1.4465742111206055,0.15675067901611328,14.145691871643066,0.8787848353385925
primary,published,19,ie-currency-t0,IE,1.5401597023010254,0.9379531741142273,15.933649063110352,1.350527286529541,-0.18963241577148438,14.23383617401123,0.893319308757782
primary,published,19,ie-currency-t1,IE,1.785940170288086,0.9081131219863892,15.827812194824219,1.4422903060913086,-0.34364986419677734,13.878507614135742,0.8768430948257446
primary,published,19,ie-currency-t2,IE,1.6952943801879883,0.9295099973678589,15.29769229888916,1.0946173667907715,-0.6006770133972168,13.574224472045898,0.8873380422592163
primary,published,19,ie-currency-t3,IE,1.8066449165344238,0.9360321164131165,15.631637573242188,1.3335933685302734,-0.4730515480041504,14.004706382751465,0.8959206342697144
primary,published,19,ie-region-t1,IE,2.358492374420166,0.9142379760742188,17.139089584350586,1.5866265296936035,-0.7718658447265625,14.929336547851562,0.8710694313049316
primary,published,19,ie-region-t2,IE,2.7281885147094727,0.908362090587616,16.78049659729004,1.5252132415771484,-1.2029752731323242,14.690875053405762,0.8754732012748718
primary,published,19,mg-region-t0,MG,2.131192207336426,0.8956794142723083,17.237295150756836,1.2913527488708496,-0.8398394584655762,14.863202095031738,0.8622699975967407
primary,published,19,mg-region-t1,MG,2.2764663696289062,0.9191668033599854,16.478958129882812,1.6421303749084473,-0.634335994720459,14.547186851501465,0.8827734589576721
primary,published,19,mg-region-t2,MG,2.361220359802246,0.9094956517219543,16.322509765625,1.7033939361572266,-0.6578264236450195,14.553446769714355,0.8916181921958923
primary,published,19,mg-region-t3,MG,2.2300515174865723,0.9093624353408813,17.88422966003418,1.3049745559692383,-0.925076961517334,15.708024024963379,0.8783170580863953
primary,published,19,ml-region-t0,ML,2.1002421379089355,0.8926555514335632,17.169795989990234,1.2829952239990234,-0.8172469139099121,14.818258285522461,0.8630421757698059
primary,published,19,ml-region-t1,ML,2.2894954681396484,0.9130041599273682,16.607770919799805,1.1667304039001465,-1.122765064239502,14.559794425964355,0.876685619354248
primary,published,19,ml-region-t2,ML,2.3996047973632812,0.9097222685813904,16.36363410949707,1.7280616760253906,-0.6715431213378906,14.644937515258789,0.8949685096740723
primary,published,19,ml-region-t3,ML,2.2427263259887695,0.905010461807251,17.701139450073242,1.2244572639465332,-1.0182690620422363,15.468645095825195,0.8738784790039062
primary,published,19,np-currency-t0,NP,1.5402469635009766,0.9351046681404114,15.381421089172363,1.4170026779174805,-0.1232442855834961,13.794150352478027,0.896806001663208
primary,published,19,np-currency-t3,NP,1.7227587699890137,0.9330601096153259,15.077488899230957,1.5347185134887695,-0.18804025650024414,13.376201629638672,0.8871637582778931
primary,published,19,np-region-t0,NP,2.212259292602539,0.8938122391700745,17.455894470214844,1.2989311218261719,-0.9133281707763672,14.918496131896973,0.85463947057724
primary,published,19,nz-capital-t0,NZ,1.2587189674377441,0.9126229882240295,15.354182243347168,2.088383197784424,0.8296642303466797,13.258554458618164,0.8635141849517822
primary,published,19,nz-capital-t2,NZ,1.6473135948181152,0.9140223264694214,15.493264198303223,1.3565092086791992,-0.290804386138916,13.489801406860352,0.8706881403923035
primary,published,19,nz-capital-t3,NZ,1.2312612533569336,0.9015669226646423,16.051225662231445,2.032118797302246,0.8008575439453125,13.639505386352539,0.8497485518455505
primary,published,19,ph-capital-t1,PH,1.4552021026611328,0.9129751920700073,15.181896209716797,2.2720351219177246,0.8168330192565918,13.117583274841309,0.8640279769897461
primary,published,19,ph-capital-t2,PH,1.671492576599121,0.9076567888259888,15.866693496704102,1.6006784439086914,-0.07081413269042969,13.91612434387207,0.8770651817321777
primary,published,19,ph-currency-t0,PH,1.4845027923583984,0.9379661679267883,15.442245483398438,1.418938159942627,-0.06556463241577148,13.882451057434082,0.8989917635917664
primary,published,19,ph-currency-t2,PH,1.7435340881347656,0.9173414707183838,15.167956352233887,1.4937801361083984,-0.2497539520263672,13.452864646911621,0.8869266510009766
primary,published,19,ph-currency-t3,PH,1.670423984527588,0.9312708973884583,15.129423141479492,1.2943353652954102,-0.37608861923217773,13.553597450256348,0.8958436250686646
primary,published,19,ph-region-t0,PH,2.409752368927002,0.8981361389160156,17.64348030090332,1.2176499366760254,-1.1921024322509766,15.127224922180176,0.8573832511901855
primary,published,19,ph-region-t2,PH,2.730743408203125,0.9079070091247559,16.944477081298828,1.5350255966186523,-1.1957178115844727,14.82524585723877,0.8749308586120605
primary,published,19,rs-region-t1,RS,2.148630142211914,0.9228093028068542,16.950576782226562,1.5074658393859863,-0.6411643028259277,15.029535293579102,0.8866680860519409
primary,published,19,sa-capital-t0,SA,1.3877696990966797,0.9254228472709656,15.614458084106445,1.82594633102417,0.43817663192749023,13.796197891235352,0.8835527896881104
primary,published,19,sa-capital-t2,SA,1.824812412261963,0.9112274646759033,15.891525268554688,1.919703483581543,0.09489107131958008,13.94165325164795,0.8773011565208435
primary,published,19,sa-capital-t3,SA,1.4099211692810059,0.915725827217102,15.703347206115723,1.5314621925354004,0.12154102325439453,13.82026481628418,0.8800840377807617
primary,published,19,sa-currency-t0,SA,1.7158331871032715,0.9300450682640076,15.69726276397705,1.3424620628356934,-0.3733711242675781,14.065296173095703,0.8960349559783936
primary,published,19,sa-currency-t1,SA,1.9067864418029785,0.9256629347801208,15.525825500488281,1.2231221199035645,-0.6836643218994141,13.681011199951172,0.8811777234077454
primary,published,19,sa-currency-t2,SA,1.8274521827697754,0.9167991876602173,14.951603889465332,0.8995342254638672,-0.9279179573059082,13.277619361877441,0.8880398273468018
primary,published,19,sa-currency-t3,SA,1.862048625946045,0.9356271624565125,15.538326263427734,1.2600321769714355,-0.6020164489746094,13.810771942138672,0.8888198137283325
primary,published,19,sk-region-t2,SK,2.80019474029541,0.9222855567932129,16.563709259033203,0.9714984893798828,-1.8286962509155273,14.737347602844238,0.8897371292114258
primary,published,19,sy-capital-t0,SY,1.3828730583190918,0.9183224439620972,15.735595703125,1.6760835647583008,0.293210506439209,13.736152648925781,0.8729349970817566
primary,published,19,sy-capital-t1,SY,1.4579787254333496,0.918368935585022,15.492128372192383,2.0328292846679688,0.5748505592346191,13.461491584777832,0.868924617767334
primary,published,19,sy-capital-t2,SY,1.9391298294067383,0.9174995422363281,15.429228782653809,1.7621026039123535,-0.17702722549438477,13.619277954101562,0.882693350315094
primary,published,19,sy-capital-t3,SY,1.3744750022888184,0.9085540175437927,16.203414916992188,1.7932829856872559,0.4188079833984375,13.984932899475098,0.8630855083465576
primary,published,19,td-region-t0,TD,2.06807804107666,0.8910894989967346,17.04900550842285,1.196554183959961,-0.8715238571166992,14.624310493469238,0.8577808737754822
primary,published,19,td-region-t1,TD,2.197619915008545,0.9115490913391113,16.564756393432617,1.3821182250976562,-0.8155016899108887,14.513836860656738,0.8761877417564392
primary,published,19,td-region-t2,TD,2.3712501525878906,0.9110457897186279,16.20442771911621,1.2643561363220215,-1.1068940162658691,14.368104934692383,0.8866777420043945
primary,published,19,xk-region-t1,XK,2.11820125579834,0.9197197556495667,16.84897804260254,1.4983201026916504,-0.6198811531066895,14.724127769470215,0.8738884925842285
primary,published,19,xk-region-t2,XK,2.3571290969848633,0.9110674262046814,16.472591400146484,1.3162202835083008,-1.0409088134765625,14.568846702575684,0.8844295740127563
primary,published,19,af-capital-t0,AF,1.3852782249450684,0.9275805950164795,15.153728485107422,2.200864791870117,0.8155865669250488,13.303632736206055,0.8779115080833435
primary,published,19,al-region-t1,AL,2.3944754600524902,0.9109169244766235,16.77849006652832,1.7550244331359863,-0.6394510269165039,14.703239440917969,0.8763148188591003
primary,published,19,al-region-t2,AL,2.582648754119873,0.902163565158844,16.437284469604492,1.7340087890625,-0.848639965057373,14.568902969360352,0.8863326907157898
primary,published,19,at-capital-t0,AT,1.3497967720031738,0.9255165457725525,15.642742156982422,1.8154945373535156,0.4656977653503418,13.83379077911377,0.8843584060668945
primary,published,19,at-capital-t2,AT,1.425830364227295,0.9195587038993835,15.5952730178833,1.8513712882995605,0.4255409240722656,13.577804565429688,0.8706359267234802
primary,published,19,at-capital-t3,AT,1.321214199066162,0.9228216409683228,16.200410842895508,1.6436548233032227,0.32244062423706055,14.068931579589844,0.8684305548667908
primary,published,19,at-currency-t0,AT,1.4987921714782715,0.9359707832336426,15.659530639648438,1.4504365921020508,-0.0483555793762207,13.94902515411377,0.8907690644264221
primary,published,19,at-currency-t1,AT,1.6581449508666992,0.9360516667366028,15.602052688598633,1.370323657989502,-0.28782129287719727,13.649892807006836,0.8748779892921448
primary,published,19,at-currency-t2,AT,1.4016547203063965,0.9262905120849609,14.880176544189453,1.2341666221618652,-0.16748809814453125,13.280864715576172,0.8925206661224365
primary,published,19,at-currency-t3,AT,1.656789779663086,0.9386140704154968,15.392990112304688,1.3116436004638672,-0.34514617919921875,13.669811248779297,0.8880543112754822
primary,published,19,at-region-t1,AT,2.4031972885131836,0.9176068305969238,17.128772735595703,1.3569316864013672,-1.0462656021118164,14.89406967163086,0.8695351481437683
primary,published,19,at-region-t2,AT,2.4835104942321777,0.9145796298980713,16.788894653320312,1.1448755264282227,-1.338634967803955,15.009166717529297,0.8939937353134155
primary,published,19,bi-region-t0,BI,2.0473732948303223,0.8906527757644653,16.824115753173828,1.4257798194885254,-0.6215934753417969,14.449458122253418,0.8588539361953735
primary,published,19,bi-region-t1,BI,2.192796230316162,0.9168312549591064,16.36423110961914,1.5238423347473145,-0.6689538955688477,14.553430557250977,0.8893439769744873
primary,published,19,bi-region-t2,BI,2.3139400482177734,0.9274923801422119,16.096860885620117,1.4777464866638184,-0.8361935615539551,14.43901252746582,0.897007942199707
primary,published,19,bi-region-t3,BI,2.1312289237976074,0.8975144624710083,17.385793685913086,1.347841739654541,-0.7833871841430664,15.088388442993164,0.8678573369979858
primary,published,19,ci-region-t0,CI,2.2722554206848145,0.8900747299194336,17.202320098876953,1.388272762298584,-0.8839826583862305,14.728837013244629,0.8562122583389282
primary,published,19,ci-region-t1,CI,2.3982768058776855,0.9200249910354614,16.67803382873535,1.8768501281738281,-0.5214266777038574,14.812299728393555,0.8881322741508484
primary,published,19,ci-region-t2,CI,2.49884033203125,0.9229097366333008,16.36949348449707,1.5676379203796387,-0.9312024116516113,14.756293296813965,0.9014508128166199
primary,published,19,ci-region-t3,CI,2.3014564514160156,0.908018171787262,17.869211196899414,1.2910094261169434,-1.0104470252990723,15.681632041931152,0.8775783181190491
primary,published,19,cz-capital-t0,CZ,1.3593792915344238,0.9228613376617432,15.498368263244629,1.800401210784912,0.4410219192504883,13.567155838012695,0.8753925561904907
primary,published,19,cz-capital-t1,CZ,1.443023681640625,0.9287962913513184,15.478790283203125,1.79478120803833,0.3517575263977051,13.386497497558594,0.8648284077644348
primary,published,19,cz-capital-t2,CZ,1.5936508178710938,0.9283759593963623,15.706661224365234,1.7067055702209473,0.11305475234985352,13.80787467956543,0.8791095018386841
primary,published,19,cz-region-t2,CZ,2.592273712158203,0.9027535319328308,16.732860565185547,1.5024528503417969,-1.0898208618164062,14.930874824523926,0.8923085927963257
primary,published,19,gn-region-t1,GN,2.309415340423584,0.910390317440033,16.490802764892578,1.7892212867736816,-0.5201940536499023,14.358583450317383,0.8707025051116943
primary,published,19,gn-region-t2,GN,2.558664321899414,0.9104795455932617,16.574182510375977,1.7168893814086914,-0.8417749404907227,14.698155403137207,0.886810302734375
primary,published,19,gq-region-t1,GQ,2.191040515899658,0.911334753036499,16.60692596435547,1.402937889099121,-0.7881026268005371,14.50277042388916,0.8732964992523193
primary,published,19,iq-capital-t0,IQ,1.4664220809936523,0.9279289841651917,14.619088172912598,2.051288604736328,0.5848665237426758,12.87464714050293,0.8806737661361694
primary,published,19,iq-capital-t1,IQ,1.523024082183838,0.9359205365180969,14.649077415466309,1.7828869819641113,0.25986289978027344,12.852291107177734,0.8773447275161743
primary,published,19,iq-capital-t2,IQ,1.6625232696533203,0.9360113143920898,15.025433540344238,1.7850933074951172,0.12257003784179688,13.383903503417969,0.8907499313354492
primary,published,19,ke-capital-t0,KE,1.3275609016418457,0.9183851480484009,15.48226261138916,2.0901904106140137,0.762629508972168,13.633903503417969,0.8806143999099731
primary,published,19,ke-capital-t1,KE,1.452925205230713,0.9252544045448303,15.425944328308105,1.8708992004394531,0.41797399520874023,13.539359092712402,0.8777005076408386
primary,published,19,ke-capital-t2,KE,1.662628173828125,0.9252751469612122,15.333185195922852,1.895127773284912,0.2324995994567871,13.566636085510254,0.8847891688346863
primary,published,19,ke-capital-t3,KE,1.3491630554199219,0.918567955493927,15.649921417236328,1.8024606704711914,0.45329761505126953,13.793981552124023,0.8814089894294739
primary,published,19,ke-region-t0,KE,2.1995444297790527,0.8947358131408691,17.33999252319336,1.2493367195129395,-0.9502077102661133,14.99806022644043,0.8649404048919678
primary,published,19,ke-region-t1,KE,2.440333843231201,0.913793683052063,16.795608520507812,1.592698097229004,-0.8476357460021973,14.70664119720459,0.8756241798400879
primary,published,19,ke-region-t2,KE,2.5359301567077637,0.9148993492126465,16.382272720336914,1.172266960144043,-1.3636631965637207,14.631071090698242,0.893103837966919
primary,published,19,ke-region-t3,KE,2.3083696365356445,0.9000576734542847,17.964271545410156,1.3108892440795898,-0.9974803924560547,15.751859664916992,0.8768437504768372
primary,published,19,kp-capital-t0,KP,1.427666187286377,0.9110426306724548,15.257735252380371,2.320910930633545,0.893244743347168,13.20112419128418,0.865208625793457
primary,published,19,kp-capital-t2,KP,1.6150903701782227,0.9175958633422852,15.666719436645508,1.8655028343200684,0.2504124641418457,13.669776916503906,0.8725360035896301
primary,published,19,kr-capital-t0,KR,1.320469856262207,0.8990920186042786,16.09578514099121,1.8714394569396973,0.5509696006774902,13.864180564880371,0.8613547086715698
primary,published,19,kr-capital-t1,KR,1.4066343307495117,0.9014255404472351,15.977529525756836,2.0375008583068848,0.630866527557373,13.846760749816895,0.8666396737098694
primary,published,19,kr-capital-t2,KR,1.7086663246154785,0.9125571846961975,15.845197677612305,1.6578712463378906,-0.05079507827758789,13.834497451782227,0.8731034994125366
primary,published,19,kr-capital-t3,KR,1.341911792755127,0.8970230221748352,16.24947738647461,2.015915870666504,0.674004077911377,13.953420639038086,0.8586996793746948
primary,published,19,kr-region-t0,KR,2.5096840858459473,0.8907924294471741,17.72030258178711,1.1327085494995117,-1.3769755363464355,15.090818405151367,0.8516117930412292
primary,published,19,kr-region-t1,KR,2.388181209564209,0.9082165360450745,17.18094253540039,1.7850008010864258,-0.6031804084777832,14.946356773376465,0.8699381351470947
primary,published,19,kr-region-t2,KR,2.6158571243286133,0.900081217288971,16.921457290649414,1.3016862869262695,-1.3141708374023438,14.946221351623535,0.8832703232765198
primary,published,19,lk-capital-t0,LK,1.316880226135254,0.9187935590744019,15.267853736877441,1.7516531944274902,0.43477296829223633,13.217719078063965,0.865722119808197
primary,published,19,lk-capital-t1,LK,1.4023809432983398,0.924300491809845,15.379886627197266,1.950666904449463,0.548285961151123,13.494482040405273,0.8774110078811646
primary,published,19,lk-capital-t2,LK,1.5609607696533203,0.9013497233390808,15.424869537353516,1.7714767456054688,0.21051597595214844,13.283227920532227,0.8611565828323364
primary,published,19,lk-capital-t3,LK,1.2739334106445312,0.9051228165626526,15.56750202178955,1.8878226280212402,0.613889217376709,13.271352767944336,0.8525036573410034
primary,published,19,sd-region-t0,SD,2.1959314346313477,0.8903834819793701,17.30009651184082,1.3553876876831055,-0.8405437469482422,14.827892303466797,0.8570988178253174
primary,published,19,sd-region-t1,SD,2.307257652282715,0.9184194803237915,16.773414611816406,1.7683014869689941,-0.5389561653137207,14.826919555664062,0.8839535713195801
primary,published,19,sd-region-t2,SD,2.2928996086120605,0.9064168930053711,16.2208309173584,1.5323762893676758,-0.7605233192443848,14.366464614868164,0.8856799602508545
primary,published,19,sd-region-t3,SD,2.1807708740234375,0.8970962762832642,17.824974060058594,1.2977218627929688,-0.8830490112304688,15.5462007522583,0.872158408164978
primary,published,19,sl-region-t0,SL,2.0658130645751953,0.8918443918228149,17.07403564453125,1.2125649452209473,-0.853248119354248,14.749804496765137,0.8638733625411987
primary,published,19,sl-region-t2,SL,2.3102478981018066,0.9113078713417053,16.19884490966797,1.5031871795654297,-0.807060718536377,14.42634391784668,0.89057856798172
primary,published,19,tr-capital-t0,TR,1.3520331382751465,0.9254934191703796,15.410477638244629,2.0426502227783203,0.6906170845031738,13.43104076385498,0.8715525269508362
primary,published,19,tr-capital-t1,TR,1.4073858261108398,0.9384217858314514,15.430198669433594,1.6952300071716309,0.287844181060791,13.618246078491211,0.8825710415840149
primary,published,19,tr-capital-t2,TR,1.7239136695861816,0.9143548607826233,15.608779907226562,1.8406686782836914,0.11675500869750977,13.682074546813965,0.8765627145767212
primary,published,19,tr-currency-t0,TR,1.477468490600586,0.9289212226867676,15.411111831665039,1.554220199584961,0.076751708984375,13.691076278686523,0.8883898854255676
primary,published,19,tr-currency-t2,TR,1.7165617942810059,0.9140662550926208,15.003015518188477,1.2366647720336914,-0.47989702224731445,13.250622749328613,0.8831973075866699
primary,published,19,tr-currency-t3,TR,1.6954727172851562,0.9254596829414368,15.261128425598145,1.289029598236084,-0.40644311904907227,13.533093452453613,0.8867688775062561
primary,published,19,ua-region-t1,UA,2.4179587364196777,0.9124537706375122,17.121978759765625,1.6433439254760742,-0.7746148109436035,14.928950309753418,0.8719173669815063
primary,published,19,ua-region-t2,UA,2.5274124145507812,0.9040873646736145,16.66644287109375,1.5429573059082031,-0.9844551086425781,14.776605606079102,0.8866082429885864
primary,published,20,cu-capital-t0,CU,1.4294118881225586,0.9067903757095337,15.969721794128418,2.3131017684936523,0.8836898803710938,14.232389450073242,0.8912108540534973
primary,published,20,cu-capital-t1,CU,1.473790168762207,0.8853532671928406,16.32689666748047,2.2990074157714844,0.8252172470092773,14.233744621276855,0.8717973232269287
primary,published,20,cu-capital-t2,CU,1.9323291778564453,0.8756872415542603,16.262910842895508,2.3416266441345215,0.40929746627807617,14.297538757324219,0.8791500329971313
primary,published,20,cu-capital-t3,CU,1.39711332321167,0.8999812006950378,16.445777893066406,2.2481560707092285,0.8510427474975586,14.592750549316406,0.8873250484466553
primary,published,20,fi-capital-t0,FI,1.176426887512207,0.9024403691291809,16.50326919555664,1.7100191116333008,0.5335922241210938,14.46240520477295,0.8763357996940613
primary,published,20,fi-capital-t1,FI,1.2686715126037598,0.9114897847175598,16.117677688598633,1.751983642578125,0.48331212997436523,14.289005279541016,0.8865424394607544
primary,published,20,fi-capital-t2,FI,1.4944729804992676,0.8982465267181396,16.469873428344727,1.4499192237854004,-0.04455375671386719,14.508079528808594,0.880885899066925
primary,published,20,fi-currency-t0,FI,1.200119972229004,0.9069746136665344,16.18404197692871,1.1827850341796875,-0.017334938049316406,14.789641380310059,0.9138410091400146
primary,published,20,fi-currency-t1,FI,1.357954502105713,0.9024012088775635,16.031206130981445,1.4254980087280273,0.06754350662231445,14.168575286865234,0.8838121891021729
primary,published,20,fi-currency-t2,FI,1.483290195465088,0.9086135029792786,15.767005920410156,1.297624111175537,-0.18566608428955078,13.98501968383789,0.8869800567626953
primary,published,20,fi-currency-t3,FI,1.3300585746765137,0.920551061630249,15.65442180633545,1.1787104606628418,-0.15134811401367188,14.067933082580566,0.8986555337905884
primary,published,20,fi-region-t1,FI,2.253596305847168,0.874920666217804,18.1666202545166,1.7190046310424805,-0.5345916748046875,15.16356372833252,0.8346937298774719
primary,published,20,fi-region-t2,FI,2.610586166381836,0.8525108695030212,17.963041305541992,1.6875863075256348,-0.9229998588562012,14.962199211120605,0.8329435586929321
primary,published,20,gm-region-t1,GM,2.3281164169311523,0.8739120960235596,17.635665893554688,1.411104679107666,-0.9170117378234863,14.702085494995117,0.833656370639801
primary,published,20,gm-region-t2,GM,2.517965793609619,0.8678319454193115,17.489133834838867,1.7686705589294434,-0.7492952346801758,14.863709449768066,0.8498825430870056
primary,published,20,ie-capital-t0,IE,1.1988940238952637,0.9029711484909058,16.615070343017578,2.0162606239318848,0.8173666000366211,14.531461715698242,0.8745952844619751
primary,published,20,ie-capital-t1,IE,1.2621474266052246,0.9158260822296143,16.150367736816406,1.866103172302246,0.6039557456970215,14.004105567932129,0.8671075105667114
primary,published,20,ie-capital-t2,IE,1.758091926574707,0.9012688398361206,16.469722747802734,1.992508888244629,0.23441696166992188,14.276543617248535,0.8668357133865356
primary,published,20,ie-capital-t3,IE,1.2040739059448242,0.9049558639526367,16.840972900390625,2.053175926208496,0.8491020202636719,14.71461009979248,0.873738706111908
primary,published,20,ie-currency-t0,IE,1.3365907669067383,0.9145321846008301,16.546520233154297,1.1000800132751465,-0.2365107536315918,15.036681175231934,0.9087518453598022
primary,published,20,ie-currency-t1,IE,1.5919642448425293,0.884577751159668,16.329029083251953,1.086082935333252,-0.5058813095092773,14.272113800048828,0.8740332126617432
primary,published,20,ie-currency-t2,IE,1.6585063934326172,0.8996552228927612,15.79419994354248,0.9986135959625244,-0.6598927974700928,14.042572975158691,0.8890967965126038
primary,published,20,ie-currency-t3,IE,1.565108299255371,0.8987053036689758,16.041921615600586,1.0580506324768066,-0.5070576667785645,14.248629570007324,0.8882121443748474
primary,published,20,ie-region-t1,IE,2.2243399620056152,0.8747438788414001,18.083370208740234,1.4699020385742188,-0.7544379234313965,15.00430679321289,0.8297295570373535
primary,published,20,ie-region-t2,IE,2.758540630340576,0.865257740020752,17.803993225097656,1.5155549049377441,-1.242985725402832,15.074463844299316,0.8466900587081909
primary,published,20,mg-region-t0,MG,2.320518970489502,0.8489293456077576,18.644777297973633,1.3959507942199707,-0.9245681762695312,15.32570743560791,0.8219839334487915
primary,published,20,mg-region-t1,MG,2.299187660217285,0.88442063331604,17.406177520751953,1.7029781341552734,-0.5962095260620117,14.738404273986816,0.8467341065406799
primary,published,20,mg-region-t2,MG,2.561457633972168,0.86283278465271,17.3381404876709,1.679853916168213,-0.8816037178039551,14.783696174621582,0.8526690602302551
primary,published,20,mg-region-t3,MG,2.507150173187256,0.8693991899490356,19.265356063842773,1.3846783638000488,-1.122471809387207,16.141441345214844,0.8378480672836304
primary,published,20,ml-region-t0,ML,2.448972225189209,0.845154881477356,18.759845733642578,1.3069324493408203,-1.1420397758483887,15.176229476928711,0.8089740872383118
primary,published,20,ml-region-t1,ML,2.4832329750061035,0.8672157526016235,17.646324157714844,1.6625313758850098,-0.8207015991210938,14.69833755493164,0.8329404592514038
primary,published,20,ml-region-t2,ML,2.7138442993164062,0.862297534942627,17.521286010742188,1.5434155464172363,-1.17042875289917,14.780439376831055,0.8435704708099365
primary,published,20,ml-region-t3,ML,2.6913275718688965,0.8638235330581665,19.279739379882812,1.3241987228393555,-1.367128849029541,15.899917602539062,0.8246956467628479
primary,published,20,np-currency-t0,NP,1.2475013732910156,0.9103397130966187,16.323617935180664,0.8413853645324707,-0.4061160087585449,15.087711334228516,0.9242871999740601
primary,published,20,np-currency-t3,NP,1.4247941970825195,0.9034038782119751,15.65495491027832,1.137439250946045,-0.2873549461364746,14.022184371948242,0.8957026600837708
primary,published,20,np-region-t0,NP,2.222879409790039,0.852135181427002,18.67909812927246,1.4774208068847656,-0.7454586029052734,15.419615745544434,0.8255010843276978
primary,published,20,nz-capital-t0,NZ,1.205519676208496,0.8835886120796204,16.25489616394043,1.7451434135437012,0.5396237373352051,14.078156471252441,0.8660871386528015
primary,published,20,nz-capital-t2,NZ,1.617762565612793,0.8847585916519165,16.32210350036621,1.3119659423828125,-0.30579662322998047,14.128866195678711,0.8656277656555176
primary,published,20,nz-capital-t3,NZ,1.2520055770874023,0.8686230182647705,16.91314697265625,1.7619476318359375,0.5099420547485352,14.378955841064453,0.8501644134521484
primary,published,20,ph-capital-t1,PH,1.353198528289795,0.8863791227340698,15.921365737915039,2.208207607269287,0.8550090789794922,13.73048210144043,0.8623934984207153
primary,published,20,ph-capital-t2,PH,1.6272797584533691,0.8876182436943054,16.845308303833008,1.904068946838379,0.27678918838500977,14.507647514343262,0.861227810382843
primary,published,20,ph-currency-t0,PH,1.2954463958740234,0.9110465049743652,16.280868530273438,0.921994686126709,-0.37345170974731445,14.9162015914917,0.9161797165870667
primary,published,20,ph-currency-t2,PH,1.6844935417175293,0.901146411895752,15.631086349487305,1.2236881256103516,-0.46080541610717773,13.82143497467041,0.8842273950576782
primary,published,20,ph-currency-t3,PH,1.4902472496032715,0.9019380211830139,15.592986106872559,1.2778081893920898,-0.21243906021118164,13.929043769836426,0.8932890295982361
primary,published,20,ph-region-t0,PH,2.3658738136291504,0.8575772047042847,18.861846923828125,1.3943610191345215,-0.9715127944946289,15.61552906036377,0.8278897404670715
primary,published,20,ph-region-t2,PH,2.598604202270508,0.8622683882713318,17.670530319213867,1.4120798110961914,-1.1865243911743164,15.052459716796875,0.8518397212028503
primary,published,20,rs-region-t1,RS,2.484309196472168,0.8826546669006348,17.624052047729492,1.8149628639221191,-0.6693463325500488,15.19111156463623,0.8619533777236938
primary,published,20,sa-capital-t0,SA,1.4079666137695312,0.8909128308296204,16.61554527282715,1.5932111740112305,0.18524456024169922,14.597219467163086,0.8785278797149658
primary,published,20,sa-capital-t2,SA,1.823099136352539,0.8755401372909546,16.898029327392578,1.9639849662780762,0.1408858299255371,14.6705322265625,0.8681800961494446
primary,published,20,sa-capital-t3,SA,1.4168281555175781,0.8828131556510925,16.642139434814453,1.790581226348877,0.37375307083129883,14.651004791259766,0.8803558349609375
primary,published,20,sa-currency-t0,SA,1.405773639678955,0.8948150873184204,16.629859924316406,1.1283040046691895,-0.2774696350097656,15.159767150878906,0.9115992188453674
primary,published,20,sa-currency-t1,SA,1.640721321105957,0.891513466835022,16.28636360168457,1.0651583671569824,-0.5755629539489746,14.37746810913086,0.8827918171882629
primary,published,20,sa-currency-t2,SA,1.6874709129333496,0.8875420093536377,15.67166805267334,1.2073249816894531,-0.4801459312438965,13.982771873474121,0.8922325372695923
primary,published,20,sa-currency-t3,SA,1.6182384490966797,0.8992254734039307,16.15300178527832,1.2562651634216309,-0.36197328567504883,14.188797950744629,0.8784000873565674
primary,published,20,sk-region-t2,SK,2.9262571334838867,0.8759709596633911,17.657663345336914,1.4680986404418945,-1.4581584930419922,14.846905708312988,0.8408194184303284
primary,published,20,sy-capital-t0,SY,1.3099617958068848,0.8925604820251465,16.53579330444336,2.0191826820373535,0.7092208862304688,14.306039810180664,0.8651559352874756
primary,published,20,sy-capital-t1,SY,1.3226532936096191,0.8918401002883911,16.185991287231445,1.9843535423278809,0.6617002487182617,13.843303680419922,0.8552644848823547
primary,published,20,sy-capital-t2,SY,1.832653522491455,0.8932752013206482,16.32512092590332,1.5014452934265137,-0.3312082290649414,14.186988830566406,0.8690280914306641
primary,published,20,sy-capital-t3,SY,1.3161702156066895,0.8873517513275146,16.943971633911133,2.0911808013916016,0.7750105857849121,14.546611785888672,0.8585125207901001
primary,published,20,td-region-t0,TD,2.4549713134765625,0.8500139117240906,18.6870174407959,1.371875286102295,-1.0830960273742676,15.175666809082031,0.8120967745780945
primary,published,20,td-region-t1,TD,2.371185302734375,0.8675782680511475,17.65238380432129,1.578500747680664,-0.7926845550537109,14.625950813293457,0.8285538554191589
primary,published,20,td-region-t2,TD,2.6683239936828613,0.8698027729988098,17.37957000732422,1.246537208557129,-1.4217867851257324,14.661773681640625,0.8436211943626404
primary,published,20,xk-region-t1,XK,2.1750831604003906,0.875297486782074,17.798675537109375,1.688340187072754,-0.4867429733276367,14.907241821289062,0.8375478386878967
primary,published,20,xk-region-t2,XK,2.4296069145202637,0.8670268654823303,17.4982852935791,1.5968842506408691,-0.8327226638793945,14.923490524291992,0.8528544306755066
primary,published,20,af-capital-t0,AF,1.3496065139770508,0.9107874035835266,16.032079696655273,2.097376823425293,0.7477703094482422,14.15876579284668,0.883152186870575
primary,published,20,al-region-t1,AL,2.28090238571167,0.8685624599456787,17.742795944213867,1.7513427734375,-0.5295596122741699,14.928945541381836,0.8414088487625122
primary,published,20,al-region-t2,AL,2.59126615524292,0.860156238079071,17.45459747314453,1.760317325592041,-0.8309488296508789,14.927870750427246,0.8552400469779968
primary,published,20,at-capital-t0,AT,1.1683769226074219,0.9025653600692749,16.221712112426758,1.87713623046875,0.7087593078613281,14.19991397857666,0.8753646612167358
primary,published,20,at-capital-t2,AT,1.3387126922607422,0.8873778581619263,16.171079635620117,1.9655604362487793,0.6268477439880371,13.910463333129883,0.8602062463760376
primary,published,20,at-capital-t3,AT,1.1837878227233887,0.8980307579040527,16.600910186767578,1.8827166557312012,0.6989288330078125,14.45821762084961,0.8709292411804199
primary,published,20,at-currency-t0,AT,1.2338438034057617,0.9097818732261658,16.23727798461914,1.17887544631958,-0.05496835708618164,14.762481689453125,0.9091721773147583
primary,published,20,at-currency-t1,AT,1.4317984580993652,0.9078173637390137,16.130634307861328,1.1646075248718262,-0.26719093322753906,14.10905933380127,0.8746747970581055
primary,published,20,at-currency-t2,AT,1.4225835800170898,0.9098719358444214,15.332304954528809,1.0554356575012207,-0.36714792251586914,13.618699073791504,0.8882356286048889
primary,published,20,at-currency-t3,AT,1.4100470542907715,0.9158653020858765,15.751571655273438,1.204707145690918,-0.20533990859985352,14.021862030029297,0.8901880979537964
primary,published,20,at-region-t1,AT,2.355663776397705,0.8724414706230164,18.09992218017578,1.6916618347167969,-0.6640019416809082,14.989404678344727,0.8281474709510803
primary,published,20,at-region-t2,AT,2.6103482246398926,0.8704577684402466,17.8615779876709,1.4805750846862793,-1.1297731399536133,15.05884075164795,0.8430857062339783
primary,published,20,bi-region-t0,BI,2.307809352874756,0.8509448766708374,18.37326431274414,1.3155827522277832,-0.9922266006469727,14.927408218383789,0.8124526739120483
primary,published,20,bi-region-t1,BI,2.2642111778259277,0.8751363754272461,17.398359298706055,1.4193763732910156,-0.8448348045349121,14.711812973022461,0.8455862402915955
primary,published,20,bi-region-t2,BI,2.458439350128174,0.875519335269928,17.206829071044922,1.5845904350280762,-0.8738489151000977,14.558390617370605,0.8460821509361267
primary,published,20,bi-region-t3,BI,2.420985221862793,0.8572981953620911,18.935314178466797,1.3286118507385254,-1.0923733711242676,15.520050048828125,0.8196352124214172
primary,published,20,ci-region-t0,CI,2.5560593605041504,0.8461199998855591,18.8515567779541,1.3130569458007812,-1.2430024147033691,15.181559562683105,0.8053212761878967
primary,published,20,ci-region-t1,CI,2.492321014404297,0.8752731084823608,17.811378479003906,1.6619057655334473,-0.8304152488708496,14.954959869384766,0.8396295309066772
primary,published,20,ci-region-t2,CI,2.6674246788024902,0.8790555596351624,17.53654670715332,1.409658432006836,-1.2577662467956543,14.89873218536377,0.8495818972587585
primary,published,20,ci-region-t3,CI,2.60890531539917,0.860043466091156,19.459274291992188,1.3932557106018066,-1.2156496047973633,16.01175880432129,0.822834312915802
primary,published,20,cz-capital-t0,CZ,1.2024931907653809,0.897469162940979,16.026029586791992,1.831251621246338,0.628758430480957,14.007123947143555,0.8740233182907104
primary,published,20,cz-capital-t1,CZ,1.2677364349365234,0.8969569206237793,16.05852508544922,2.1751465797424316,0.9074101448059082,13.876245498657227,0.8641046285629272
primary,published,20,cz-capital-t2,CZ,1.4769649505615234,0.9052371978759766,16.472732543945312,1.8031425476074219,0.32617759704589844,14.28493881225586,0.867186963558197
primary,published,20,cz-region-t2,CZ,2.741532325744629,0.857221245765686,17.887758255004883,1.283867359161377,-1.457664966583252,15.20113468170166,0.8498066067695618
primary,published,20,gn-region-t1,GN,2.5034875869750977,0.8767809271812439,17.45042610168457,1.4163436889648438,-1.087143898010254,14.548752784729004,0.8337190747261047
primary,published,20,gn-region-t2,GN,2.972208023071289,0.8686058521270752,17.672954559326172,1.3776650428771973,-1.5945429801940918,14.957913398742676,0.8463730812072754
primary,published,20,gq-region-t1,GQ,2.5025672912597656,0.8710251450538635,17.649465560913086,1.53309965133667,-0.9694676399230957,14.779709815979004,0.8374027013778687
primary,published,20,iq-capital-t0,IQ,1.2474207878112793,0.9061485528945923,15.570027351379395,1.9258708953857422,0.6784501075744629,13.779783248901367,0.885019838809967
primary,published,20,iq-capital-t1,IQ,1.283271312713623,0.9122841358184814,15.719362258911133,2.015223503112793,0.7319521903991699,13.692523956298828,0.8710610270500183
primary,published,20,iq-capital-t2,IQ,1.42437744140625,0.9150897860527039,16.17694664001465,1.7047944068908691,0.28041696548461914,14.44933032989502,0.8932050466537476
primary,published,20,ke-capital-t0,KE,1.2631583213806152,0.8934659361839294,16.512554168701172,1.7433528900146484,0.4801945686340332,14.525679588317871,0.8796749114990234
primary,published,20,ke-capital-t1,KE,1.325408935546875,0.9020929932594299,16.439899444580078,2.1413841247558594,0.8159751892089844,14.199203491210938,0.8637037873268127
primary,published,20,ke-capital-t2,KE,1.6217641830444336,0.8992758989334106,16.476491928100586,1.6556811332702637,0.03391695022583008,14.520123481750488,0.881263017654419
primary,published,20,ke-capital-t3,KE,1.294604778289795,0.8941060900688171,16.754352569580078,1.9780893325805664,0.6834845542907715,14.659368515014648,0.8749588131904602
primary,published,20,ke-region-t0,KE,2.4420089721679688,0.8560179471969604,18.874460220336914,1.4386658668518066,-1.003343105316162,15.44463062286377,0.8182819485664368
primary,published,20,ke-region-t1,KE,2.5143213272094727,0.869023323059082,17.83833885192871,1.4436211585998535,-1.0707001686096191,14.821873664855957,0.8308998942375183
primary,published,20,ke-region-t2,KE,2.6556596755981445,0.8681083917617798,17.560291290283203,1.699498176574707,-0.9561614990234375,14.784406661987305,0.8419226408004761
primary,published,20,ke-region-t3,KE,2.5751285552978516,0.8604167699813843,19.485563278198242,1.513258934020996,-1.0618696212768555,16.111242294311523,0.8268296718597412
primary,published,20,kp-capital-t0,KP,1.3112525939941406,0.8917986154556274,15.92146110534668,1.768730640411377,0.45747804641723633,13.952982902526855,0.876363217830658
primary,published,20,kp-capital-t2,KP,1.5894041061401367,0.8866464495658875,16.564659118652344,1.497779369354248,-0.09162473678588867,14.2957181930542,0.8630251884460449
primary,published,20,kr-capital-t0,KR,1.312286376953125,0.8844202756881714,16.87506675720215,1.5785365104675293,0.2662501335144043,14.650064468383789,0.8681485056877136
primary,published,20,kr-capital-t1,KR,1.3513245582580566,0.876320481300354,16.742237091064453,1.7316551208496094,0.38033056259155273,14.470261573791504,0.8642967939376831
primary,published,20,kr-capital-t2,KR,1.7034015655517578,0.8859343528747559,16.913911819458008,1.6714115142822266,-0.03199005126953125,14.530604362487793,0.8590918779373169
primary,published,20,kr-capital-t3,KR,1.3621482849121094,0.8814085721969604,16.961389541625977,1.7425713539123535,0.38042306900024414,14.644749641418457,0.863416850566864
primary,published,20,kr-region-t0,KR,2.6561670303344727,0.8637506365776062,19.1075382232666,0.8927721977233887,-1.763394832611084,15.5763578414917,0.8151943683624268
primary,published,20,kr-region-t1,KR,2.3538689613342285,0.8695801496505737,18.114707946777344,1.3793792724609375,-0.974489688873291,15.03386116027832,0.8299256563186646
primary,published,20,kr-region-t2,KR,2.643455982208252,0.8587685227394104,17.98039436340332,1.3701844215393066,-1.2732715606689453,14.977391242980957,0.8329845666885376
primary,published,20,lk-capital-t0,LK,1.2458720207214355,0.8940341472625732,16.2520694732666,2.0723791122436523,0.8265070915222168,14.224842071533203,0.8752634525299072
primary,published,20,lk-capital-t1,LK,1.3159589767456055,0.8926924467086792,16.259891510009766,2.1918320655822754,0.8758730888366699,14.184985160827637,0.8723911046981812
primary,published,20,lk-capital-t2,LK,1.5952773094177246,0.8696797490119934,16.399200439453125,1.871823787689209,0.2765464782714844,14.008469581604004,0.8542166352272034
primary,published,20,lk-capital-t3,LK,1.2526826858520508,0.878106951713562,16.51797866821289,2.1829757690429688,0.930293083190918,14.33164119720459,0.8676389455795288
primary,published,20,sd-region-t0,SD,2.4212160110473633,0.8501889705657959,18.86271858215332,1.2682113647460938,-1.1530046463012695,15.204192161560059,0.8060445785522461
primary,published,20,sd-region-t1,SD,2.404819965362549,0.8877828121185303,17.845678329467773,1.4861936569213867,-0.9186263084411621,14.867793083190918,0.8331313133239746
primary,published,20,sd-region-t2,SD,2.5313639640808105,0.8605974912643433,17.496566772460938,1.6006522178649902,-0.9307117462158203,14.62028980255127,0.8356090784072876
primary,published,20,sd-region-t3,SD,2.5001707077026367,0.8581107258796692,19.336023330688477,1.1708836555480957,-1.329287052154541,15.864861488342285,0.8204821348190308
primary,published,20,sl-region-t0,SL,2.3413949012756348,0.8541778922080994,18.711793899536133,1.1984891891479492,-1.1429057121276855,15.336966514587402,0.8196417093276978
primary,published,20,sl-region-t2,SL,2.578680992126465,0.8612556457519531,17.34856605529785,1.5011353492736816,-1.0775456428527832,14.671323776245117,0.8456793427467346
primary,published,20,tr-capital-t0,TR,1.255995273590088,0.8983957171440125,16.008913040161133,2.2918615341186523,1.0358662605285645,14.053243637084961,0.8778387308120728
primary,published,20,tr-capital-t1,TR,1.29176664352417,0.9009082317352295,16.110118865966797,2.12839412689209,0.8366274833679199,14.122427940368652,0.876618504524231
primary,published,20,tr-capital-t2,TR,1.6833109855651855,0.8870206475257874,16.485557556152344,1.8461012840270996,0.16279029846191406,14.343314170837402,0.8700533509254456
primary,published,20,tr-currency-t0,TR,1.207242488861084,0.9055187702178955,16.121213912963867,1.4659080505371094,0.2586655616760254,14.814507484436035,0.9189448952674866
primary,published,20,tr-currency-t2,TR,1.539116382598877,0.8878233432769775,15.570825576782227,1.3470048904418945,-0.19211149215698242,13.758746147155762,0.8836234211921692
primary,published,20,tr-currency-t3,TR,1.4085149765014648,0.8975880146026611,15.701079368591309,1.2086644172668457,-0.19985055923461914,14.075340270996094,0.8964568376541138
primary,published,20,ua-region-t1,UA,2.3697705268859863,0.870941162109375,17.979631423950195,1.5163183212280273,-0.853452205657959,14.995649337768555,0.8340353965759277
primary,published,20,ua-region-t2,UA,2.5847997665405273,0.856356680393219,17.600811004638672,1.7959027290344238,-0.7888970375061035,14.874686241149902,0.8451136946678162
primary,published,21,cu-capital-t0,CU,1.511765956878662,0.9081531763076782,17.34661102294922,2.1677756309509277,0.6560096740722656,14.906444549560547,0.8593289256095886
primary,published,21,cu-capital-t1,CU,1.542658805847168,0.8834949731826782,17.773033142089844,2.0974793434143066,0.5548205375671387,15.149517059326172,0.8523878455162048
primary,published,21,cu-capital-t2,CU,1.7713422775268555,0.8764628171920776,17.806001663208008,1.9014577865600586,0.13011550903320312,15.12427043914795,0.8493916988372803
primary,published,21,cu-capital-t3,CU,1.4777183532714844,0.9003966450691223,17.658466339111328,2.046053409576416,0.5683350563049316,15.256186485290527,0.8639587759971619
primary,published,21,fi-capital-t0,FI,1.295145034790039,0.9033690094947815,18.247638702392578,1.433253288269043,0.1381082534790039,15.452292442321777,0.846810519695282
primary,published,21,fi-capital-t1,FI,1.3674697875976562,0.9096299409866333,18.084440231323242,1.559767723083496,0.19229793548583984,15.514192581176758,0.8578751683235168
primary,published,21,fi-capital-t2,FI,1.4366106986999512,0.8991445302963257,18.366004943847656,1.3829493522644043,-0.053661346435546875,15.765169143676758,0.8583886027336121
primary,published,21,fi-currency-t0,FI,1.7347803115844727,0.8757318258285522,19.40385627746582,1.135833740234375,-0.5989465713500977,15.896949768066406,0.8192675709724426
primary,published,21,fi-currency-t1,FI,1.7260560989379883,0.8686661124229431,19.453968048095703,1.439992904663086,-0.28606319427490234,15.636897087097168,0.8037896156311035
primary,published,21,fi-currency-t2,FI,1.8240151405334473,0.8579608201980591,19.3481502532959,1.485334873199463,-0.3386802673339844,15.43934440612793,0.7979752421379089
primary,published,21,fi-currency-t3,FI,1.6803765296936035,0.8784632086753845,19.046968460083008,1.373138427734375,-0.3072381019592285,15.439295768737793,0.8105907440185547
primary,published,21,fi-region-t1,FI,1.8364825248718262,0.8660997152328491,19.26053810119629,1.6591644287109375,-0.17731809616088867,16.1595401763916,0.8389973640441895
primary,published,21,fi-region-t2,FI,2.1945853233337402,0.8451077938079834,18.91560935974121,1.3627171516418457,-0.8318681716918945,15.866678237915039,0.8388140201568604
primary,published,21,gm-region-t1,GM,1.980422019958496,0.8633722066879272,18.68695640563965,1.5321450233459473,-0.44827699661254883,15.5933837890625,0.8344528079032898
primary,published,21,gm-region-t2,GM,2.1126933097839355,0.8541254997253418,18.648082733154297,1.7898550033569336,-0.32283830642700195,15.690702438354492,0.8414110541343689
primary,published,21,ie-capital-t0,IE,1.316408634185791,0.906279444694519,18.369232177734375,1.706571102142334,0.39016246795654297,15.64184856414795,0.8515243530273438
primary,published,21,ie-capital-t1,IE,1.382728099822998,0.9070145487785339,17.926637649536133,1.5374436378479004,0.15471553802490234,15.327315330505371,0.855002224445343
primary,published,21,ie-capital-t2,IE,1.6869401931762695,0.8977715969085693,18.281829833984375,1.561981201171875,-0.12495899200439453,15.584531784057617,0.8524601459503174
primary,published,21,ie-capital-t3,IE,1.2706832885742188,0.9001035094261169,18.370840072631836,1.8739914894104004,0.6033082008361816,15.819945335388184,0.8611443638801575
primary,published,21,ie-currency-t0,IE,1.9890999794006348,0.8904169201850891,19.868778228759766,0.909959077835083,-1.0791409015655518,16.477428436279297,0.8293126225471497
primary,published,21,ie-currency-t1,IE,2.0517215728759766,0.8608715534210205,19.686443328857422,1.0397157669067383,-1.0120058059692383,15.70971393585205,0.7979965806007385
primary,published,21,ie-currency-t2,IE,2.1541833877563477,0.8601148724555969,19.405906677246094,1.1077165603637695,-1.0464668273925781,15.510199546813965,0.7992514967918396
primary,published,21,ie-currency-t3,IE,1.984816551208496,0.869418203830719,19.40476417541504,0.9976634979248047,-0.9871530532836914,15.547000885009766,0.8011950254440308
primary,published,21,ie-region-t1,IE,1.8672208786010742,0.8634891510009766,19.153671264648438,1.6438937187194824,-0.2233271598815918,15.987071990966797,0.8346740007400513
primary,published,21,ie-region-t2,IE,2.356079578399658,0.8507906794548035,18.76752281188965,1.5600543022155762,-0.796025276184082,16.021148681640625,0.853663444519043
primary,published,21,mg-region-t0,MG,1.9143857955932617,0.8429586291313171,19.656587600708008,1.3148736953735352,-0.5995121002197266,16.108884811401367,0.8195158243179321
primary,published,21,mg-region-t1,MG,1.8948664665222168,0.8757789134979248,18.39397430419922,1.7620892524719238,-0.13277721405029297,15.69279956817627,0.8531489372253418
primary,published,21,mg-region-t2,MG,2.1305274963378906,0.8537280559539795,18.368284225463867,1.6657423973083496,-0.464785099029541,15.636813163757324,0.8512941598892212
primary,published,21,mg-region-t3,MG,2.054886817932129,0.8555434942245483,20.112403869628906,1.2493109703063965,-0.8055758476257324,16.804529190063477,0.8355306386947632
primary,published,21,ml-region-t0,ML,2.005687713623047,0.838282585144043,19.784915924072266,1.139176845550537,-0.8665108680725098,16.038042068481445,0.8106196522712708
primary,published,21,ml-region-t1,ML,1.9969100952148438,0.8578391671180725,18.693464279174805,1.560318946838379,-0.43659114837646484,15.64203929901123,0.8367651700973511
primary,published,21,ml-region-t2,ML,2.2122702598571777,0.8515671491622925,18.709259033203125,1.5054869651794434,-0.7067832946777344,15.730751991271973,0.8408003449440002
primary,published,21,ml-region-t3,ML,2.2295165061950684,0.8519418239593506,20.11748504638672,1.1546835899353027,-1.0748329162597656,16.533079147338867,0.8218263387680054
primary,published,21,np-currency-t0,NP,1.7949433326721191,0.8845705986022949,19.549631118774414,0.9597108364105225,-0.8352324962615967,16.162555694580078,0.826744794845581
primary,published,21,np-currency-t3,NP,1.8197369575500488,0.8692690134048462,19.06781768798828,1.1495323181152344,-0.6702046394348145,15.26367473602295,0.8004940748214722
primary,published,21,np-region-t0,NP,1.809952735900879,0.847262442111969,19.850107192993164,1.5095634460449219,-0.30038928985595703,16.368824005126953,0.8246214389801025
primary,published,21,nz-capital-t0,NZ,1.3122429847717285,0.883069634437561,17.735767364501953,1.7247581481933594,0.41251516342163086,14.973719596862793,0.8442668318748474
primary,published,21,nz-capital-t2,NZ,1.5766677856445312,0.8844555616378784,18.105195999145508,1.4715323448181152,-0.10513544082641602,15.286139488220215,0.8442957401275635
primary,published,21,nz-capital-t3,NZ,1.3078556060791016,0.8688136339187622,18.151737213134766,1.6831684112548828,0.37531280517578125,15.296951293945312,0.8427265882492065
primary,published,21,ph-capital-t1,PH,1.440558910369873,0.883909285068512,17.330129623413086,1.9089360237121582,0.46837711334228516,14.729551315307617,0.8499389290809631
primary,published,21,ph-capital-t2,PH,1.576385498046875,0.8866688013076782,18.52646827697754,1.5000519752502441,-0.07633352279663086,15.667135238647461,0.8456622958183289
primary,published,21,ph-currency-t0,PH,1.8293685913085938,0.8844417333602905,19.236671447753906,1.0037579536437988,-0.8256106376647949,16.101301193237305,0.8370107412338257
primary,published,21,ph-currency-t2,PH,2.107400417327881,0.8409755229949951,19.16572380065918,1.3597674369812012,-0.7476329803466797,15.03970718383789,0.7847189903259277
primary,published,21,ph-currency-t3,PH,1.8842530250549316,0.8627975583076477,18.672388076782227,1.0638470649719238,-0.8204059600830078,14.980243682861328,0.8022671341896057
primary,published,21,ph-region-t0,PH,1.950556755065918,0.8506931066513062,20.14583969116211,1.2223482131958008,-0.7282085418701172,16.64349937438965,0.8261507153511047
primary,published,21,ph-region-t2,PH,2.133619785308838,0.8549703359603882,18.85300064086914,1.4165496826171875,-0.7170701026916504,15.92837905883789,0.8448723554611206
primary,published,21,rs-region-t1,RS,2.172835350036621,0.8708726167678833,18.857898712158203,1.790672779083252,-0.38216257095336914,16.172256469726562,0.8575853109359741
primary,published,21,sa-capital-t0,SA,1.4725723266601562,0.890662670135498,18.160524368286133,1.5243220329284668,0.05174970626831055,15.553458213806152,0.8564432263374329
primary,published,21,sa-capital-t2,SA,1.7549805641174316,0.8826497793197632,18.67259979248047,1.6506810188293457,-0.10429954528808594,15.870635032653809,0.8499424457550049
primary,published,21,sa-capital-t3,SA,1.441859245300293,0.8862690925598145,18.011890411376953,1.5755887031555176,0.1337294578552246,15.5044584274292,0.8607901930809021
primary,published,21,sa-currency-t0,SA,1.8200788497924805,0.8751918077468872,19.81315040588379,1.1089763641357422,-0.7111024856567383,16.314268112182617,0.8234060406684875
primary,published,21,sa-currency-t1,SA,1.9795374870300293,0.8691787719726562,19.67608642578125,0.9444947242736816,-1.0350427627563477,15.896281242370605,0.8078985214233398
primary,published,21,sa-currency-t2,SA,2.0206422805786133,0.8532960414886475,19.215160369873047,1.1540446281433105,-0.8665976524353027,15.374308586120605,0.8001134395599365
primary,published,21,sa-currency-t3,SA,1.854748249053955,0.8811745047569275,19.570159912109375,1.0872225761413574,-0.7675256729125977,15.85677719116211,0.810252845287323
primary,published,21,sk-region-t2,SK,2.3543524742126465,0.871773898601532,18.63146209716797,1.2160658836364746,-1.1382865905761719,15.774982452392578,0.8466851711273193
primary,published,21,sy-capital-t0,SY,1.371044635772705,0.8907315731048584,18.032249450683594,1.665621280670166,0.29457664489746094,15.194265365600586,0.8426162004470825
primary,published,21,sy-capital-t1,SY,1.4208250045776367,0.8865112662315369,17.775714874267578,1.7719016075134277,0.351076602935791,14.927048683166504,0.8397439122200012
primary,published,21,sy-capital-t2,SY,1.692824363708496,0.8935935497283936,18.053939819335938,1.5455279350280762,-0.14729642868041992,15.379807472229004,0.8518809676170349
primary,published,21,sy-capital-t3,SY,1.3407983779907227,0.8858318328857422,18.330446243286133,1.7521247863769531,0.41132640838623047,15.454795837402344,0.8431216478347778
primary,published,21,td-region-t0,TD,1.952052116394043,0.8397846221923828,19.58844566345215,1.4905076026916504,-0.4615445137023926,15.958028793334961,0.8146653771400452
primary,published,21,td-region-t1,TD,1.8925609588623047,0.8611111044883728,18.665739059448242,1.455676555633545,-0.43688440322875977,15.495896339416504,0.8301785588264465
primary,published,21,td-region-t2,TD,2.162907600402832,0.8599293231964111,18.45846939086914,1.405951976776123,-0.756955623626709,15.48313045501709,0.8388090133666992
primary,published,21,xk-region-t1,XK,1.704939842224121,0.869996190071106,18.882112503051758,1.4167866706848145,-0.28815317153930664,15.85630989074707,0.8397529721260071
primary,published,21,xk-region-t2,XK,1.9235496520996094,0.8557671308517456,18.624895095825195,1.3631477355957031,-0.5604019165039062,15.776132583618164,0.8470454216003418
primary,published,21,af-capital-t0,AF,1.3873095512390137,0.9112104177474976,17.346208572387695,1.783818244934082,0.39650869369506836,15.106416702270508,0.8708771467208862
primary,published,21,al-region-t1,AL,1.7922077178955078,0.8614464998245239,18.798927307128906,1.421534538269043,-0.37067317962646484,15.83025074005127,0.842082679271698
primary,published,21,al-region-t2,AL,2.006666660308838,0.8532058596611023,18.497791290283203,1.3866925239562988,-0.6199741363525391,15.718085289001465,0.8497276902198792
primary,published,21,at-capital-t0,AT,1.2823138236999512,0.9012715816497803,17.751728057861328,1.6096396446228027,0.32732582092285156,15.17131233215332,0.8546386361122131
primary,published,21,at-capital-t2,AT,1.3670692443847656,0.8883056640625,17.806461334228516,1.476172924041748,0.10910367965698242,14.937378883361816,0.838874101638794
primary,published,21,at-capital-t3,AT,1.2389922142028809,0.8961676359176636,17.92401885986328,1.5134186744689941,0.2744264602661133,15.365772247314453,0.8572726845741272
primary,published,21,at-currency-t0,AT,1.8248481750488281,0.890876054763794,19.55845069885254,1.2117376327514648,-0.6131105422973633,16.251863479614258,0.8309381604194641
primary,published,21,at-currency-t1,AT,1.9080557823181152,0.8687623739242554,19.376516342163086,1.2149653434753418,-0.6930904388427734,15.498093605041504,0.7998390197753906
primary,published,21,at-currency-t2,AT,1.9585580825805664,0.8685930371284485,18.973756790161133,1.3579797744750977,-0.6005783081054688,15.117480278015137,0.7967573404312134
primary,published,21,at-currency-t3,AT,1.8261780738830566,0.882118284702301,19.145225524902344,1.3596582412719727,-0.466519832611084,15.498621940612793,0.8095293641090393
primary,published,21,at-region-t1,AT,1.9463920593261719,0.8654402494430542,19.029630661010742,1.3185944557189941,-0.6277976036071777,16.007184982299805,0.8411716222763062
primary,published,21,at-region-t2,AT,2.183659076690674,0.8599815368652344,18.732757568359375,1.209428310394287,-0.9742307662963867,15.920361518859863,0.8498674631118774
primary,published,21,bi-region-t0,BI,1.8610358238220215,0.8463877439498901,19.320459365844727,1.278294563293457,-0.5827412605285645,15.792258262634277,0.8173852562904358
primary,published,21,bi-region-t1,BI,1.8737921714782715,0.8683172464370728,18.38228988647461,1.5300145149230957,-0.3437776565551758,15.596656799316406,0.8484610319137573
primary,published,21,bi-region-t2,BI,2.0220656394958496,0.8655112385749817,18.278587341308594,1.5343832969665527,-0.4876823425292969,15.407859802246094,0.8429458737373352
primary,published,21,bi-region-t3,BI,1.948657512664795,0.8532134294509888,19.787609100341797,1.3118948936462402,-0.6367626190185547,16.25434112548828,0.8214403986930847
primary,published,21,ci-region-t0,CI,2.0630335807800293,0.8380420207977295,20.00684928894043,1.22804594039917,-0.8349876403808594,16.220308303833008,0.8107377886772156
primary,published,21,ci-region-t1,CI,2.029630184173584,0.864843487739563,18.956226348876953,1.7806215286254883,-0.2490086555480957,15.906832695007324,0.8391349911689758
primary,published,21,ci-region-t2,CI,2.1875391006469727,0.8694189786911011,18.796388626098633,1.5839858055114746,-0.603553295135498,15.793875694274902,0.8402611613273621
primary,published,21,ci-region-t3,CI,2.1469240188598633,0.8464118242263794,20.459348678588867,1.0395007133483887,-1.1074233055114746,16.76331329345703,0.8193473815917969
primary,published,21,cz-capital-t0,CZ,1.3357973098754883,0.8972561359405518,17.751855850219727,1.6237602233886719,0.2879629135131836,15.039972305297852,0.847233772277832
primary,published,21,cz-capital-t1,CZ,1.3816118240356445,0.8888415098190308,17.784494400024414,2.0433812141418457,0.6617693901062012,15.005967140197754,0.8437668681144714
primary,published,21,cz-capital-t2,CZ,1.4745988845825195,0.8999227285385132,18.35283660888672,1.7572460174560547,0.28264713287353516,15.519231796264648,0.8456040024757385
primary,published,21,cz-region-t2,CZ,2.263948917388916,0.8484328985214233,18.954673767089844,1.2152481079101562,-1.0487008094787598,16.106189727783203,0.8497213125228882
primary,published,21,gn-region-t1,GN,1.9882125854492188,0.8673022985458374,18.514223098754883,1.76975679397583,-0.21845579147338867,15.432533264160156,0.8335501551628113
primary,published,21,gn-region-t2,GN,2.3703784942626953,0.8583300113677979,18.742259979248047,1.5257515907287598,-0.8446269035339355,15.740697860717773,0.8398506045341492
primary,published,21,gq-region-t1,GQ,2.070014476776123,0.8651854991912842,18.692522048950195,1.4401607513427734,-0.6298537254333496,15.554033279418945,0.8320992588996887
primary,published,21,iq-capital-t0,IQ,1.329819679260254,0.9063243269920349,17.070995330810547,1.5969505310058594,0.26713085174560547,14.842395782470703,0.869451105594635
primary,published,21,iq-capital-t1,IQ,1.413431167602539,0.9082980155944824,17.31535530090332,1.7884645462036133,0.3750333786010742,14.855688095092773,0.8579487800598145
primary,published,21,iq-capital-t2,IQ,1.4228157997131348,0.9193335771560669,17.766395568847656,1.520829200744629,0.09801340103149414,15.624455451965332,0.8794386982917786
primary,published,21,ke-capital-t0,KE,1.3541054725646973,0.8893681168556213,18.16099739074707,1.769923210144043,0.4158177375793457,15.528566360473633,0.8550503253936768
primary,published,21,ke-capital-t1,KE,1.433610439300537,0.8931736946105957,18.195423126220703,1.9768595695495605,0.5432491302490234,15.396300315856934,0.8461633324623108
primary,published,21,ke-capital-t2,KE,1.6106877326965332,0.9011085033416748,18.27293586730957,1.4503612518310547,-0.16032648086547852,15.748106956481934,0.8618268370628357
primary,published,21,ke-capital-t3,KE,1.3549766540527344,0.8918344974517822,18.253910064697266,1.63531494140625,0.2803382873535156,15.607117652893066,0.8550013303756714
primary,published,21,ke-region-t0,KE,2.02463436126709,0.8453895449638367,20.172401428222656,1.26173734664917,-0.7628970146179199,16.589645385742188,0.8223931789398193
primary,published,21,ke-region-t1,KE,2.0464272499084473,0.8622329235076904,19.127912521362305,1.7770805358886719,-0.2693467140197754,15.912867546081543,0.8319186568260193
primary,published,21,ke-region-t2,KE,2.161396026611328,0.866378903388977,18.92639923095703,1.5255374908447266,-0.6358585357666016,15.829360961914062,0.8363640904426575
primary,published,21,ke-region-t3,KE,2.150879383087158,0.8550854325294495,20.647090911865234,1.2195987701416016,-0.9312806129455566,17.105484008789062,0.828469455242157
primary,published,21,kp-capital-t0,KP,1.4100737571716309,0.8915815949440002,17.05655860900879,1.705348014831543,0.2952742576599121,14.68517780303955,0.8609695434570312
primary,published,21,kp-capital-t2,KP,1.5283699035644531,0.8865610361099243,18.00750732421875,1.8024401664733887,0.27407026290893555,15.2016019821167,0.8441813588142395
primary,published,21,kr-capital-t0,KR,1.4318132400512695,0.8794935941696167,18.3317928314209,1.5686936378479004,0.13688039779663086,15.490888595581055,0.8450285792350769
primary,published,21,kr-capital-t1,KR,1.4672207832336426,0.8717725276947021,18.26654815673828,1.8682761192321777,0.40105533599853516,15.608410835266113,0.8544805645942688
primary,published,21,kr-capital-t2,KR,1.692512035369873,0.8860645294189453,18.704023361206055,1.5210399627685547,-0.17147207260131836,15.707563400268555,0.8397959470748901
primary,published,21,kr-capital-t3,KR,1.385538101196289,0.8799219131469727,18.183210372924805,1.555415153503418,0.1698770523071289,15.479522705078125,0.8513085842132568
primary,published,21,kr-region-t0,KR,2.2439675331115723,0.8515393137931824,20.39467430114746,1.276930809020996,-0.9670367240905762,16.677587509155273,0.8177422881126404
primary,published,21,kr-region-t1,KR,1.953531265258789,0.860166072845459,19.277233123779297,1.55094575881958,-0.402585506439209,16.021757125854492,0.8311232924461365
primary,published,21,kr-region-t2,KR,2.198735237121582,0.8421810269355774,19.004417419433594,1.3905959129333496,-0.8081393241882324,15.824392318725586,0.8326691389083862
primary,published,21,lk-capital-t0,LK,1.3383049964904785,0.8923915028572083,18.028892517089844,1.9113006591796875,0.572995662689209,15.298171997070312,0.8485364317893982
primary,published,21,lk-capital-t1,LK,1.4488601684570312,0.889601469039917,18.048336029052734,1.928940773010254,0.48008060455322266,15.279073715209961,0.8465641140937805
primary,published,21,lk-capital-t2,LK,1.5915989875793457,0.8682149648666382,18.392911911010742,1.647383213043213,0.05578422546386719,15.135749816894531,0.8229120969772339
primary,published,21,lk-capital-t3,LK,1.3161969184875488,0.8825752139091492,18.069095611572266,2.065375804901123,0.7491788864135742,15.304861068725586,0.8470186591148376
primary,published,21,sd-region-t0,SD,1.8854827880859375,0.8428440093994141,20.125843048095703,1.2972874641418457,-0.5881953239440918,16.162765502929688,0.8030851483345032
primary,published,21,sd-region-t1,SD,1.8758645057678223,0.8755285739898682,19.129390716552734,1.4423155784606934,-0.4335489273071289,15.83808708190918,0.8279451727867126
primary,published,21,sd-region-t2,SD,1.99446439743042,0.8501161932945251,18.79621696472168,1.4798169136047363,-0.5146474838256836,15.538850784301758,0.8267009854316711
primary,published,21,sd-region-t3,SD,1.9945464134216309,0.8472129702568054,20.409286499023438,1.277876853942871,-0.7166695594787598,16.645462036132812,0.8155827522277832
primary,published,21,sl-region-t0,SL,1.8927836418151855,0.8457123637199402,19.781105041503906,1.2507734298706055,-0.6420102119445801,16.23763084411621,0.8208656907081604
primary,published,21,sl-region-t2,SL,2.1170482635498047,0.8528693318367004,18.545095443725586,1.384507179260254,-0.7325410842895508,15.51751708984375,0.8367450833320618
primary,published,21,tr-capital-t0,TR,1.3562612533569336,0.8907331228256226,17.652734756469727,1.9408035278320312,0.5845422744750977,15.00584888458252,0.8500580191612244
primary,published,21,tr-capital-t1,TR,1.4116244316101074,0.8925840854644775,17.735336303710938,1.6963915824890137,0.28476715087890625,15.108855247497559,0.8519068956375122
primary,published,21,tr-capital-t2,TR,1.6675777435302734,0.8865119218826294,18.36187171936035,1.549637794494629,-0.11793994903564453,15.52894115447998,0.845716655254364
primary,published,21,tr-currency-t0,TR,1.8684663772583008,0.8716474175453186,19.556425094604492,1.4229774475097656,-0.44548892974853516,15.99239444732666,0.8177565336227417
primary,published,21,tr-currency-t2,TR,2.0403079986572266,0.8363016843795776,19.280561447143555,1.3165650367736816,-0.7237429618835449,14.995625495910645,0.777758777141571
primary,published,21,tr-currency-t3,TR,1.8876428604125977,0.8600176572799683,19.364980697631836,1.1334681510925293,-0.7541747093200684,15.43738842010498,0.7971806526184082
primary,published,21,ua-region-t1,UA,1.8159375190734863,0.8621585369110107,19.026193618774414,1.7134284973144531,-0.1025090217590332,15.814013481140137,0.8311706185340881
primary,published,21,ua-region-t2,UA,2.0081305503845215,0.8453310132026672,18.728479385375977,1.59443998336792,-0.41369056701660156,15.651331901550293,0.8356968760490417
primary,published,22,cu-capital-t0,CU,2.080874443054199,0.8974509835243225,18.937803268432617,2.3454627990722656,0.2645883560180664,16.354183197021484,0.8635733723640442
primary,published,22,cu-capital-t1,CU,2.3824729919433594,0.8816553950309753,19.63096046447754,2.336789131164551,-0.045683860778808594,16.740833282470703,0.8527770638465881
primary,published,22,cu-capital-t2,CU,2.621854782104492,0.869791567325592,19.5767822265625,2.17958927154541,-0.44226551055908203,16.578725814819336,0.8468565344810486
primary,published,22,cu-capital-t3,CU,1.9429807662963867,0.8984106779098511,19.007164001464844,2.1795315742492676,0.23655080795288086,16.751991271972656,0.8813514113426208
primary,published,22,fi-capital-t0,FI,2.295823574066162,0.8931199312210083,20.11344337463379,2.026000499725342,-0.2698230743408203,16.920368194580078,0.8412467241287231
primary,published,22,fi-capital-t1,FI,2.320432186126709,0.9029971361160278,20.23238754272461,1.7437481880187988,-0.5766839981079102,17.13335418701172,0.8468281030654907
primary,published,22,fi-capital-t2,FI,2.567457675933838,0.8907750844955444,20.181230545043945,1.7084941864013672,-0.8589634895324707,17.028766632080078,0.8437922596931458
primary,published,22,fi-currency-t0,FI,1.5026311874389648,0.8819961547851562,21.663970947265625,0.9809098243713379,-0.521721363067627,18.095962524414062,0.8353021740913391
primary,published,22,fi-currency-t1,FI,1.6019282341003418,0.8743040561676025,21.11879539489746,1.131216049194336,-0.47071218490600586,17.285411834716797,0.8184847235679626
primary,published,22,fi-currency-t2,FI,1.7118768692016602,0.866478681564331,21.021944046020508,1.3288602828979492,-0.38301658630371094,17.234447479248047,0.8198313117027283
primary,published,22,fi-currency-t3,FI,1.5024924278259277,0.8763859272003174,20.98395347595215,1.2273783683776855,-0.2751140594482422,17.343202590942383,0.8264983296394348
primary,published,22,fi-region-t1,FI,2.0796170234680176,0.8586961030960083,21.051822662353516,1.6977829933166504,-0.3818340301513672,18.094881057739258,0.8595398664474487
primary,published,22,fi-region-t2,FI,2.3958163261413574,0.8381867408752441,20.568822860717773,1.5276274681091309,-0.8681888580322266,17.78863525390625,0.8648348450660706
primary,published,22,gm-region-t1,GM,2.183699607849121,0.8602532148361206,20.684280395507812,1.6643242835998535,-0.5193753242492676,17.78468132019043,0.859816312789917
primary,published,22,gm-region-t2,GM,2.172877788543701,0.851392924785614,20.639293670654297,1.641366958618164,-0.5315108299255371,17.809568405151367,0.862896203994751
primary,published,22,ie-capital-t0,IE,2.150052547454834,0.8969241380691528,20.449979782104492,2.0287857055664062,-0.12126684188842773,17.378955841064453,0.8498275279998779
primary,published,22,ie-capital-t1,IE,2.245297431945801,0.8954445719718933,20.388107299804688,1.9131965637207031,-0.33210086822509766,17.13625717163086,0.8405026197433472
primary,published,22,ie-capital-t2,IE,2.6002068519592285,0.8849600553512573,20.09542465209961,1.9454989433288574,-0.6547079086303711,17.260147094726562,0.8589093089103699
primary,published,22,ie-capital-t3,IE,2.0202293395996094,0.8955703973770142,20.41492462158203,2.055521011352539,0.03529167175292969,17.460237503051758,0.8552682995796204
primary,published,22,ie-currency-t0,IE,1.7344412803649902,0.8906738758087158,22.221038818359375,0.8572251796722412,-0.877216100692749,18.71473503112793,0.8422079086303711
primary,published,22,ie-currency-t1,IE,1.8532795906066895,0.8642933964729309,21.33009910583496,0.9982573986053467,-0.8550221920013428,17.46354103088379,0.8187276124954224
primary,published,22,ie-currency-t2,IE,1.868525505065918,0.8686394095420837,21.01691246032715,1.2304959297180176,-0.6380295753479004,17.16082000732422,0.8165243268013
primary,published,22,ie-currency-t3,IE,1.7277865409851074,0.8716727495193481,21.36459732055664,0.8246028423309326,-0.9031836986541748,17.550058364868164,0.8214551210403442
primary,published,22,ie-region-t1,IE,2.0871291160583496,0.8561896681785583,21.021520614624023,1.5531044006347656,-0.534024715423584,18.092632293701172,0.8606719374656677
primary,published,22,ie-region-t2,IE,2.540011405944824,0.8410091400146484,20.533098220825195,1.4600825309753418,-1.0799288749694824,18.146907806396484,0.8837881088256836
primary,published,22,mg-region-t0,MG,2.191361427307129,0.826122522354126,21.01881980895996,1.4670910835266113,-0.7242703437805176,17.16103744506836,0.8164605498313904
primary,published,22,mg-region-t1,MG,2.0446219444274902,0.8661518692970276,20.355751037597656,1.79887056350708,-0.24575138092041016,17.635351181030273,0.8663572072982788
primary,published,22,mg-region-t2,MG,2.175722599029541,0.8538614511489868,20.443513870239258,1.6361346244812012,-0.5395879745483398,17.704317092895508,0.8660114407539368
primary,published,22,mg-region-t3,MG,2.3251967430114746,0.8359033465385437,21.231122970581055,1.32664155960083,-0.9985551834106445,17.52423095703125,0.8254029154777527
primary,published,22,ml-region-t0,ML,2.343583106994629,0.8199597597122192,21.061237335205078,1.3176002502441406,-1.0259828567504883,17.23537254333496,0.8183456659317017
primary,published,22,ml-region-t1,ML,2.1799674034118652,0.8590942621231079,20.550386428833008,1.630363941192627,-0.5496034622192383,17.684499740600586,0.860543429851532
primary,published,22,ml-region-t2,ML,2.2107009887695312,0.8523797988891602,20.663732528686523,1.438107967376709,-0.7725930213928223,17.926801681518555,0.8675490617752075
primary,published,22,ml-region-t3,ML,2.5884790420532227,0.8306541442871094,21.188871383666992,1.2261557579040527,-1.36232328414917,17.393144607543945,0.8208622336387634
primary,published,22,np-currency-t0,NP,1.6251893043518066,0.8894495964050293,21.875024795532227,0.938499927520752,-0.6866893768310547,18.146074295043945,0.8295338749885559
primary,published,22,np-currency-t3,NP,1.6276178359985352,0.8773237466812134,21.127811431884766,1.171309471130371,-0.45630836486816406,17.285675048828125,0.8181478977203369
primary,published,22,np-region-t0,NP,2.2884902954101562,0.8335646390914917,21.328868865966797,1.5313739776611328,-0.7571163177490234,17.641117095947266,0.8271004557609558
primary,published,22,nz-capital-t0,NZ,2.0510387420654297,0.8821901082992554,19.887672424316406,1.9536266326904297,-0.097412109375,16.540145874023438,0.8316783308982849
primary,published,22,nz-capital-t2,NZ,2.6444053649902344,0.8775098323822021,20.272911071777344,1.9478535652160645,-0.6965517997741699,16.929798126220703,0.8350945711135864
primary,published,22,nz-capital-t3,NZ,1.9904932975769043,0.8755123615264893,20.254547119140625,1.9251389503479004,-0.0653543472290039,16.9195556640625,0.8353460431098938
primary,published,22,ph-capital-t1,PH,2.0465235710144043,0.8823858499526978,19.595060348510742,2.076626777648926,0.030103206634521484,16.4028377532959,0.8370904326438904
primary,published,22,ph-capital-t2,PH,2.2880444526672363,0.8809826374053955,20.532657623291016,1.847172737121582,-0.4408717155456543,17.208866119384766,0.8381217122077942
primary,published,22,ph-currency-t0,PH,1.6650018692016602,0.8895504474639893,21.560998916625977,0.9041063785552979,-0.7608954906463623,18.063901901245117,0.8378044962882996
primary,published,22,ph-currency-t2,PH,1.9388141632080078,0.8617506623268127,21.13524627685547,1.18455171585083,-0.7542624473571777,16.636812210083008,0.7871596217155457
primary,published,22,ph-currency-t3,PH,1.7299795150756836,0.8719967603683472,20.71760368347168,0.9621429443359375,-0.7678365707397461,16.676713943481445,0.8049538135528564
primary,published,22,ph-region-t0,PH,2.4088354110717773,0.8332134485244751,21.692873001098633,1.3208680152893066,-1.0879673957824707,17.675846099853516,0.8148227334022522
primary,published,22,ph-region-t2,PH,2.335263252258301,0.8478461503982544,20.802213668823242,1.375814437866211,-0.9594488143920898,17.929210662841797,0.8618895411491394
primary,published,22,rs-region-t1,RS,2.8318281173706055,0.8624016046524048,21.045988082885742,1.7211408615112305,-1.110687255859375,18.103702545166016,0.8601973056793213
primary,published,22,sa-capital-t0,SA,2.231119155883789,0.8818627595901489,19.967464447021484,1.8390274047851562,-0.3920917510986328,16.986862182617188,0.8507270812988281
primary,published,22,sa-capital-t2,SA,2.465850353240967,0.8767377138137817,20.4364013671875,1.866257667541504,-0.5995926856994629,17.355257034301758,0.84923255443573
primary,published,22,sa-capital-t3,SA,2.145878314971924,0.8796305656433105,19.72287940979004,1.806663990020752,-0.3392143249511719,16.77033233642578,0.8502984046936035
primary,published,22,sa-currency-t0,SA,1.6074213981628418,0.8811697959899902,21.938215255737305,0.9578630924224854,-0.6495583057403564,18.39451026916504,0.8384688496589661
primary,published,22,sa-currency-t1,SA,1.8077387809753418,0.8682208061218262,21.271507263183594,0.8681385517120361,-0.9396002292633057,17.776432037353516,0.8356921672821045
primary,published,22,sa-currency-t2,SA,1.8334970474243164,0.8679550886154175,21.088869094848633,0.9823257923126221,-0.8511712551116943,17.579496383666992,0.8335912227630615
primary,published,22,sa-currency-t3,SA,1.6886639595031738,0.8794376254081726,21.317882537841797,0.9791247844696045,-0.7095391750335693,17.808340072631836,0.8353709578514099
primary,published,22,sk-region-t2,SK,2.4506635665893555,0.8599387407302856,20.41150665283203,1.1422128677368164,-1.308450698852539,17.781808853149414,0.871165931224823
primary,published,22,sy-capital-t0,SY,2.2316389083862305,0.8784151673316956,19.982240676879883,1.9837579727172852,-0.2478809356689453,16.76322364807129,0.8389061093330383
primary,published,22,sy-capital-t1,SY,2.270440101623535,0.8805693984031677,19.939136505126953,2.1226868629455566,-0.14775323867797852,16.5883846282959,0.8319510221481323
primary,published,22,sy-capital-t2,SY,2.448791980743408,0.8840559124946594,19.85091781616211,1.832207202911377,-0.6165847778320312,16.838703155517578,0.8482581377029419
primary,published,22,sy-capital-t3,SY,2.1888580322265625,0.8847227096557617,20.23018455505371,1.9877634048461914,-0.2010946273803711,17.130712509155273,0.8467897176742554
primary,published,22,td-region-t0,TD,2.241623878479004,0.8243197202682495,20.805540084838867,1.4245953559875488,-0.8170285224914551,17.102764129638672,0.8220293521881104
primary,published,22,td-region-t1,TD,2.094188690185547,0.8647730350494385,20.54960060119629,1.5454115867614746,-0.5487771034240723,17.64750862121582,0.8587762117385864
primary,published,22,td-region-t2,TD,2.201840400695801,0.8597823977470398,20.48542022705078,1.4566855430603027,-0.745154857635498,17.85265350341797,0.8714809417724609
primary,published,22,xk-region-t1,XK,1.9467473030090332,0.8603817224502563,20.905324935913086,1.4938077926635742,-0.452939510345459,18.0777587890625,0.8647441864013672
primary,published,22,xk-region-t2,XK,2.011078357696533,0.8543035387992859,20.611515045166016,1.4762063026428223,-0.5348720550537109,17.957204818725586,0.8712219595909119
primary,published,22,af-capital-t0,AF,2.2354702949523926,0.9020771980285645,19.423389434814453,2.1832690238952637,-0.052201271057128906,16.88835906982422,0.8694856762886047
primary,published,22,al-region-t1,AL,1.9595346450805664,0.8577457666397095,20.825733184814453,1.7275733947753906,-0.23196125030517578,18.005268096923828,0.864568293094635
primary,published,22,al-region-t2,AL,2.0845446586608887,0.8499833941459656,20.463233947753906,1.522303581237793,-0.5622410774230957,17.986000061035156,0.8789421916007996
primary,published,22,at-capital-t0,AT,2.352428436279297,0.8947505354881287,19.98536491394043,1.814218521118164,-0.5382099151611328,16.991914749145508,0.850217878818512
primary,published,22,at-capital-t2,AT,2.6217122077941895,0.8818684816360474,19.769149780273438,1.7673139572143555,-0.854398250579834,16.39068031311035,0.829103946685791
primary,published,22,at-capital-t3,AT,2.2193336486816406,0.8903802633285522,20.079248428344727,1.8676791191101074,-0.3516545295715332,17.293989181518555,0.8612866997718811
primary,published,22,at-currency-t0,AT,1.5416784286499023,0.8905696868896484,21.57463836669922,0.9257009029388428,-0.6159775257110596,18.37742042541504,0.851806640625
primary,published,22,at-currency-t1,AT,1.6801681518554688,0.8758669495582581,20.927419662475586,1.1354913711547852,-0.5446767807006836,17.201358795166016,0.8219531774520874
primary,published,22,at-currency-t2,AT,1.6997838020324707,0.878515362739563,20.318355560302734,1.0441265106201172,-0.6556572914123535,16.78506088256836,0.8261033296585083
primary,published,22,at-currency-t3,AT,1.5631442070007324,0.8852007389068604,20.774169921875,1.0128440856933594,-0.550300121307373,17.12273597717285,0.8242320418357849
primary,published,22,at-region-t1,AT,2.336826801300049,0.8564358949661255,20.882177352905273,1.6392521858215332,-0.6975746154785156,18.143177032470703,0.8688355088233948
primary,published,22,at-region-t2,AT,2.566265106201172,0.8476405739784241,20.57271957397461,1.3494906425476074,-1.2167744636535645,18.036893844604492,0.876738429069519
primary,published,22,bi-region-t0,BI,2.0911612510681152,0.8310215473175049,20.689987182617188,1.3641414642333984,-0.7270197868347168,17.273426055908203,0.834868848323822
primary,published,22,bi-region-t1,BI,2.054568290710449,0.865702748298645,20.27984046936035,1.6379847526550293,-0.4165835380554199,17.715309143066406,0.873542845249176
primary,published,22,bi-region-t2,BI,2.1132545471191406,0.8647640943527222,20.298738479614258,1.5831546783447266,-0.5300998687744141,17.59232521057129,0.8666708469390869
primary,published,22,bi-region-t3,BI,2.160317897796631,0.8360984921455383,20.95305824279785,1.3708524703979492,-0.7894654273986816,17.518611907958984,0.8360885381698608
primary,published,22,ci-region-t0,CI,2.2545971870422363,0.8272653222084045,21.38526153564453,1.192685604095459,-1.0619115829467773,17.674238204956055,0.8264681696891785
primary,published,22,ci-region-t1,CI,2.0701279640197754,0.8642584085464478,20.813739776611328,1.5778284072875977,-0.49229955673217773,17.835758209228516,0.8569223284721375
primary,published,22,ci-region-t2,CI,2.155696392059326,0.8682765364646912,20.824325561523438,1.3528623580932617,-0.8028340339660645,17.883617401123047,0.8587849736213684
primary,published,22,ci-region-t3,CI,2.324769973754883,0.8314827680587769,21.677865982055664,1.1314888000488281,-1.1932811737060547,17.809898376464844,0.821570634841919
primary,published,22,cz-capital-t0,CZ,2.2686338424682617,0.8839747309684753,19.73279571533203,1.983713150024414,-0.28492069244384766,16.504117965698242,0.836380124092102
primary,published,22,cz-capital-t1,CZ,2.316502571105957,0.8854503035545349,19.988441467285156,1.9533653259277344,-0.36313724517822266,16.565412521362305,0.8287495970726013
primary,published,22,cz-capital-t2,CZ,2.505983352661133,0.883317232131958,20.207714080810547,2.01588773727417,-0.4900956153869629,16.767444610595703,0.829754650592804
primary,published,22,cz-region-t2,CZ,2.554001808166504,0.8383881449699402,20.736221313476562,1.3348445892333984,-1.2191572189331055,18.150848388671875,0.8753209114074707
primary,published,22,gn-region-t1,GN,2.038455009460449,0.862829327583313,20.479047775268555,1.611060619354248,-0.42739439010620117,17.49413299560547,0.8542454242706299
primary,published,22,gn-region-t2,GN,2.2625412940979004,0.8515870571136475,20.65776824951172,1.411247730255127,-0.8512935638427734,17.882320404052734,0.8656463027000427
primary,published,22,gq-region-t1,GQ,2.3089070320129395,0.8664793968200684,20.65960121154785,1.3499670028686523,-0.9589400291442871,17.75769805908203,0.8595373034477234
primary,published,22,iq-capital-t0,IQ,1.8895792961120605,0.9054661393165588,19.23830223083496,1.8285517692565918,-0.06102752685546875,16.737361907958984,0.870002031326294
primary,published,22,iq-capital-t1,IQ,2.0340967178344727,0.9021073579788208,19.581668853759766,2.1242480278015137,0.09015130996704102,16.6966609954834,0.8526679277420044
primary,published,22,iq-capital-t2,IQ,1.9516563415527344,0.910750687122345,19.858976364135742,1.8541269302368164,-0.09752941131591797,17.761741638183594,0.8943936228752136
primary,published,22,ke-capital-t0,KE,2.0079102516174316,0.885071873664856,20.12348175048828,1.9868474006652832,-0.021062850952148438,16.90846824645996,0.840235710144043
primary,published,22,ke-capital-t1,KE,2.1172876358032227,0.8841602206230164,20.45035171508789,2.3050403594970703,0.18775272369384766,17.076297760009766,0.8350124359130859
primary,published,22,ke-capital-t2,KE,2.188509464263916,0.8932560682296753,20.13413429260254,1.8579463958740234,-0.3305630683898926,17.24688720703125,0.8565993905067444
primary,published,22,ke-capital-t3,KE,1.9351420402526855,0.8930777311325073,20.106243133544922,1.8640785217285156,-0.07106351852416992,17.063705444335938,0.8486769795417786
primary,published,22,ke-region-t0,KE,2.3119893074035645,0.8333225846290588,21.712709426879883,1.2547392845153809,-1.0572500228881836,17.858257293701172,0.8224794268608093
primary,published,22,ke-region-t1,KE,2.1727075576782227,0.85651695728302,21.06174659729004,1.6670746803283691,-0.5056328773498535,17.86785888671875,0.8483560085296631
primary,published,22,ke-region-t2,KE,2.1419310569763184,0.8608108162879944,20.812957763671875,1.3785457611083984,-0.7633852958679199,17.86467933654785,0.8583440780639648
primary,published,22,ke-region-t3,KE,2.311704635620117,0.8289761543273926,21.906862258911133,1.2753925323486328,-1.0363121032714844,18.16694450378418,0.8292809724807739
primary,published,22,kp-capital-t0,KP,2.148861885070801,0.8897932767868042,18.713809967041016,1.9426240921020508,-0.20623779296875,15.980000495910645,0.8539148569107056
primary,published,22,kp-capital-t2,KP,2.3364977836608887,0.8741747736930847,19.476327896118164,2.177061080932617,-0.15943670272827148,16.426300048828125,0.8433982133865356
primary,published,22,kr-capital-t0,KR,2.095303535461426,0.8751944899559021,20.03984832763672,1.8803582191467285,-0.21494531631469727,16.70271110534668,0.8334749341011047
primary,published,22,kr-capital-t1,KR,2.1633224487304688,0.8701496124267578,20.11771011352539,2.0591354370117188,-0.10418701171875,16.893997192382812,0.8397574424743652
primary,published,22,kr-capital-t2,KR,2.501804828643799,0.8782933950424194,20.40626335144043,2.068545341491699,-0.4332594871520996,17.099353790283203,0.837946355342865
primary,published,22,kr-capital-t3,KR,1.991300106048584,0.8799352645874023,19.87546730041504,1.961782455444336,-0.029517650604248047,16.889694213867188,0.8497759699821472
primary,published,22,kr-region-t0,KR,2.8810677528381348,0.8261172771453857,21.8829288482666,1.3333520889282227,-1.547715663909912,17.775672912597656,0.8123077750205994
primary,published,22,kr-region-t1,KR,2.321322441101074,0.8508661985397339,21.026159286499023,1.5704708099365234,-0.7508516311645508,17.719778060913086,0.8427491784095764
primary,published,22,kr-region-t2,KR,2.440241813659668,0.8312121033668518,20.616668701171875,1.4652447700500488,-0.9749970436096191,17.616180419921875,0.8544629812240601
primary,published,22,lk-capital-t0,LK,1.9254250526428223,0.8867993354797363,19.96473503112793,2.181074619293213,0.2556495666503906,16.776941299438477,0.8403287529945374
primary,published,22,lk-capital-t1,LK,2.157557487487793,0.8864867091178894,20.45570945739746,2.2440357208251953,0.08647823333740234,17.110397338867188,0.8364607095718384
primary,published,22,lk-capital-t2,LK,2.438929557800293,0.8720685839653015,20.231903076171875,1.9807624816894531,-0.45816707611083984,16.56502914428711,0.8187578320503235
primary,published,22,lk-capital-t3,LK,1.8859601020812988,0.885651171207428,19.868099212646484,2.224459648132324,0.3384995460510254,16.857269287109375,0.8484590649604797
primary,published,22,sd-region-t0,SD,2.1674537658691406,0.8268842101097107,21.57200813293457,1.341801643371582,-0.8256521224975586,17.630165100097656,0.8172704577445984
primary,published,22,sd-region-t1,SD,2.0570578575134277,0.8719505667686462,21.10528564453125,1.4253487586975098,-0.631709098815918,17.958921432495117,0.850920557975769
primary,published,22,sd-region-t2,SD,2.0068840980529785,0.8511590361595154,20.8045597076416,1.456721305847168,-0.5501627922058105,17.93184471130371,0.8619189858436584
primary,published,22,sd-region-t3,SD,2.230583667755127,0.8305059671401978,21.624698638916016,1.3004002571105957,-0.9301834106445312,17.883485794067383,0.8269935250282288
primary,published,22,sl-region-t0,SL,2.178807258605957,0.8316829800605774,21.101327896118164,1.2249641418457031,-0.9538431167602539,17.519126892089844,0.8302381038665771
primary,published,22,sl-region-t2,SL,2.211702346801758,0.851425051689148,20.60302734375,1.473423957824707,-0.7382783889770508,17.873435974121094,0.8675150275230408
primary,published,22,tr-capital-t0,TR,2.281698226928711,0.8840482234954834,19.7617130279541,2.1636109352111816,-0.1180872917175293,16.555688858032227,0.8377658724784851
primary,published,22,tr-capital-t1,TR,2.3422045707702637,0.8836410641670227,20.08092498779297,1.912541389465332,-0.42966318130493164,16.99826431274414,0.8464881181716919
primary,published,22,tr-capital-t2,TR,2.810906410217285,0.8800787925720215,20.45427131652832,1.760693073272705,-1.05021333694458,17.00048828125,0.8311461210250854
primary,published,22,tr-currency-t0,TR,1.6197104454040527,0.8783652186393738,21.846027374267578,1.093735694885254,-0.5259747505187988,17.839590072631836,0.8166056871414185
primary,published,22,tr-currency-t2,TR,1.8127484321594238,0.8512890338897705,21.14061164855957,1.3018994331359863,-0.5108489990234375,16.900896072387695,0.7994515895843506
primary,published,22,tr-currency-t3,TR,1.6337151527404785,0.8649207949638367,21.317710876464844,1.0689048767089844,-0.5648102760314941,17.256919860839844,0.8095109462738037
primary,published,22,ua-region-t1,UA,2.1157937049865723,0.8543803691864014,20.707271575927734,1.5846309661865234,-0.5311627388000488,17.810104370117188,0.8600893616676331
primary,published,22,ua-region-t2,UA,2.229454517364502,0.8388569355010986,20.534704208374023,1.6068644523620605,-0.6225900650024414,17.748872756958008,0.8643354773521423
primary,own_fresh,16,cu-capital-t0,CU,1.01507568359375,0.9934420585632324,11.651240348815918,0.8815367221832275,-0.13353896141052246,11.605040550231934,0.9960348010063171
primary,own_fresh,16,cu-capital-t1,CU,0.8502020835876465,0.987373411655426,10.850921630859375,1.485471248626709,0.6352691650390625,10.746177673339844,0.9903470277786255
primary,own_fresh,16,cu-capital-t2,CU,1.3419346809387207,0.9944932460784912,10.682727813720703,0.77897047996521,-0.5629642009735107,10.642026901245117,0.9961900115013123
primary,own_fresh,16,cu-capital-t3,CU,1.004666805267334,0.9961791038513184,11.619544982910156,0.853632926940918,-0.15103387832641602,11.571117401123047,0.9958322048187256
primary,own_fresh,16,fi-capital-t0,FI,0.8702216148376465,0.9742063283920288,12.030261039733887,0.42354631423950195,-0.44667530059814453,11.816306114196777,0.9822152853012085
primary,own_fresh,16,fi-capital-t1,FI,0.7943329811096191,0.982286810874939,11.058070182800293,0.736851692199707,-0.05748128890991211,10.918275833129883,0.9873581528663635
primary,own_fresh,16,fi-capital-t2,FI,1.087562084197998,0.99504554271698,11.02226448059082,0.7818038463592529,-0.3057582378387451,10.979351997375488,0.996106743812561
primary,own_fresh,16,fi-currency-t0,FI,0.9325761795043945,0.9819290041923523,10.768796920776367,1.0523066520690918,0.11973047256469727,10.633955001831055,0.9874784350395203
primary,own_fresh,16,fi-currency-t1,FI,0.834113359451294,0.9807171821594238,11.037282943725586,0.6851911544799805,-0.14892220497131348,10.873784065246582,0.9851866960525513
primary,own_fresh,16,fi-currency-t2,FI,1.0307674407958984,0.9853531718254089,10.446627616882324,0.5258257389068604,-0.5049417018890381,10.324931144714355,0.9883506298065186
primary,own_fresh,16,fi-currency-t3,FI,0.9020845890045166,0.9854879975318909,10.783772468566895,0.6303892135620117,-0.2716953754425049,10.647846221923828,0.9873952865600586
primary,own_fresh,16,fi-region-t1,FI,1.2842597961425781,0.9871448278427124,11.079294204711914,1.3640246391296387,0.07976484298706055,10.953875541687012,0.9886798858642578
primary,own_fresh,16,fi-region-t2,FI,1.3496499061584473,0.9868240356445312,11.081472396850586,1.326838493347168,-0.022811412811279297,10.94887924194336,0.988034725189209
primary,own_fresh,16,gm-region-t1,GM,1.362694263458252,0.9843366146087646,10.922463417053223,1.175039291381836,-0.18765497207641602,10.794866561889648,0.9883179664611816
primary,own_fresh,16,gm-region-t2,GM,1.45145845413208,0.9860150814056396,11.053651809692383,1.3074631690979004,-0.1439952850341797,10.9513521194458,0.9907451868057251
primary,own_fresh,16,ie-capital-t0,IE,0.8641061782836914,0.9726115465164185,12.15493106842041,0.4910869598388672,-0.3730192184448242,11.950485229492188,0.9831799864768982
primary,own_fresh,16,ie-capital-t1,IE,0.8242435455322266,0.9820231795310974,11.100541114807129,0.636615514755249,-0.18762803077697754,10.953423500061035,0.9867467880249023
primary,own_fresh,16,ie-capital-t2,IE,1.2729158401489258,0.9955146312713623,10.756720542907715,0.7902495861053467,-0.4826662540435791,10.71053695678711,0.9957065582275391
primary,own_fresh,16,ie-capital-t3,IE,0.8793041706085205,0.9727687239646912,11.870572090148926,0.6273884773254395,-0.25191569328308105,11.680732727050781,0.9840075373649597
primary,own_fresh,16,ie-currency-t0,IE,0.964120626449585,0.9810695052146912,10.876160621643066,1.1370954513549805,0.1729748249053955,10.738054275512695,0.9873019456863403
primary,own_fresh,16,ie-currency-t1,IE,0.8868606090545654,0.9781041741371155,11.04306697845459,0.6470251083374023,-0.23983550071716309,10.867769241333008,0.9841259717941284
primary,own_fresh,16,ie-currency-t2,IE,1.1048407554626465,0.9856489896774292,10.438433647155762,0.5337588787078857,-0.5710818767547607,10.318066596984863,0.9884688854217529
primary,own_fresh,16,ie-currency-t3,IE,0.9377024173736572,0.9814289808273315,11.097638130187988,0.803961992263794,-0.13374042510986328,10.9537935256958,0.987038254737854
primary,own_fresh,16,ie-region-t1,IE,1.329465389251709,0.9840712547302246,11.062259674072266,1.341364860534668,0.011899471282958984,10.928186416625977,0.9878801107406616
primary,own_fresh,16,ie-region-t2,IE,1.4047675132751465,0.979769229888916,11.092201232910156,1.3213043212890625,-0.08346319198608398,10.956068992614746,0.9877272248268127
primary,own_fresh,16,mg-region-t0,MG,1.8237090110778809,0.9727438688278198,11.538045883178711,0.8365423679351807,-0.9871666431427002,11.324442863464355,0.9814870953559875
primary,own_fresh,16,mg-region-t1,MG,1.343672752380371,0.9874560832977295,11.011927604675293,1.0423364639282227,-0.30133628845214844,10.888190269470215,0.9887633323669434
primary,own_fresh,16,mg-region-t2,MG,1.3947539329528809,0.986434817314148,11.159865379333496,1.1784772872924805,-0.2162766456604004,11.03988265991211,0.9892487525939941
primary,own_fresh,16,mg-region-t3,MG,2.5009303092956543,0.9708970189094543,12.30700969696045,1.017219066619873,-1.4837112426757812,12.06692886352539,0.980492353439331
primary,own_fresh,16,ml-region-t0,ML,1.782996654510498,0.9727967977523804,11.576637268066406,0.8548645973205566,-0.9281320571899414,11.359126091003418,0.9812111854553223
primary,own_fresh,16,ml-region-t1,ML,1.3427276611328125,0.9869921207427979,10.84628677368164,1.0858697891235352,-0.25685787200927734,10.719377517700195,0.9882993102073669
primary,own_fresh,16,ml-region-t2,ML,1.4547772407531738,0.988632082939148,11.037450790405273,1.2185473442077637,-0.23622989654541016,10.936598777770996,0.9908627271652222
primary,own_fresh,16,ml-region-t3,ML,2.401095390319824,0.9664164781570435,12.27983570098877,0.9348347187042236,-1.4662606716156006,12.0347900390625,0.9800449013710022
primary,own_fresh,16,np-currency-t0,NP,0.9012954235076904,0.9829409122467041,10.68838882446289,0.710864782333374,-0.1904306411743164,10.554094314575195,0.9874354600906372
primary,own_fresh,16,np-currency-t3,NP,0.9049386978149414,0.9849348664283752,10.790128707885742,0.644120454788208,-0.2608182430267334,10.651954650878906,0.9871944189071655
primary,own_fresh,16,np-region-t0,NP,1.8370752334594727,0.969062089920044,11.604351997375488,0.9490034580230713,-0.8880717754364014,11.367392539978027,0.9795801043510437
primary,own_fresh,16,nz-capital-t0,NZ,0.8842513561248779,0.9741106033325195,11.507389068603516,0.44031715393066406,-0.44393420219421387,11.317748069763184,0.9835200905799866
primary,own_fresh,16,nz-capital-t2,NZ,1.2063789367675781,0.9931707382202148,10.815435409545898,0.8004817962646484,-0.4058971405029297,10.744650840759277,0.9934552311897278
primary,own_fresh,16,nz-capital-t3,NZ,0.9499030113220215,0.9767414331436157,11.490076065063477,0.6660161018371582,-0.2838869094848633,11.275908470153809,0.981360673904419
primary,own_fresh,16,ph-capital-t1,PH,0.8291029930114746,0.9802823066711426,10.94377613067627,0.8085575103759766,-0.020545482635498047,10.792350769042969,0.986163318157196
primary,own_fresh,16,ph-capital-t2,PH,1.2743110656738281,0.995124340057373,11.028959274291992,0.8263092041015625,-0.4480018615722656,10.985090255737305,0.9960224032402039
primary,own_fresh,16,ph-currency-t0,PH,0.95772385597229,0.9826957583427429,10.539571762084961,1.1353554725646973,0.17763161659240723,10.414917945861816,0.9881727695465088
primary,own_fresh,16,ph-currency-t2,PH,1.1567716598510742,0.9833764433860779,10.443156242370605,0.4724435806274414,-0.6843280792236328,10.305384635925293,0.9868074655532837
primary,own_fresh,16,ph-currency-t3,PH,0.9004006385803223,0.9861260652542114,10.654062271118164,0.6481175422668457,-0.25228309631347656,10.527260780334473,0.9880983233451843
primary,own_fresh,16,ph-region-t0,PH,1.8758645057678223,0.9673961400985718,11.553184509277344,1.1336565017700195,-0.7422080039978027,11.329440116882324,0.980633556842804
primary,own_fresh,16,ph-region-t2,PH,1.4078350067138672,0.9881479740142822,11.357987403869629,1.0941839218139648,-0.31365108489990234,11.236618041992188,0.9893141984939575
primary,own_fresh,16,rs-region-t1,RS,1.2000999450683594,0.9847534894943237,10.93352222442627,1.2909173965454102,0.09081745147705078,10.80904483795166,0.988615095615387
primary,own_fresh,16,sa-capital-t0,SA,0.9253597259521484,0.975617527961731,11.639577865600586,0.42059850692749023,-0.5047612190246582,11.417335510253906,0.9809063076972961
primary,own_fresh,16,sa-capital-t2,SA,1.252706527709961,0.9952763319015503,10.85307502746582,0.8694000244140625,-0.38330650329589844,10.80993366241455,0.9960249662399292
primary,own_fresh,16,sa-capital-t3,SA,0.9621565341949463,0.9659886956214905,11.436022758483887,0.5836730003356934,-0.37848353385925293,11.240118980407715,0.982869565486908
primary,own_fresh,16,sa-currency-t0,SA,0.9266989231109619,0.9762846231460571,10.848319053649902,1.1893820762634277,0.2626831531524658,10.695934295654297,0.985953152179718
primary,own_fresh,16,sa-currency-t1,SA,0.8876047134399414,0.977763295173645,10.883548736572266,0.6019062995910645,-0.28569841384887695,10.703899383544922,0.9834935069084167
primary,own_fresh,16,sa-currency-t2,SA,1.0980958938598633,0.9808061122894287,10.251358985900879,0.49982142448425293,-0.5982744693756104,10.106745719909668,0.9858932495117188
primary,own_fresh,16,sa-currency-t3,SA,0.9202589988708496,0.9818897247314453,10.894195556640625,0.6962180137634277,-0.22404098510742188,10.750103950500488,0.9867735505104065
primary,own_fresh,16,sk-region-t2,SK,1.4682188034057617,0.9886282086372375,10.936470985412598,1.181046485900879,-0.2871723175048828,10.830601692199707,0.9903196096420288
primary,own_fresh,16,sy-capital-t0,SY,0.9274253845214844,0.9667714834213257,11.95373821258545,0.48723316192626953,-0.44019222259521484,11.740612030029297,0.9821707606315613
primary,own_fresh,16,sy-capital-t1,SY,0.8161776065826416,0.9790801405906677,10.941853523254395,0.7489087581634521,-0.06726884841918945,10.801636695861816,0.9871852993965149
primary,own_fresh,16,sy-capital-t2,SY,1.2313947677612305,0.995866060256958,10.832301139831543,0.809349775314331,-0.4220449924468994,10.788887977600098,0.9959922432899475
primary,own_fresh,16,sy-capital-t3,SY,0.9457201957702637,0.9684580564498901,11.79670524597168,0.5933380126953125,-0.35238218307495117,11.591389656066895,0.9825955033302307
primary,own_fresh,16,td-region-t0,TD,1.8286442756652832,0.9710216522216797,11.596783638000488,0.7169475555419922,-1.111696720123291,11.380575180053711,0.981356143951416
primary,own_fresh,16,td-region-t1,TD,1.2772855758666992,0.9847713112831116,10.857879638671875,1.2527894973754883,-0.024496078491210938,10.736390113830566,0.9888109564781189
primary,own_fresh,16,td-region-t2,TD,1.463240623474121,0.9831713438034058,11.00877571105957,1.4306583404541016,-0.03258228302001953,10.897907257080078,0.9899290800094604
primary,own_fresh,16,xk-region-t1,XK,1.1749839782714844,0.9843981862068176,10.898218154907227,1.1603074073791504,-0.014676570892333984,10.75900936126709,0.9872264862060547
primary,own_fresh,16,xk-region-t2,XK,1.4158053398132324,0.9827206134796143,11.0086088180542,1.526906967163086,0.11110162734985352,10.867170333862305,0.9871520400047302
primary,own_fresh,16,af-capital-t0,AF,0.9001555442810059,0.9731680750846863,11.421117782592773,0.627119779586792,-0.27303576469421387,11.235715866088867,0.9837667346000671
primary,own_fresh,16,al-region-t1,AL,1.2882819175720215,0.9879688024520874,10.795464515686035,0.9723336696624756,-0.3159482479095459,10.676673889160156,0.9889962673187256
primary,own_fresh,16,al-region-t2,AL,1.4646120071411133,0.9852277040481567,11.053398132324219,1.291391372680664,-0.17322063446044922,10.928348541259766,0.9886868000030518
primary,own_fresh,16,at-capital-t0,AT,0.8635547161102295,0.9728440642356873,12.120094299316406,0.5010478496551514,-0.3625068664550781,11.894098281860352,0.9813535809516907
primary,own_fresh,16,at-capital-t2,AT,1.1346535682678223,0.9960412979125977,10.909910202026367,0.8005774021148682,-0.3340761661529541,10.868529319763184,0.996207058429718
primary,own_fresh,16,at-capital-t3,AT,0.8991577625274658,0.9731341600418091,11.949273109436035,0.4392695426940918,-0.459888219833374,11.749307632446289,0.9832654595375061
primary,own_fresh,16,at-currency-t0,AT,0.9495441913604736,0.9823172092437744,10.770559310913086,1.1024808883666992,0.15293669700622559,10.648841857910156,0.9886990785598755
primary,own_fresh,16,at-currency-t1,AT,0.8548774719238281,0.9801745414733887,10.982768058776855,0.6635606288909912,-0.19131684303283691,10.821601867675781,0.9853255152702332
primary,own_fresh,16,at-currency-t2,AT,1.0308113098144531,0.9844210743904114,10.206572532653809,0.5219731330871582,-0.5088381767272949,10.08438777923584,0.9880288243293762
primary,own_fresh,16,at-currency-t3,AT,0.9569430351257324,0.98565274477005,10.933131217956543,0.7184150218963623,-0.23852801322937012,10.806466102600098,0.9884145855903625
primary,own_fresh,16,at-region-t1,AT,1.3114724159240723,0.9859101176261902,11.04510498046875,1.3247957229614258,0.013323307037353516,10.924518585205078,0.989082396030426
primary,own_fresh,16,at-region-t2,AT,1.351466178894043,0.9879372119903564,11.064437866210938,1.107954502105713,-0.24351167678833008,10.936884880065918,0.9884718060493469
primary,own_fresh,16,bi-region-t0,BI,1.773862361907959,0.9720243215560913,11.547200202941895,0.9072461128234863,-0.8666162490844727,11.309776306152344,0.979438841342926
primary,own_fresh,16,bi-region-t1,BI,1.3433113098144531,0.9835238456726074,10.897421836853027,1.2182774543762207,-0.12503385543823242,10.772701263427734,0.9885550141334534
primary,own_fresh,16,bi-region-t2,BI,1.3993358612060547,0.9864911437034607,11.151330947875977,1.3640127182006836,-0.035323143005371094,11.049914360046387,0.9909054040908813
primary,own_fresh,16,bi-region-t3,BI,2.4868478775024414,0.9644675254821777,12.20207691192627,0.9520251750946045,-1.534822702407837,11.950065612792969,0.9793468713760376
primary,own_fresh,16,ci-region-t0,CI,1.8619322776794434,0.9732654094696045,11.58216381072998,0.8800361156463623,-0.981896162033081,11.366928100585938,0.981416642665863
primary,own_fresh,16,ci-region-t1,CI,1.3484673500061035,0.9858756065368652,10.901093482971191,1.1393728256225586,-0.20909452438354492,10.774395942687988,0.9883775115013123
primary,own_fresh,16,ci-region-t2,CI,1.4387288093566895,0.9866982698440552,11.153066635131836,1.310739517211914,-0.1279892921447754,11.049678802490234,0.9907301068305969
primary,own_fresh,16,ci-region-t3,CI,2.5787062644958496,0.9651105403900146,12.296833992004395,0.9680516719818115,-1.610654592514038,12.026768684387207,0.9780378341674805
primary,own_fresh,16,cz-capital-t0,CZ,0.896294355392456,0.96578449010849,11.750663757324219,0.5320186614990234,-0.3642756938934326,11.54307746887207,0.9823340773582458
primary,own_fresh,16,cz-capital-t1,CZ,0.808002233505249,0.9820482134819031,10.818315505981445,0.6694660186767578,-0.1385362148284912,10.655028343200684,0.9849064350128174
primary,own_fresh,16,cz-capital-t2,CZ,1.017380714416504,0.9962915182113647,10.895320892333984,0.7482564449310303,-0.26912426948547363,10.855666160583496,0.9963603615760803
primary,own_fresh,16,cz-region-t2,CZ,1.3550400733947754,0.9867744445800781,10.914142608642578,1.2319116592407227,-0.12312841415405273,10.784506797790527,0.9881222248077393
primary,own_fresh,16,gn-region-t1,GN,1.2768735885620117,0.9877219796180725,10.829172134399414,1.085874080657959,-0.19099950790405273,10.71411418914795,0.9893751740455627
primary,own_fresh,16,gn-region-t2,GN,1.3696393966674805,0.9857704639434814,10.967936515808105,1.067406177520752,-0.3022332191467285,10.836410522460938,0.9880081415176392
primary,own_fresh,16,gq-region-t1,GQ,1.242177963256836,0.985869288444519,10.956461906433105,1.061692237854004,-0.18048572540283203,10.826441764831543,0.9881330132484436
primary,own_fresh,16,iq-capital-t0,IQ,0.8897850513458252,0.9762047529220581,11.428719520568848,0.5270810127258301,-0.3627040386199951,11.250768661499023,0.9844294786453247
primary,own_fresh,16,iq-capital-t1,IQ,0.8077638149261475,0.9782434105873108,10.735563278198242,0.7081248760223389,-0.0996389389038086,10.588422775268555,0.9862940907478333
primary,own_fresh,16,iq-capital-t2,IQ,1.1213717460632324,0.996068000793457,10.641557693481445,0.7250974178314209,-0.3962743282318115,10.602255821228027,0.9963067770004272
primary,own_fresh,16,ke-capital-t0,KE,0.9039249420166016,0.9672515392303467,11.912196159362793,0.4986000061035156,-0.40532493591308594,11.697802543640137,0.9820021986961365
primary,own_fresh,16,ke-capital-t1,KE,0.8019025325775146,0.982844352722168,11.015140533447266,0.6880538463592529,-0.11384868621826172,10.865134239196777,0.9863818287849426
primary,own_fresh,16,ke-capital-t2,KE,1.1024484634399414,0.9956029653549194,10.907248497009277,0.7953777313232422,-0.3070707321166992,10.867624282836914,0.9963671565055847
primary,own_fresh,16,ke-capital-t3,KE,0.9342358112335205,0.9703754186630249,11.75906753540039,0.626854419708252,-0.30738139152526855,11.555800437927246,0.9827139973640442
primary,own_fresh,16,ke-region-t0,KE,1.7284135818481445,0.9763365983963013,11.671835899353027,0.845881462097168,-0.8825321197509766,11.425353050231934,0.9788822531700134
primary,own_fresh,16,ke-region-t1,KE,1.3808975219726562,0.9853693842887878,11.032587051391602,1.1300010681152344,-0.2508964538574219,10.901847839355469,0.9881497025489807
primary,own_fresh,16,ke-region-t2,KE,1.4469571113586426,0.9873723983764648,11.121540069580078,1.2954068183898926,-0.15155029296875,11.01867389678955,0.9907507300376892
primary,own_fresh,16,ke-region-t3,KE,2.4934067726135254,0.9661233425140381,12.48351001739502,0.9527759552001953,-1.54063081741333,12.216558456420898,0.9786156415939331
primary,own_fresh,16,kp-capital-t0,KP,0.9011256694793701,0.9751007556915283,11.64647102355957,0.45269346237182617,-0.44843220710754395,11.455292701721191,0.9835848808288574
primary,own_fresh,16,kp-capital-t2,KP,1.1365609169006348,0.9956794381141663,10.842768669128418,0.7824897766113281,-0.35407114028930664,10.800701141357422,0.9961202144622803
primary,own_fresh,16,kr-capital-t0,KR,0.9035282135009766,0.9819419384002686,12.066524505615234,0.5099544525146484,-0.3935737609863281,11.884779930114746,0.9849381446838379
primary,own_fresh,16,kr-capital-t1,KR,0.8141903877258301,0.9769603610038757,11.037285804748535,0.809272050857544,-0.004918336868286133,10.87199592590332,0.9850243926048279
primary,own_fresh,16,kr-capital-t2,KR,1.1066431999206543,0.9920669794082642,10.920614242553711,1.011728286743164,-0.09491491317749023,10.844426155090332,0.9930234551429749
primary,own_fresh,16,kr-capital-t3,KR,0.9359259605407715,0.9765233993530273,11.809613227844238,0.5509700775146484,-0.38495588302612305,11.614875793457031,0.9835102558135986
primary,own_fresh,16,kr-region-t0,KR,1.8859906196594238,0.9701840281486511,11.469536781311035,0.932600736618042,-0.9533898830413818,11.230470657348633,0.9791564345359802
primary,own_fresh,16,kr-region-t1,KR,1.2681965827941895,0.9868416786193848,11.038835525512695,1.2598319053649902,-0.008364677429199219,10.901534080505371,0.9875619411468506
primary,own_fresh,16,kr-region-t2,KR,1.293555736541748,0.9880682826042175,11.133992195129395,1.1268439292907715,-0.16671180725097656,11.026618957519531,0.9903562664985657
primary,own_fresh,16,lk-capital-t0,LK,0.8346877098083496,0.9712532162666321,11.442289352416992,0.4965074062347412,-0.3381803035736084,11.235190391540527,0.9819005727767944
primary,own_fresh,16,lk-capital-t1,LK,0.8283300399780273,0.9805156588554382,10.774527549743652,0.7775850296020508,-0.05074501037597656,10.612709045410156,0.9849813580513
primary,own_fresh,16,lk-capital-t2,LK,1.1508631706237793,0.9920207858085632,10.543651580810547,0.8907468318939209,-0.2601163387298584,10.474821090698242,0.9934718608856201
primary,own_fresh,16,lk-capital-t3,LK,0.8058054447174072,0.9753701090812683,11.211784362792969,0.6064596176147461,-0.19934582710266113,11.017654418945312,0.9826852083206177
primary,own_fresh,16,sd-region-t0,SD,1.9251360893249512,0.9736779928207397,11.40462589263916,0.8288664817810059,-1.0962696075439453,11.186659812927246,0.9808879494667053
primary,own_fresh,16,sd-region-t1,SD,1.2964024543762207,0.9871976971626282,10.86172866821289,0.972830057144165,-0.32357239723205566,10.735679626464844,0.988395094871521
primary,own_fresh,16,sd-region-t2,SD,1.3499970436096191,0.9884616136550903,10.896536827087402,1.245295524597168,-0.10470151901245117,10.80239486694336,0.9913603663444519
primary,own_fresh,16,sd-region-t3,SD,2.363758087158203,0.9670003056526184,12.197953224182129,0.9965817928314209,-1.3671762943267822,11.94324779510498,0.9791190028190613
primary,own_fresh,16,sl-region-t0,SL,1.7757339477539062,0.9702064990997314,11.609621047973633,1.0003809928894043,-0.775352954864502,11.365266799926758,0.9789524078369141
primary,own_fresh,16,sl-region-t2,SL,1.4131431579589844,0.9820579290390015,11.111715316772461,1.139195442199707,-0.27394771575927734,10.982851028442383,0.9884028434753418
primary,own_fresh,16,tr-capital-t0,TR,0.8988280296325684,0.9791837930679321,11.844215393066406,0.44226527214050293,-0.45656275749206543,11.653731346130371,0.9839175343513489
primary,own_fresh,16,tr-capital-t1,TR,0.8160881996154785,0.9830138683319092,10.983238220214844,0.6940517425537109,-0.12203645706176758,10.837580680847168,0.9867382049560547
primary,own_fresh,16,tr-capital-t2,TR,1.228102684020996,0.9957171678543091,10.992959022521973,0.8095629215240479,-0.41853976249694824,10.946161270141602,0.995742917060852
primary,own_fresh,16,tr-currency-t0,TR,0.874701976776123,0.9861173629760742,10.569742202758789,0.8630907535552979,-0.011611223220825195,10.448246955871582,0.9885053634643555
primary,own_fresh,16,tr-currency-t2,TR,1.1405553817749023,0.9854466319084167,10.332306861877441,0.4610881805419922,-0.6794672012329102,10.203763961791992,0.9875591397285461
primary,own_fresh,16,tr-currency-t3,TR,0.956578254699707,0.9826101064682007,10.71200942993164,0.7709500789642334,-0.18562817573547363,10.585087776184082,0.988151490688324
primary,own_fresh,16,ua-region-t1,UA,1.3442797660827637,0.9864524602890015,10.934940338134766,1.1359672546386719,-0.2083125114440918,10.807347297668457,0.9883316159248352
primary,own_fresh,16,ua-region-t2,UA,1.4291224479675293,0.9838842153549194,11.082316398620605,1.3294248580932617,-0.09969758987426758,10.94160270690918,0.987302839756012
primary,own_fresh,18,cu-capital-t0,CU,1.3571009635925293,0.9651638269424438,13.068552017211914,1.4506592750549316,0.09355831146240234,12.516534805297852,0.9577598571777344
primary,own_fresh,18,cu-capital-t1,CU,1.3059272766113281,0.9568229913711548,12.60611629486084,1.9716529846191406,0.6657257080078125,11.816107749938965,0.9373313188552856
primary,own_fresh,18,cu-capital-t2,CU,1.679163932800293,0.9531232118606567,12.865788459777832,1.3089256286621094,-0.3702383041381836,12.121986389160156,0.9421876072883606
primary,own_fresh,18,cu-capital-t3,CU,1.2862706184387207,0.9649331569671631,13.228470802307129,1.2866597175598145,0.00038909912109375,12.609297752380371,0.9531939029693604
primary,own_fresh,18,fi-capital-t0,FI,1.1889371871948242,0.9623383283615112,13.595623970031738,1.3644623756408691,0.17552518844604492,12.83660888671875,0.9441720843315125
primary,own_fresh,18,fi-capital-t1,FI,1.3130383491516113,0.9591701626777649,12.771003723144531,1.7397265434265137,0.42668819427490234,12.058486938476562,0.9442082643508911
primary,own_fresh,18,fi-capital-t2,FI,1.2996773719787598,0.9639260768890381,13.30392837524414,1.2353157997131348,-0.064361572265625,12.704492568969727,0.9549429416656494
primary,own_fresh,18,fi-currency-t0,FI,1.0804309844970703,0.9400611519813538,12.724778175354004,1.5333704948425293,0.452939510345459,11.846049308776855,0.930943489074707
primary,own_fresh,18,fi-currency-t1,FI,1.1714653968811035,0.9496533274650574,13.043521881103516,1.6882691383361816,0.5168037414550781,12.177679061889648,0.93361896276474
primary,own_fresh,18,fi-currency-t2,FI,1.2038512229919434,0.9486821889877319,12.528830528259277,1.40576171875,0.20191049575805664,11.764716148376465,0.9390115141868591
primary,own_fresh,18,fi-currency-t3,FI,1.2027668952941895,0.9565781354904175,12.573420524597168,1.4258298873901367,0.22306299209594727,11.832613945007324,0.9410815238952637
primary,own_fresh,18,fi-region-t1,FI,1.8476285934448242,0.9530898928642273,14.218576431274414,1.2920570373535156,-0.5555715560913086,13.103145599365234,0.9215511679649353
primary,own_fresh,18,fi-region-t2,FI,2.102336883544922,0.9478568434715271,14.066957473754883,1.256227970123291,-0.8461089134216309,13.026046752929688,0.9260031580924988
primary,own_fresh,18,gm-region-t1,GM,1.8485994338989258,0.9513373374938965,13.642266273498535,1.2628703117370605,-0.5857291221618652,12.628262519836426,0.9256718754768372
primary,own_fresh,18,gm-region-t2,GM,2.056948661804199,0.9598236083984375,13.818317413330078,1.3054695129394531,-0.7514791488647461,12.793905258178711,0.925865650177002
primary,own_fresh,18,ie-capital-t0,IE,1.2165446281433105,0.9586567878723145,13.530874252319336,1.6086149215698242,0.39207029342651367,12.776649475097656,0.944258987903595
primary,own_fresh,18,ie-capital-t1,IE,1.3166098594665527,0.9611682891845703,12.744315147399902,1.6757688522338867,0.359158992767334,12.002140998840332,0.9417642951011658
primary,own_fresh,18,ie-capital-t2,IE,1.4565272331237793,0.9641071557998657,13.040020942687988,1.2175211906433105,-0.23900604248046875,12.362842559814453,0.9480692148208618
primary,own_fresh,18,ie-capital-t3,IE,1.171642780303955,0.9638084769248962,13.39217472076416,1.6035079956054688,0.43186521530151367,12.58281421661377,0.9395646452903748
primary,own_fresh,18,ie-currency-t0,IE,1.1238884925842285,0.9432035684585571,12.987988471984863,1.7461175918579102,0.6222290992736816,12.017356872558594,0.9252669811248779
primary,own_fresh,18,ie-currency-t1,IE,1.2201743125915527,0.9492553472518921,13.192872047424316,1.6205391883850098,0.40036487579345703,12.211713790893555,0.9256296753883362
primary,own_fresh,18,ie-currency-t2,IE,1.2321977615356445,0.9498417973518372,12.634060859680176,1.3984684944152832,0.16627073287963867,11.876908302307129,0.9400705099105835
primary,own_fresh,18,ie-currency-t3,IE,1.236332893371582,0.955409824848175,12.842301368713379,1.5515637397766113,0.3152308464050293,12.019706726074219,0.9359464645385742
primary,own_fresh,18,ie-region-t1,IE,1.83266019821167,0.9511587619781494,14.128321647644043,1.2835841178894043,-0.5490760803222656,12.987971305847168,0.9192861914634705
primary,own_fresh,18,ie-region-t2,IE,2.088752269744873,0.9508947134017944,13.868810653686523,1.1910877227783203,-0.8976645469665527,12.846599578857422,0.9262942671775818
primary,own_fresh,18,mg-region-t0,MG,1.9217352867126465,0.9539703726768494,13.692643165588379,1.2340130805969238,-0.6877222061157227,12.863778114318848,0.9394664168357849
primary,own_fresh,18,mg-region-t1,MG,1.8944768905639648,0.9633975625038147,13.857179641723633,1.4987969398498535,-0.39567995071411133,12.795045852661133,0.9233513474464417
primary,own_fresh,18,mg-region-t2,MG,2.12362003326416,0.9478681087493896,13.985451698303223,1.4273948669433594,-0.6962251663208008,12.916560173034668,0.9235711693763733
primary,own_fresh,18,mg-region-t3,MG,2.2909250259399414,0.9440012574195862,14.291173934936523,1.1723990440368652,-1.1185259819030762,13.285383224487305,0.9296215176582336
primary,own_fresh,18,ml-region-t0,ML,1.848008155822754,0.9526128768920898,13.66366958618164,1.190861701965332,-0.6571464538574219,12.856246948242188,0.94090735912323
primary,own_fresh,18,ml-region-t1,ML,1.9006133079528809,0.9512394666671753,13.755505561828613,1.433988094329834,-0.4666252136230469,12.746479034423828,0.9266456365585327
primary,own_fresh,18,ml-region-t2,ML,2.0743494033813477,0.9578067064285278,13.828865051269531,1.3084945678710938,-0.7658548355102539,12.785171508789062,0.9245278835296631
primary,own_fresh,18,ml-region-t3,ML,2.1754775047302246,0.9393296241760254,14.071754455566406,1.184575080871582,-0.9909024238586426,13.113299369812012,0.9318880438804626
primary,own_fresh,18,np-currency-t0,NP,1.1140990257263184,0.9448046684265137,12.61268138885498,1.8022279739379883,0.6881289482116699,11.793524742126465,0.9350529313087463
primary,own_fresh,18,np-currency-t3,NP,1.1987457275390625,0.9568518400192261,12.501163482666016,1.5836172103881836,0.3848714828491211,11.72374439239502,0.9378122687339783
primary,own_fresh,18,np-region-t0,NP,2.036594867706299,0.9487581253051758,13.923738479614258,1.2961077690124512,-0.7404870986938477,12.953042984008789,0.930284857749939
primary,own_fresh,18,nz-capital-t0,NZ,1.212895393371582,0.958667516708374,13.008026123046875,1.7429862022399902,0.5300908088684082,12.283040046691895,0.9442662596702576
primary,own_fresh,18,nz-capital-t2,NZ,1.4253239631652832,0.9574528932571411,12.87780475616455,1.6573543548583984,0.23203039169311523,12.103397369384766,0.9398649334907532
primary,own_fresh,18,nz-capital-t3,NZ,1.1300415992736816,0.9580667614936829,13.272415161132812,1.7735614776611328,0.6435198783874512,12.470600128173828,0.9395878314971924
primary,own_fresh,18,ph-capital-t1,PH,1.331899642944336,0.9568982124328613,12.508405685424805,1.7002625465393066,0.3683629035949707,11.73254680633545,0.9379730224609375
primary,own_fresh,18,ph-capital-t2,PH,1.4162588119506836,0.9512149691581726,13.348377227783203,0.987201452255249,-0.42905735969543457,12.727704048156738,0.9535019993782043
primary,own_fresh,18,ph-currency-t0,PH,1.098034381866455,0.9487326145172119,12.669054985046387,1.668252944946289,0.570218563079834,11.794990539550781,0.9310079216957092
primary,own_fresh,18,ph-currency-t2,PH,1.3098440170288086,0.9429944157600403,12.627169609069824,1.488147258758545,0.17830324172973633,11.75702953338623,0.9310898780822754
primary,own_fresh,18,ph-currency-t3,PH,1.2154674530029297,0.9639942646026611,12.491507530212402,1.57598876953125,0.3605213165283203,11.813936233520508,0.9457574486732483
primary,own_fresh,18,ph-region-t0,PH,2.1548852920532227,0.9465759992599487,13.972672462463379,1.399505615234375,-0.7553796768188477,12.924516677856445,0.9249852895736694
primary,own_fresh,18,ph-region-t2,PH,2.2465415000915527,0.9518612027168274,14.36862850189209,1.107893943786621,-1.1386475563049316,13.263038635253906,0.9230552911758423
primary,own_fresh,18,rs-region-t1,RS,2.0606179237365723,0.9501591920852661,13.987382888793945,1.6572136878967285,-0.40340423583984375,13.162945747375488,0.9410585165023804
primary,own_fresh,18,sa-capital-t0,SA,1.238337516784668,0.9601412415504456,13.284791946411133,1.3100833892822266,0.0717458724975586,12.437186241149902,0.9361972808837891
primary,own_fresh,18,sa-capital-t2,SA,1.4992103576660156,0.9540038108825684,13.30639362335205,1.1870098114013672,-0.31220054626464844,12.603484153747559,0.9471750855445862
primary,own_fresh,18,sa-capital-t3,SA,1.2332334518432617,0.9542068839073181,13.11480712890625,1.594691276550293,0.36145782470703125,12.259521484375,0.9347847104072571
primary,own_fresh,18,sa-currency-t0,SA,1.1619300842285156,0.9431194067001343,12.868399620056152,1.9201545715332031,0.7582244873046875,11.933629035949707,0.9273592233657837
primary,own_fresh,18,sa-currency-t1,SA,1.2342472076416016,0.9446756839752197,12.98692798614502,1.587789535522461,0.3535423278808594,12.062417984008789,0.9288122653961182
primary,own_fresh,18,sa-currency-t2,SA,1.286881446838379,0.9430604577064514,12.486210823059082,1.3059802055358887,0.019098758697509766,11.669854164123535,0.9346193671226501
primary,own_fresh,18,sa-currency-t3,SA,1.2512602806091309,0.9540067911148071,12.74074649810791,1.4856281280517578,0.23436784744262695,11.914898872375488,0.9351806044578552
primary,own_fresh,18,sk-region-t2,SK,2.352813243865967,0.957169771194458,13.904955863952637,1.2807650566101074,-1.0720481872558594,12.816494941711426,0.921721339225769
primary,own_fresh,18,sy-capital-t0,SY,1.2501225471496582,0.952569842338562,13.184126853942871,1.427361011505127,0.17723846435546875,12.373918533325195,0.9385466575622559
primary,own_fresh,18,sy-capital-t1,SY,1.3034067153930664,0.9518203139305115,12.584466934204102,1.9579458236694336,0.6545391082763672,11.796537399291992,0.9373887181282043
primary,own_fresh,18,sy-capital-t2,SY,1.4876132011413574,0.9593691825866699,12.997454643249512,0.973177433013916,-0.5144357681274414,12.37342643737793,0.9519884586334229
primary,own_fresh,18,sy-capital-t3,SY,1.2266106605529785,0.9580328464508057,13.250232696533203,1.2412800788879395,0.014669418334960938,12.404823303222656,0.9361966252326965
primary,own_fresh,18,td-region-t0,TD,1.8824329376220703,0.9505231380462646,13.61004638671875,1.2286314964294434,-0.653801441192627,12.763076782226562,0.937768816947937
primary,own_fresh,18,td-region-t1,TD,1.8168845176696777,0.9458298087120056,13.656940460205078,1.5311994552612305,-0.28568506240844727,12.61740493774414,0.923882246017456
primary,own_fresh,18,td-region-t2,TD,2.096564769744873,0.9552669525146484,13.7332124710083,1.4517674446105957,-0.6447973251342773,12.64554214477539,0.9208000302314758
primary,own_fresh,18,xk-region-t1,XK,1.734238624572754,0.952836275100708,13.952425956726074,1.5504918098449707,-0.1837468147277832,12.759639739990234,0.9145104885101318
primary,own_fresh,18,xk-region-t2,XK,2.0679616928100586,0.9566534757614136,13.87568187713623,1.5698246955871582,-0.4981369972229004,12.824874877929688,0.9242698550224304
primary,own_fresh,18,af-capital-t0,AF,1.2790465354919434,0.9583771824836731,12.781725883483887,1.5212373733520508,0.24219083786010742,12.072827339172363,0.9445381164550781
primary,own_fresh,18,al-region-t1,AL,1.9433050155639648,0.9607492089271545,13.923118591308594,1.2280077934265137,-0.7152972221374512,12.871871948242188,0.9244963526725769
primary,own_fresh,18,al-region-t2,AL,2.1702051162719727,0.9571489095687866,13.966995239257812,1.3294763565063477,-0.840728759765625,12.889426231384277,0.9228488802909851
primary,own_fresh,18,at-capital-t0,AT,1.2482457160949707,0.9631263017654419,13.382597923278809,1.4921722412109375,0.2439265251159668,12.652738571166992,0.9454620480537415
primary,own_fresh,18,at-capital-t2,AT,1.261080265045166,0.9579346776008606,13.075526237487793,1.130223274230957,-0.13085699081420898,12.361345291137695,0.9453803300857544
primary,own_fresh,18,at-capital-t3,AT,1.1996855735778809,0.958588719367981,13.447932243347168,1.3360190391540527,0.13633346557617188,12.64124584197998,0.9400140643119812
primary,own_fresh,18,at-currency-t0,AT,1.085193157196045,0.9471479058265686,12.834957122802734,1.5647315979003906,0.4795384407043457,11.903746604919434,0.9274473190307617
primary,own_fresh,18,at-currency-t1,AT,1.1637506484985352,0.9463953971862793,13.02374267578125,1.5553655624389648,0.3916149139404297,12.064390182495117,0.9263381958007812
primary,own_fresh,18,at-currency-t2,AT,1.1775641441345215,0.943705677986145,12.297584533691406,1.162370204925537,-0.015193939208984375,11.529455184936523,0.937538206577301
primary,own_fresh,18,at-currency-t3,AT,1.1865696907043457,0.9562206268310547,12.636730194091797,1.481067180633545,0.2944974899291992,11.83385181427002,0.9364647269248962
primary,own_fresh,18,at-region-t1,AT,1.8976707458496094,0.9589604735374451,14.08907413482666,1.199580192565918,-0.6980905532836914,12.924225807189941,0.91732257604599
primary,own_fresh,18,at-region-t2,AT,2.082888126373291,0.9518035054206848,14.069014549255371,1.144731044769287,-0.9381570816040039,13.093350410461426,0.9306515455245972
primary,own_fresh,18,bi-region-t0,BI,1.7797794342041016,0.952336847782135,13.499342918395996,1.3095674514770508,-0.4702119827270508,12.677319526672363,0.9391064047813416
primary,own_fresh,18,bi-region-t1,BI,1.8247461318969727,0.9486092925071716,13.733804702758789,1.5454988479614258,-0.2792472839355469,12.65227222442627,0.9212503433227539
primary,own_fresh,18,bi-region-t2,BI,1.9418578147888184,0.9621047973632812,13.700477600097656,1.5205578804016113,-0.42129993438720703,12.725608825683594,0.928844153881073
primary,own_fresh,18,bi-region-t3,BI,2.075568199157715,0.9413518905639648,14.02303695678711,1.230661392211914,-0.8449068069458008,13.085580825805664,0.9331488609313965
primary,own_fresh,18,ci-region-t0,CI,1.973978042602539,0.9529856443405151,13.799656867980957,1.1821842193603516,-0.7917938232421875,12.959939002990723,0.9391493797302246
primary,own_fresh,18,ci-region-t1,CI,1.9525723457336426,0.9530353546142578,13.967348098754883,1.2137694358825684,-0.7388029098510742,12.890547752380371,0.9229058623313904
primary,own_fresh,18,ci-region-t2,CI,2.1186485290527344,0.9613903760910034,13.942008972167969,1.3301339149475098,-0.7885146141052246,12.928606033325195,0.927312970161438
primary,own_fresh,18,ci-region-t3,CI,2.2770495414733887,0.9345643520355225,14.399861335754395,1.17850923538208,-1.0985403060913086,13.40789794921875,0.9311130046844482
primary,own_fresh,18,cz-capital-t0,CZ,1.2344799041748047,0.9568119049072266,13.229549407958984,1.427408218383789,0.19292831420898438,12.44864559173584,0.9409727454185486
primary,own_fresh,18,cz-capital-t1,CZ,1.3118138313293457,0.9584101438522339,12.63511848449707,1.7067756652832031,0.3949618339538574,11.832148551940918,0.9364493489265442
primary,own_fresh,18,cz-capital-t2,CZ,1.2948689460754395,0.9614163637161255,13.1712646484375,0.9911205768585205,-0.30374836921691895,12.509446144104004,0.9497528672218323
primary,own_fresh,18,cz-region-t2,CZ,2.180941104888916,0.9492213129997253,14.069064140319824,1.2058849334716797,-0.9750561714172363,13.014514923095703,0.9250448346138
primary,own_fresh,18,gn-region-t1,GN,1.9427399635314941,0.9514980912208557,13.534383773803711,1.6272130012512207,-0.31552696228027344,12.501086235046387,0.9236539006233215
primary,own_fresh,18,gn-region-t2,GN,2.3947882652282715,0.9476195573806763,13.67724323272705,1.3991408348083496,-0.9956474304199219,12.645143508911133,0.9245389103889465
primary,own_fresh,18,gq-region-t1,GQ,2.03085994720459,0.93907630443573,13.656654357910156,1.791027545928955,-0.23983240127563477,12.63973331451416,0.925536572933197
primary,own_fresh,18,iq-capital-t0,IQ,1.3034439086914062,0.9635165929794312,12.661187171936035,1.3922786712646484,0.08883476257324219,12.019410133361816,0.9493114352226257
primary,own_fresh,18,iq-capital-t1,IQ,1.3628015518188477,0.9590190052986145,12.222270011901855,1.7960762977600098,0.4332747459411621,11.549519538879395,0.9449570178985596
primary,own_fresh,18,iq-capital-t2,IQ,1.3603472709655762,0.9709850549697876,12.813161849975586,1.5684189796447754,0.20807170867919922,12.248579025268555,0.9559372663497925
primary,own_fresh,18,ke-capital-t0,KE,1.220935344696045,0.9566229581832886,13.47646427154541,1.7245759963989258,0.5036406517028809,12.742307662963867,0.9455230832099915
primary,own_fresh,18,ke-capital-t1,KE,1.3069806098937988,0.9592264890670776,12.776640892028809,1.425994873046875,0.11901426315307617,12.024480819702148,0.9411300420761108
primary,own_fresh,18,ke-capital-t2,KE,1.3721704483032227,0.9649033546447754,13.075255393981934,1.2724957466125488,-0.09967470169067383,12.519416809082031,0.9574892520904541
primary,own_fresh,18,ke-capital-t3,KE,1.2032909393310547,0.9568887948989868,13.422435760498047,1.9049921035766602,0.7017011642456055,12.627985954284668,0.940811812877655
primary,own_fresh,18,ke-region-t0,KE,1.9003396034240723,0.9600703120231628,13.878108978271484,1.1075668334960938,-0.7927727699279785,13.022805213928223,0.9383702874183655
primary,own_fresh,18,ke-region-t1,KE,2.0278725624084473,0.955410361289978,14.030529022216797,1.2044878005981445,-0.8233847618103027,12.941486358642578,0.9223805069923401
primary,own_fresh,18,ke-region-t2,KE,2.1833930015563965,0.9611513614654541,13.94723892211914,1.2781429290771484,-0.905250072479248,12.907187461853027,0.9254295825958252
primary,own_fresh,18,ke-region-t3,KE,2.326263904571533,0.9494588375091553,14.539149284362793,1.141554832458496,-1.184709072113037,13.541029930114746,0.931349515914917
primary,own_fresh,18,kp-capital-t0,KP,1.2514309883117676,0.9514644145965576,12.98874282836914,1.5710721015930176,0.31964111328125,12.189398765563965,0.9384586811065674
primary,own_fresh,18,kp-capital-t2,KP,1.3840017318725586,0.9646608829498291,13.098051071166992,1.0718259811401367,-0.3121757507324219,12.41411304473877,0.9477832317352295
primary,own_fresh,18,kr-capital-t0,KR,1.1980175971984863,0.9496045112609863,13.727118492126465,1.3456354141235352,0.14761781692504883,12.922622680664062,0.9413936734199524
primary,own_fresh,18,kr-capital-t1,KR,1.2661762237548828,0.946431040763855,12.985085487365723,1.8115015029907227,0.5453252792358398,12.095491409301758,0.9314910769462585
primary,own_fresh,18,kr-capital-t2,KR,1.410024642944336,0.9627801179885864,13.391035079956055,1.6946592330932617,0.2846345901489258,12.646024703979492,0.9443649649620056
primary,own_fresh,18,kr-capital-t3,KR,1.182851791381836,0.9451937675476074,13.641794204711914,1.300642967224121,0.11779117584228516,12.779511451721191,0.9367911219596863
primary,own_fresh,18,kr-region-t0,KR,2.281144142150879,0.9516686201095581,14.003005027770996,1.2013211250305176,-1.0798230171203613,13.004709243774414,0.9287084341049194
primary,own_fresh,18,kr-region-t1,KR,2.0061302185058594,0.9596999287605286,14.240999221801758,1.365633487701416,-0.6404967308044434,13.113232612609863,0.9208084344863892
primary,own_fresh,18,kr-region-t2,KR,2.2884016036987305,0.959661602973938,14.273846626281738,1.043684959411621,-1.2447166442871094,13.179585456848145,0.9233380556106567
primary,own_fresh,18,lk-capital-t0,LK,1.2207813262939453,0.9562361240386963,12.935483932495117,1.4297804832458496,0.2089991569519043,12.080634117126465,0.9339143633842468
primary,own_fresh,18,lk-capital-t1,LK,1.3034858703613281,0.9489466547966003,12.555869102478027,1.922532081604004,0.6190462112426758,11.735701560974121,0.9346785545349121
primary,own_fresh,18,lk-capital-t2,LK,1.4295525550842285,0.9503074288368225,12.833817481994629,1.5015769004821777,0.07202434539794922,12.052850723266602,0.9391477704048157
primary,own_fresh,18,lk-capital-t3,LK,1.1589570045471191,0.9579770565032959,12.840009689331055,1.854079246520996,0.695122241973877,11.986109733581543,0.9334969520568848
primary,own_fresh,18,sd-region-t0,SD,2.0106940269470215,0.9566936492919922,13.670000076293945,1.117708683013916,-0.8929853439331055,12.833542823791504,0.9388107061386108
primary,own_fresh,18,sd-region-t1,SD,1.918644905090332,0.9570842981338501,13.856801986694336,1.2201919555664062,-0.6984529495239258,12.841497421264648,0.9267287850379944
primary,own_fresh,18,sd-region-t2,SD,1.994788646697998,0.9575904607772827,13.696860313415527,1.241227626800537,-0.7535610198974609,12.691740989685059,0.9266167879104614
primary,own_fresh,18,sd-region-t3,SD,2.175149440765381,0.9439955353736877,14.198648452758789,1.246903419494629,-0.928246021270752,13.21250057220459,0.9305463433265686
primary,own_fresh,18,sl-region-t0,SL,1.8295807838439941,0.9496542811393738,13.636139869689941,1.3257646560668945,-0.5038161277770996,12.708749771118164,0.9319902658462524
primary,own_fresh,18,sl-region-t2,SL,1.917494773864746,0.9539719820022583,13.76427173614502,1.5398688316345215,-0.3776259422302246,12.702003479003906,0.9228242039680481
primary,own_fresh,18,tr-capital-t0,TR,1.242138385772705,0.9666217565536499,13.13026237487793,1.6369190216064453,0.39478063583374023,12.444664001464844,0.9477848410606384
primary,own_fresh,18,tr-capital-t1,TR,1.3259735107421875,0.9562728404998779,12.626795768737793,1.7770147323608398,0.45104122161865234,11.957502365112305,0.9469941854476929
primary,own_fresh,18,tr-capital-t2,TR,1.377047061920166,0.9647976756095886,13.151268005371094,1.131113052368164,-0.24593400955200195,12.474858283996582,0.9485669732093811
primary,own_fresh,18,tr-currency-t0,TR,1.0882863998413086,0.9483418464660645,12.554422378540039,1.8550152778625488,0.7667288780212402,11.715049743652344,0.93314129114151
primary,own_fresh,18,tr-currency-t2,TR,1.2382054328918457,0.9514777064323425,12.381980895996094,1.4434804916381836,0.2052750587463379,11.605904579162598,0.9373221397399902
primary,own_fresh,18,tr-currency-t3,TR,1.2263951301574707,0.9503800272941589,12.438721656799316,1.6380276679992676,0.4116325378417969,11.640424728393555,0.9358216524124146
primary,own_fresh,18,ua-region-t1,UA,2.0921764373779297,0.9469988942146301,14.1323823928833,1.0570497512817383,-1.0351266860961914,12.974808692932129,0.9180907011032104
primary,own_fresh,18,ua-region-t2,UA,2.1274213790893555,0.9472939372062683,14.05370044708252,1.3276944160461426,-0.7997269630432129,12.956844329833984,0.921952486038208
primary,own_fresh,19,cu-capital-t0,CU,1.5531277656555176,0.92833411693573,15.249341011047363,1.439802646636963,-0.11332511901855469,13.303849220275879,0.8724212646484375
primary,own_fresh,19,cu-capital-t1,CU,1.4862747192382812,0.9071074724197388,15.733829498291016,2.1689400672912598,0.6826653480529785,13.273324966430664,0.8436169028282166
primary,own_fresh,19,cu-capital-t2,CU,1.8107094764709473,0.9014371037483215,15.478656768798828,1.4811878204345703,-0.32952165603637695,13.371405601501465,0.8638608455657959
primary,own_fresh,19,cu-capital-t3,CU,1.4973626136779785,0.9273620843887329,15.804183006286621,1.2677593231201172,-0.22960329055786133,13.673467636108398,0.8651803135871887
primary,own_fresh,19,fi-capital-t0,FI,1.2557125091552734,0.9127088189125061,15.91542911529541,1.1888904571533203,-0.06682205200195312,14.077481269836426,0.8845178484916687
primary,own_fresh,19,fi-capital-t1,FI,1.3420138359069824,0.9046012759208679,15.583901405334473,1.7263445854187012,0.38433074951171875,13.564370155334473,0.8704091310501099
primary,own_fresh,19,fi-capital-t2,FI,1.469832420349121,0.9175255298614502,15.675482749938965,1.6461725234985352,0.17634010314941406,13.8190336227417,0.8815698623657227
primary,own_fresh,19,fi-currency-t0,FI,1.4414963722229004,0.9126089811325073,15.575735092163086,1.503713607788086,0.06221723556518555,13.542064666748047,0.8694334030151367
primary,own_fresh,19,fi-currency-t1,FI,1.5794105529785156,0.907108724117279,15.564351081848145,1.035238265991211,-0.5441722869873047,13.55103588104248,0.8706457614898682
primary,own_fresh,19,fi-currency-t2,FI,1.587137222290039,0.9078735113143921,15.156179428100586,1.0516200065612793,-0.5355172157287598,13.238283157348633,0.8734577894210815
primary,own_fresh,19,fi-currency-t3,FI,1.5929861068725586,0.9155578017234802,15.205028533935547,1.2117085456848145,-0.38127756118774414,13.403106689453125,0.8814917206764221
primary,own_fresh,19,fi-region-t1,FI,2.5032811164855957,0.9052850604057312,17.264995574951172,1.566812515258789,-0.9364686012268066,14.93027114868164,0.8647711873054504
primary,own_fresh,19,fi-region-t2,FI,2.745711326599121,0.8970167636871338,16.760730743408203,0.938093900680542,-1.807617425918579,14.703574180603027,0.8772633075714111
primary,own_fresh,19,gm-region-t1,GM,2.434662342071533,0.9123250246047974,16.500219345092773,0.900789737701416,-1.5338726043701172,14.437824249267578,0.8750080466270447
primary,own_fresh,19,gm-region-t2,GM,2.5935440063476562,0.9121744632720947,16.299419403076172,1.0707273483276367,-1.5228166580200195,14.355257034301758,0.8807219862937927
primary,own_fresh,19,ie-capital-t0,IE,1.261347770690918,0.9140906929969788,15.906929016113281,1.5725464820861816,0.31119871139526367,14.132585525512695,0.8884546756744385
primary,own_fresh,19,ie-capital-t1,IE,1.3671064376831055,0.9202508926391602,15.502293586730957,1.5795702934265137,0.2124638557434082,13.584062576293945,0.8762614727020264
primary,own_fresh,19,ie-capital-t2,IE,1.6629204750061035,0.9154391884803772,15.742377281188965,1.757619857788086,0.09469938278198242,13.615179061889648,0.8648744225502014
primary,own_fresh,19,ie-capital-t3,IE,1.2386245727539062,0.9134528040885925,16.096878051757812,1.3443446159362793,0.10572004318237305,14.15452766418457,0.8793337345123291
primary,own_fresh,19,ie-currency-t0,IE,1.4687023162841797,0.9120994806289673,15.933649063110352,1.5981154441833496,0.12941312789916992,13.77193832397461,0.8643304705619812
primary,own_fresh,19,ie-currency-t1,IE,1.6902766227722168,0.9169041514396667,15.827812194824219,1.1369123458862305,-0.5533642768859863,13.654855728149414,0.8627128005027771
primary,own_fresh,19,ie-currency-t2,IE,1.6494112014770508,0.9092328548431396,15.29769229888916,1.2569799423217773,-0.39243125915527344,13.442251205444336,0.8787110447883606
primary,own_fresh,19,ie-currency-t3,IE,1.6899261474609375,0.9277286529541016,15.631637573242188,1.1220688819885254,-0.5678572654724121,13.705179214477539,0.8767589926719666
primary,own_fresh,19,ie-region-t1,IE,2.537003517150879,0.9030293226242065,17.139089584350586,1.498617172241211,-1.038386344909668,14.850310325622559,0.866458535194397
primary,own_fresh,19,ie-region-t2,IE,2.91182804107666,0.9085693359375,16.78049659729004,1.5391802787780762,-1.372647762298584,14.829523086547852,0.8837356567382812
primary,own_fresh,19,mg-region-t0,MG,2.2781620025634766,0.9032750129699707,17.237295150756836,1.3328289985656738,-0.9453330039978027,15.056134223937988,0.8734626770019531
primary,own_fresh,19,mg-region-t1,MG,2.398681640625,0.916481077671051,16.478958129882812,1.6349101066589355,-0.7637715339660645,14.548008918762207,0.8828233480453491
primary,own_fresh,19,mg-region-t2,MG,2.537713050842285,0.9117677211761475,16.322509765625,1.3208494186401367,-1.2168636322021484,14.411136627197266,0.8828995823860168
primary,own_fresh,19,mg-region-t3,MG,2.4237060546875,0.8976417779922485,17.88422966003418,1.000537395477295,-1.423168659210205,15.536580085754395,0.8687307238578796
primary,own_fresh,19,ml-region-t0,ML,2.268479824066162,0.8971019983291626,17.169795989990234,1.3835945129394531,-0.884885311126709,15.082208633422852,0.8784151077270508
primary,own_fresh,19,ml-region-t1,ML,2.4784560203552246,0.9127185344696045,16.607770919799805,1.1120915412902832,-1.3663644790649414,14.489130973815918,0.8724308013916016
primary,own_fresh,19,ml-region-t2,ML,2.6080918312072754,0.9106559753417969,16.36363410949707,1.07352876663208,-1.5345630645751953,14.445313453674316,0.8827692866325378
primary,own_fresh,19,ml-region-t3,ML,2.4552526473999023,0.8898580074310303,17.701139450073242,1.0119051933288574,-1.443347454071045,15.36500072479248,0.8680232763290405
primary,own_fresh,19,np-currency-t0,NP,1.4558806419372559,0.9132708311080933,15.381421089172363,1.1739511489868164,-0.28192949295043945,13.454277992248535,0.8747096657752991
primary,own_fresh,19,np-currency-t3,NP,1.6071171760559082,0.9202333688735962,15.077488899230957,1.0543265342712402,-0.552790641784668,13.128373146057129,0.8707267642021179
primary,own_fresh,19,np-region-t0,NP,2.415863513946533,0.8937108516693115,17.455894470214844,1.1680173873901367,-1.2478461265563965,14.993913650512695,0.8589599132537842
primary,own_fresh,19,nz-capital-t0,NZ,1.261063575744629,0.9068771004676819,15.354182243347168,1.4075984954833984,0.14653491973876953,13.413594245910645,0.8736117482185364
primary,own_fresh,19,nz-capital-t2,NZ,1.6361474990844727,0.9046869277954102,15.493264198303223,1.6731419563293457,0.03699445724487305,13.325162887573242,0.8600617051124573
primary,own_fresh,19,nz-capital-t3,NZ,1.2470316886901855,0.9063577055931091,16.051225662231445,1.6463546752929688,0.3993229866027832,13.790972709655762,0.8591850399971008
primary,own_fresh,19,ph-capital-t1,PH,1.3815326690673828,0.9060430526733398,15.181896209716797,2.0624871253967285,0.6809544563293457,13.026002883911133,0.8579958081245422
primary,own_fresh,19,ph-capital-t2,PH,1.5829100608825684,0.8954445719718933,15.866693496704102,1.550384521484375,-0.03252553939819336,13.79190444946289,0.8692362308502197
primary,own_fresh,19,ph-currency-t0,PH,1.4243254661560059,0.9125699996948242,15.442245483398438,1.2907395362854004,-0.13358592987060547,13.42916488647461,0.8696380853652954
primary,own_fresh,19,ph-currency-t2,PH,1.7084813117980957,0.9073695540428162,15.167956352233887,1.4334731101989746,-0.2750082015991211,13.24693775177002,0.873350203037262
primary,own_fresh,19,ph-currency-t3,PH,1.5749320983886719,0.9317988753318787,15.129423141479492,1.067453384399414,-0.5074787139892578,13.401740074157715,0.8858064413070679
primary,own_fresh,19,ph-region-t0,PH,2.630009174346924,0.896371603012085,17.64348030090332,1.243016242980957,-1.3869929313659668,15.1087064743042,0.8563336730003357
primary,own_fresh,19,ph-region-t2,PH,2.9622802734375,0.8941732048988342,16.944477081298828,1.172579288482666,-1.789700984954834,14.706829071044922,0.8679423332214355
primary,own_fresh,19,rs-region-t1,RS,2.437922477722168,0.9123102426528931,16.950576782226562,1.773036003112793,-0.664886474609375,14.802504539489746,0.8732743859291077
primary,own_fresh,19,sa-capital-t0,SA,1.2886853218078613,0.9174732565879822,15.614458084106445,1.6821036338806152,0.3934183120727539,13.79277229309082,0.8833333849906921
primary,own_fresh,19,sa-capital-t2,SA,1.7178807258605957,0.9044052362442017,15.891525268554688,1.4534687995910645,-0.26441192626953125,13.87218952178955,0.8729300498962402
primary,own_fresh,19,sa-capital-t3,SA,1.307093620300293,0.9032312631607056,15.703347206115723,1.7430453300476074,0.43595170974731445,13.754410743713379,0.8758903741836548
primary,own_fresh,19,sa-currency-t0,SA,1.6058063507080078,0.9095017910003662,15.69726276397705,1.2026591300964355,-0.40314722061157227,13.569045066833496,0.8644210696220398
primary,own_fresh,19,sa-currency-t1,SA,1.7849864959716797,0.9125723242759705,15.525825500488281,0.8837554454803467,-0.901231050491333,13.381885528564453,0.8619113564491272
primary,own_fresh,19,sa-currency-t2,SA,1.7665815353393555,0.9060317277908325,14.951603889465332,0.9943685531616211,-0.7722129821777344,13.13013744354248,0.8781758546829224
primary,own_fresh,19,sa-currency-t3,SA,1.7304916381835938,0.9214159250259399,15.538326263427734,1.1032142639160156,-0.6272773742675781,13.550882339477539,0.8720940947532654
primary,own_fresh,19,sk-region-t2,SK,3.0312600135803223,0.9018411636352539,16.563709259033203,0.9548721313476562,-2.076387882232666,14.499728202819824,0.8753913640975952
primary,own_fresh,19,sy-capital-t0,SY,1.3017497062683105,0.9061508774757385,15.735595703125,1.6708831787109375,0.36913347244262695,13.791519165039062,0.8764535784721375
primary,own_fresh,19,sy-capital-t1,SY,1.3629579544067383,0.9041622877120972,15.492128372192383,1.8102030754089355,0.44724512100219727,13.223740577697754,0.8535780310630798
primary,own_fresh,19,sy-capital-t2,SY,1.7455182075500488,0.9205924272537231,15.429228782653809,1.4714536666870117,-0.2740645408630371,13.66396713256836,0.8855897784233093
primary,own_fresh,19,sy-capital-t3,SY,1.299455165863037,0.9096169471740723,16.203414916992188,1.55812406539917,0.2586688995361328,14.178496360778809,0.8750313520431519
primary,own_fresh,19,td-region-t0,TD,2.211470603942871,0.9025250673294067,17.04900550842285,1.1782069206237793,-1.0332636833190918,14.885333061218262,0.8730909824371338
primary,own_fresh,19,td-region-t1,TD,2.3657541275024414,0.9054628014564514,16.564756393432617,1.3540449142456055,-1.011709213256836,14.415434837341309,0.8702473044395447
primary,own_fresh,19,td-region-t2,TD,2.564298629760742,0.903709888458252,16.20442771911621,1.1929688453674316,-1.3713297843933105,14.276045799255371,0.880996584892273
primary,own_fresh,19,xk-region-t1,XK,2.268184185028076,0.9129084348678589,16.84897804260254,1.2822985649108887,-0.9858856201171875,14.618298530578613,0.8676074147224426
primary,own_fresh,19,xk-region-t2,XK,2.526498794555664,0.9105386137962341,16.472591400146484,1.2591657638549805,-1.2673330307006836,14.538546562194824,0.882590115070343
primary,own_fresh,19,af-capital-t0,AF,1.3025097846984863,0.9145064353942871,15.153728485107422,1.9601411819458008,0.6576313972473145,13.353851318359375,0.8812254667282104
primary,own_fresh,19,al-region-t1,AL,2.56742000579834,0.9080322980880737,16.77849006652832,1.4595518112182617,-1.1078681945800781,14.687281608581543,0.8753637075424194
primary,own_fresh,19,al-region-t2,AL,2.7741146087646484,0.9041854739189148,16.437284469604492,1.00639009475708,-1.7677245140075684,14.38527774810791,0.8751614689826965
primary,own_fresh,19,at-capital-t0,AT,1.2711071968078613,0.9205237627029419,15.642742156982422,1.4473557472229004,0.17624855041503906,13.953947067260742,0.8920397162437439
primary,own_fresh,19,at-capital-t2,AT,1.3425836563110352,0.9105334281921387,15.5952730178833,1.8139944076538086,0.47141075134277344,13.526310920715332,0.8673340082168579
primary,own_fresh,19,at-capital-t3,AT,1.2507901191711426,0.9202605485916138,16.200410842895508,1.4335250854492188,0.18273496627807617,14.030420303344727,0.8660533428192139
primary,own_fresh,19,at-currency-t0,AT,1.437063217163086,0.9175086617469788,15.659530639648438,1.0847396850585938,-0.3523235321044922,13.517590522766113,0.8632181286811829
primary,own_fresh,19,at-currency-t1,AT,1.5868358612060547,0.906154990196228,15.602052688598633,1.1524629592895508,-0.4343729019165039,13.422294616699219,0.8602902889251709
primary,own_fresh,19,at-currency-t2,AT,1.3878355026245117,0.9054063558578491,14.880176544189453,1.4295477867126465,0.041712284088134766,13.06131649017334,0.8777662515640259
primary,own_fresh,19,at-currency-t3,AT,1.565748691558838,0.9172850847244263,15.392990112304688,1.486607551574707,-0.07914113998413086,13.432610511779785,0.8726446628570557
primary,own_fresh,19,at-region-t1,AT,2.594967842102051,0.9109463691711426,17.128772735595703,1.5603365898132324,-1.0346312522888184,14.836759567260742,0.8661893010139465
primary,own_fresh,19,at-region-t2,AT,2.6868839263916016,0.9111387729644775,16.788894653320312,0.9753592014312744,-1.7115247249603271,14.883277893066406,0.8864954113960266
primary,own_fresh,19,bi-region-t0,BI,2.161953926086426,0.9008991718292236,16.824115753173828,1.0873093605041504,-1.0746445655822754,14.559396743774414,0.8653885126113892
primary,own_fresh,19,bi-region-t1,BI,2.3248696327209473,0.9141479134559631,16.36423110961914,1.3409218788146973,-0.98394775390625,14.376411437988281,0.8785265684127808
primary,own_fresh,19,bi-region-t2,BI,2.453190803527832,0.910417914390564,16.096860885620117,1.140153408050537,-1.313037395477295,14.3348970413208,0.8905398845672607
primary,own_fresh,19,bi-region-t3,BI,2.2649102210998535,0.8882602453231812,17.385793685913086,1.02620267868042,-1.2387075424194336,15.031195640563965,0.8645676970481873
primary,own_fresh,19,ci-region-t0,CI,2.454749584197998,0.9030536413192749,17.202320098876953,1.1571922302246094,-1.2975573539733887,15.000215530395508,0.8719879388809204
primary,own_fresh,19,ci-region-t1,CI,2.54512882232666,0.9106156229972839,16.67803382873535,1.798633098602295,-0.7464957237243652,14.708537101745605,0.8819107413291931
primary,own_fresh,19,ci-region-t2,CI,2.6720752716064453,0.9149044156074524,16.36949348449707,1.1555137634277344,-1.516561508178711,14.475954055786133,0.8843250870704651
primary,own_fresh,19,ci-region-t3,CI,2.523754596710205,0.8867183923721313,17.869211196899414,1.0878486633300781,-1.435905933380127,15.455411911010742,0.8649185299873352
primary,own_fresh,19,cz-capital-t0,CZ,1.283681869506836,0.9234164953231812,15.498368263244629,1.4374241828918457,0.15374231338500977,13.694563865661621,0.8836132884025574
primary,own_fresh,19,cz-capital-t1,CZ,1.3546385765075684,0.9031350612640381,15.478790283203125,1.6880664825439453,0.33342790603637695,13.260937690734863,0.8567166924476624
primary,own_fresh,19,cz-capital-t2,CZ,1.4985404014587402,0.9156020879745483,15.706661224365234,1.3662443161010742,-0.13229608535766602,13.800405502319336,0.8786339163780212
primary,own_fresh,19,cz-region-t2,CZ,2.8056840896606445,0.9010145664215088,16.732860565185547,0.8997650146484375,-1.905919075012207,14.680230140686035,0.8773293495178223
primary,own_fresh,19,gn-region-t1,GN,2.481818675994873,0.9070291519165039,16.490802764892578,1.4350414276123047,-1.0467772483825684,14.296860694885254,0.8669596314430237
primary,own_fresh,19,gn-region-t2,GN,2.8187813758850098,0.8978473544120789,16.574182510375977,1.3712143898010254,-1.4475669860839844,14.582499504089355,0.8798322081565857
primary,own_fresh,19,gq-region-t1,GQ,2.4146804809570312,0.8963355422019958,16.60692596435547,1.3976807594299316,-1.0169997215270996,14.257976531982422,0.8585560321807861
primary,own_fresh,19,iq-capital-t0,IQ,1.3640265464782715,0.9203894138336182,14.619088172912598,1.4568734169006348,0.09284687042236328,13.039383888244629,0.8919423222541809
primary,own_fresh,19,iq-capital-t1,IQ,1.40999174118042,0.9088135957717896,14.649077415466309,1.992372989654541,0.5823812484741211,12.691059112548828,0.8663384318351746
primary,own_fresh,19,iq-capital-t2,IQ,1.5097599029541016,0.9300934076309204,15.025433540344238,1.5098285675048828,6.866455078125e-05,13.34639835357666,0.8882538080215454
primary,own_fresh,19,ke-capital-t0,KE,1.2604470252990723,0.9070649743080139,15.48226261138916,1.581118106842041,0.32067108154296875,13.723224639892578,0.8863836526870728
primary,own_fresh,19,ke-capital-t1,KE,1.3513493537902832,0.907709002494812,15.425944328308105,1.8800067901611328,0.5286574363708496,13.497783660888672,0.8750053644180298
primary,own_fresh,19,ke-capital-t2,KE,1.518171787261963,0.9203351736068726,15.333185195922852,1.4388952255249023,-0.07927656173706055,13.5064697265625,0.880865216255188
primary,own_fresh,19,ke-capital-t3,KE,1.2719841003417969,0.9140787720680237,15.649921417236328,1.4380803108215332,0.16609621047973633,13.782546043395996,0.8806782960891724
primary,own_fresh,19,ke-region-t0,KE,2.359482765197754,0.896293044090271,17.33999252319336,1.1413354873657227,-1.2181472778320312,15.170180320739746,0.8748666048049927
primary,own_fresh,19,ke-region-t1,KE,2.605803966522217,0.905848503112793,16.795608520507812,1.6562318801879883,-0.9495720863342285,14.702083587646484,0.8753528594970703
primary,own_fresh,19,ke-region-t2,KE,2.718728542327881,0.8997421264648438,16.382272720336914,1.0113286972045898,-1.707399845123291,14.470417022705078,0.8832972645759583
primary,own_fresh,19,ke-region-t3,KE,2.494001865386963,0.897219717502594,17.964271545410156,1.0945749282836914,-1.3994269371032715,15.640472412109375,0.8706432580947876
primary,own_fresh,19,kp-capital-t0,KP,1.359389305114746,0.9096432328224182,15.257735252380371,1.5303020477294922,0.1709127426147461,13.250945091247559,0.8684738874435425
primary,own_fresh,19,kp-capital-t2,KP,1.5426292419433594,0.9132444858551025,15.666719436645508,1.4232873916625977,-0.11934185028076172,13.606892585754395,0.8685221076011658
primary,own_fresh,19,kr-capital-t0,KR,1.30381441116333,0.8965079188346863,16.09578514099121,1.4558830261230469,0.1520686149597168,13.98021125793457,0.8685634732246399
primary,own_fresh,19,kr-capital-t1,KR,1.376915454864502,0.8876583576202393,15.977529525756836,1.705434799194336,0.328519344329834,13.663411140441895,0.8551641702651978
primary,own_fresh,19,kr-capital-t2,KR,1.64918851852417,0.9077182412147522,15.845197677612305,1.9351239204406738,0.2859354019165039,13.727826118469238,0.8663713932037354
primary,own_fresh,19,kr-capital-t3,KR,1.3203048706054688,0.8928951025009155,16.24947738647461,1.6824145317077637,0.3621096611022949,13.991908073425293,0.8610681891441345
primary,own_fresh,19,kr-region-t0,KR,2.766798496246338,0.8955575227737427,17.72030258178711,0.9708595275878906,-1.7959389686584473,15.245138168334961,0.8603204488754272
primary,own_fresh,19,kr-region-t1,KR,2.609663963317871,0.9020208120346069,17.18094253540039,1.4869699478149414,-1.1226940155029297,15.012307167053223,0.8737766742706299
primary,own_fresh,19,kr-region-t2,KR,2.902010440826416,0.9033908247947693,16.921457290649414,1.0362663269042969,-1.8657441139221191,14.657248497009277,0.8661930561065674
primary,own_fresh,19,lk-capital-t0,LK,1.281425952911377,0.9109326601028442,15.267853736877441,1.66926908493042,0.38784313201904297,13.1992769241333,0.8645142316818237
primary,own_fresh,19,lk-capital-t1,LK,1.3627381324768066,0.8959370851516724,15.379886627197266,1.774364948272705,0.41162681579589844,13.12066650390625,0.8531055450439453
primary,own_fresh,19,lk-capital-t2,LK,1.5458765029907227,0.8976292610168457,15.424869537353516,1.5910563468933105,0.04517984390258789,13.200386047363281,0.8557859063148499
primary,own_fresh,19,lk-capital-t3,LK,1.249732494354248,0.91170334815979,15.56750202178955,1.4549469947814941,0.2052145004272461,13.3921480178833,0.8602631092071533
primary,own_fresh,19,sd-region-t0,SD,2.365321159362793,0.9039539694786072,17.30009651184082,1.122720718383789,-1.242600440979004,15.0995454788208,0.8728012442588806
primary,own_fresh,19,sd-region-t1,SD,2.475235939025879,0.9046035408973694,16.773414611816406,1.4992876052856445,-0.9759483337402344,14.7886323928833,0.8816709518432617
primary,own_fresh,19,sd-region-t2,SD,2.5154213905334473,0.9061882495880127,16.2208309173584,1.0794758796691895,-1.4359455108642578,14.349711418151855,0.8846471309661865
primary,own_fresh,19,sd-region-t3,SD,2.3670806884765625,0.8913390636444092,17.824974060058594,1.1357483863830566,-1.2313323020935059,15.437018394470215,0.866033136844635
primary,own_fresh,19,sl-region-t0,SL,2.2097039222717285,0.8994737267494202,17.07403564453125,1.2043371200561523,-1.0053668022155762,14.85970401763916,0.8703100085258484
primary,own_fresh,19,sl-region-t2,SL,2.475620746612549,0.9091250896453857,16.19884490966797,1.5966496467590332,-0.8789710998535156,14.270733833312988,0.8809723258018494
primary,own_fresh,19,tr-capital-t0,TR,1.2773919105529785,0.9211047887802124,15.410477638244629,1.333815097808838,0.056423187255859375,13.6925687789917,0.8885233402252197
primary,own_fresh,19,tr-capital-t1,TR,1.333451271057129,0.9069933295249939,15.430198669433594,1.7745871543884277,0.44113588333129883,13.442717552185059,0.871195375919342
primary,own_fresh,19,tr-capital-t2,TR,1.6167473793029785,0.9185903072357178,15.608779907226562,1.6484465599060059,0.031699180603027344,13.64105224609375,0.8739345669746399
primary,own_fresh,19,tr-currency-t0,TR,1.4068183898925781,0.9109110832214355,15.411111831665039,1.3152618408203125,-0.09155654907226562,13.350693702697754,0.8663030862808228
primary,own_fresh,19,tr-currency-t2,TR,1.6727404594421387,0.9109641909599304,15.003015518188477,1.424008846282959,-0.2487316131591797,13.156937599182129,0.8769528865814209
primary,own_fresh,19,tr-currency-t3,TR,1.586855411529541,0.9237454533576965,15.261128425598145,1.1989116668701172,-0.38794374465942383,13.37479019165039,0.8763958811759949
primary,own_fresh,19,ua-region-t1,UA,2.6402111053466797,0.9013229608535767,17.121978759765625,1.4089088439941406,-1.231302261352539,14.87775993347168,0.8689275979995728
primary,own_fresh,19,ua-region-t2,UA,2.705471992492676,0.8990960717201233,16.66644287109375,1.3745088577270508,-1.330963134765625,14.602106094360352,0.8761381506919861
primary,own_fresh,20,cu-capital-t0,CU,1.4017996788024902,0.8926909565925598,15.969721794128418,2.086942195892334,0.6851425170898438,14.100454330444336,0.8829492926597595
primary,own_fresh,20,cu-capital-t1,CU,1.535390853881836,0.8742168545722961,16.32689666748047,1.5622596740722656,0.026868820190429688,13.938794136047363,0.8537319898605347
primary,own_fresh,20,cu-capital-t2,CU,1.9704437255859375,0.8710677623748779,16.262910842895508,1.6919536590576172,-0.2784900665283203,14.216069221496582,0.8741405010223389
primary,own_fresh,20,cu-capital-t3,CU,1.4207673072814941,0.8914309740066528,16.445777893066406,1.964700698852539,0.5439333915710449,14.546916961669922,0.8845381140708923
primary,own_fresh,20,fi-capital-t0,FI,1.1947064399719238,0.8918389081954956,16.50326919555664,1.2536535263061523,0.058947086334228516,14.554452896118164,0.8819133043289185
primary,own_fresh,20,fi-capital-t1,FI,1.278702735900879,0.877806544303894,16.117677688598633,1.5295066833496094,0.25080394744873047,14.101607322692871,0.874915599822998
primary,own_fresh,20,fi-capital-t2,FI,1.5093379020690918,0.8932656049728394,16.469873428344727,1.2351465225219727,-0.27419137954711914,14.387537002563477,0.8735669255256653
primary,own_fresh,20,fi-currency-t0,FI,1.164440631866455,0.8982747197151184,16.18404197692871,1.1794204711914062,0.014979839324951172,14.12409496307373,0.8727173805236816
primary,own_fresh,20,fi-currency-t1,FI,1.2992982864379883,0.8836385607719421,16.031206130981445,0.9695351123809814,-0.32976317405700684,13.843213081359863,0.863516628742218
primary,own_fresh,20,fi-currency-t2,FI,1.475471019744873,0.8924926519393921,15.767005920410156,0.923882246017456,-0.551588773727417,13.62612533569336,0.8642176985740662
primary,own_fresh,20,fi-currency-t3,FI,1.239274501800537,0.8929027318954468,15.65442180633545,1.1532559394836426,-0.08601856231689453,13.604941368103027,0.8690797686576843
primary,own_fresh,20,fi-region-t1,FI,2.5523386001586914,0.8541846871376038,18.1666202545166,1.3113083839416504,-1.241030216217041,14.851726531982422,0.8175283074378967
primary,own_fresh,20,fi-region-t2,FI,2.9754652976989746,0.8461648225784302,17.963041305541992,1.0805110931396484,-1.8949542045593262,14.784704208374023,0.8230624198913574
primary,own_fresh,20,gm-region-t1,GM,2.642514228820801,0.8620765209197998,17.635665893554688,1.3393077850341797,-1.303206443786621,14.599424362182617,0.8278351426124573
primary,own_fresh,20,gm-region-t2,GM,2.856882095336914,0.8573876619338989,17.489133834838867,0.978640079498291,-1.878242015838623,14.668304443359375,0.8387095928192139
primary,own_fresh,20,ie-capital-t0,IE,1.2113933563232422,0.892027735710144,16.615070343017578,1.5651979446411133,0.3538045883178711,14.628642082214355,0.8804441690444946
primary,own_fresh,20,ie-capital-t1,IE,1.2600035667419434,0.8968474268913269,16.150367736816406,1.7059173583984375,0.44591379165649414,14.066446304321289,0.8709675669670105
primary,own_fresh,20,ie-capital-t2,IE,1.71162748336792,0.8865194320678711,16.469722747802734,1.4354472160339355,-0.2761802673339844,14.208999633789062,0.8627346158027649
primary,own_fresh,20,ie-capital-t3,IE,1.2615838050842285,0.8920762538909912,16.840972900390625,1.5713729858398438,0.30978918075561523,14.65113639831543,0.8699697256088257
primary,own_fresh,20,ie-currency-t0,IE,1.293713092803955,0.8881754875183105,16.546520233154297,0.9768795967102051,-0.31683349609375,14.286722183227539,0.8634275794029236
primary,own_fresh,20,ie-currency-t1,IE,1.5277032852172852,0.8878083229064941,16.329029083251953,1.0049567222595215,-0.5227465629577637,14.057263374328613,0.86087566614151
primary,own_fresh,20,ie-currency-t2,IE,1.6455659866333008,0.884671688079834,15.79419994354248,1.2673354148864746,-0.37823057174682617,13.863790512084961,0.8777773380279541
primary,own_fresh,20,ie-currency-t3,IE,1.4643363952636719,0.8905869722366333,16.041921615600586,0.9314286708831787,-0.5329077243804932,13.922111511230469,0.8678581118583679
primary,own_fresh,20,ie-region-t1,IE,2.567470073699951,0.8580262064933777,18.083370208740234,1.2825813293457031,-1.284888744354248,14.813863754272461,0.8191981911659241
primary,own_fresh,20,ie-region-t2,IE,3.1681995391845703,0.864398717880249,17.803993225097656,1.4934563636779785,-1.6747431755065918,14.980637550354004,0.8414201140403748
primary,own_fresh,20,mg-region-t0,MG,2.631770610809326,0.8565938472747803,18.644777297973633,0.9111728668212891,-1.720597743988037,15.413602828979492,0.8266981244087219
primary,own_fresh,20,mg-region-t1,MG,2.606851577758789,0.8597392439842224,17.406177520751953,1.2678561210632324,-1.3389954566955566,14.502620697021484,0.8331881165504456
primary,own_fresh,20,mg-region-t2,MG,2.910557270050049,0.8617134690284729,17.3381404876709,1.433393955230713,-1.477163314819336,14.583741188049316,0.8411363959312439
primary,own_fresh,20,mg-region-t3,MG,2.853466510772705,0.8504186868667603,19.265356063842773,1.0042381286621094,-1.8492283821105957,15.854850769042969,0.8229721188545227
primary,own_fresh,20,ml-region-t0,ML,2.784480571746826,0.8366616368293762,18.759845733642578,0.991405725479126,-1.7930748462677002,15.289249420166016,0.8149986863136292
primary,own_fresh,20,ml-region-t1,ML,2.844545841217041,0.8571901321411133,17.646324157714844,1.1583995819091797,-1.6861462593078613,14.514212608337402,0.822506308555603
primary,own_fresh,20,ml-region-t2,ML,3.0958080291748047,0.8557212948799133,17.521286010742188,1.3193564414978027,-1.776451587677002,14.452997207641602,0.8248822093009949
primary,own_fresh,20,ml-region-t3,ML,3.053835868835449,0.8424956798553467,19.279739379882812,1.0419859886169434,-2.011849880218506,15.620729446411133,0.8102147579193115
primary,own_fresh,20,np-currency-t0,NP,1.183032512664795,0.9070394039154053,16.323617935180664,1.1082520484924316,-0.07478046417236328,14.434365272521973,0.8842626214027405
primary,own_fresh,20,np-currency-t3,NP,1.303680419921875,0.8922194242477417,15.65495491027832,1.067500114440918,-0.23618030548095703,13.670249938964844,0.8732219338417053
primary,own_fresh,20,np-region-t0,NP,2.541199207305908,0.8477675914764404,18.67909812927246,1.1077814102172852,-1.433417797088623,15.364790916442871,0.8225659728050232
primary,own_fresh,20,nz-capital-t0,NZ,1.2578015327453613,0.8707784414291382,16.25489616394043,1.1334738731384277,-0.1243276596069336,14.24653148651123,0.8764455318450928
primary,own_fresh,20,nz-capital-t2,NZ,1.718104362487793,0.8756564855575562,16.32210350036621,1.5590033531188965,-0.15910100936889648,13.967378616333008,0.8557339906692505
primary,own_fresh,20,nz-capital-t3,NZ,1.3596978187561035,0.8699864149093628,16.91314697265625,1.2835898399353027,-0.07610797882080078,14.567333221435547,0.861302375793457
primary,own_fresh,20,ph-capital-t1,PH,1.359224796295166,0.8781695365905762,15.921365737915039,1.7153525352478027,0.3561277389526367,13.749336242675781,0.863577663898468
primary,own_fresh,20,ph-capital-t2,PH,1.6850266456604004,0.8709378242492676,16.845308303833008,1.3281574249267578,-0.3568692207336426,14.42813777923584,0.8565077781677246
primary,own_fresh,20,ph-currency-t0,PH,1.2517809867858887,0.8975008130073547,16.280868530273438,1.0153422355651855,-0.23643875122070312,14.144327163696289,0.8687698245048523
primary,own_fresh,20,ph-currency-t2,PH,1.676321029663086,0.881964385509491,15.631086349487305,0.9751217365264893,-0.7011992931365967,13.550570487976074,0.8668988347053528
primary,own_fresh,20,ph-currency-t3,PH,1.4003868103027344,0.8935496807098389,15.592986106872559,1.1739320755004883,-0.2264547348022461,13.7620210647583,0.882577657699585
primary,own_fresh,20,ph-region-t0,PH,2.7156524658203125,0.8594914674758911,18.861846923828125,0.9112625122070312,-1.8043899536132812,15.424044609069824,0.8177377581596375
primary,own_fresh,20,ph-region-t2,PH,2.938506603240967,0.8468666672706604,17.670530319213867,1.3809099197387695,-1.5575966835021973,14.820204734802246,0.8386961221694946
primary,own_fresh,20,rs-region-t1,RS,2.956052780151367,0.8626893758773804,17.624052047729492,1.347156047821045,-1.6088967323303223,14.753669738769531,0.8371326923370361
primary,own_fresh,20,sa-capital-t0,SA,1.4332876205444336,0.8772915005683899,16.61554527282715,1.536609172821045,0.10332155227661133,14.761240005493164,0.8883993625640869
primary,own_fresh,20,sa-capital-t2,SA,1.8722343444824219,0.8673757314682007,16.898029327392578,1.5114712715148926,-0.3607630729675293,14.658824920654297,0.8674872517585754
primary,own_fresh,20,sa-capital-t3,SA,1.4633607864379883,0.8653430938720703,16.642139434814453,1.5896658897399902,0.12630510330200195,14.675076484680176,0.8818022608757019
primary,own_fresh,20,sa-currency-t0,SA,1.3159122467041016,0.8861755132675171,16.629859924316406,0.970557451248169,-0.3453547954559326,14.399214744567871,0.8658650517463684
primary,own_fresh,20,sa-currency-t1,SA,1.5266084671020508,0.8856889009475708,16.28636360168457,0.7725417613983154,-0.7540667057037354,13.917384147644043,0.8545421361923218
primary,own_fresh,20,sa-currency-t2,SA,1.6225261688232422,0.8801472783088684,15.67166805267334,0.7944145202636719,-0.8281116485595703,13.755980491638184,0.8777610659599304
primary,own_fresh,20,sa-currency-t3,SA,1.4854559898376465,0.8883616924285889,16.15300178527832,1.0382699966430664,-0.4471859931945801,13.924084663391113,0.8620122075080872
primary,own_fresh,20,sk-region-t2,SK,3.3557991981506348,0.8525106906890869,17.657663345336914,1.1826372146606445,-2.1731619834899902,14.499948501586914,0.8211702704429626
primary,own_fresh,20,sy-capital-t0,SY,1.3650603294372559,0.874247670173645,16.53579330444336,1.6354866027832031,0.27042627334594727,14.394975662231445,0.8705343008041382
primary,own_fresh,20,sy-capital-t1,SY,1.3661627769470215,0.8705010414123535,16.185991287231445,1.9327764511108398,0.5666136741638184,13.622525215148926,0.84162437915802
primary,own_fresh,20,sy-capital-t2,SY,1.8173956871032715,0.8888759613037109,16.32512092590332,1.4267325401306152,-0.39066314697265625,14.23974895477295,0.8722599148750305
primary,own_fresh,20,sy-capital-t3,SY,1.407801628112793,0.8803443908691406,16.943971633911133,1.719494342803955,0.3116927146911621,14.736591339111328,0.8697247505187988
primary,own_fresh,20,td-region-t0,TD,2.771284580230713,0.8520194292068481,18.6870174407959,0.8327746391296387,-1.9385099411010742,15.247076034545898,0.8159180879592896
primary,own_fresh,20,td-region-t1,TD,2.705930709838867,0.8538088798522949,17.65238380432129,1.2073464393615723,-1.498584270477295,14.498442649841309,0.8213306069374084
primary,own_fresh,20,td-region-t2,TD,3.0330262184143066,0.845224142074585,17.37957000732422,1.4816827774047852,-1.5513434410095215,14.352814674377441,0.8258440494537354
primary,own_fresh,20,xk-region-t1,XK,2.4950952529907227,0.8663957118988037,17.798675537109375,1.6013002395629883,-0.8937950134277344,14.624173164367676,0.8216438889503479
primary,own_fresh,20,xk-region-t2,XK,2.779812812805176,0.8557563424110413,17.4982852935791,1.4442505836486816,-1.3355622291564941,14.561779022216797,0.8321831822395325
primary,own_fresh,20,af-capital-t0,AF,1.3775463104248047,0.8890935182571411,16.032079696655273,1.6033477783203125,0.2258014678955078,14.203661918640137,0.8859525322914124
primary,own_fresh,20,al-region-t1,AL,2.6166443824768066,0.855918288230896,17.742795944213867,1.465102195739746,-1.1515421867370605,14.699713706970215,0.8284891247749329
primary,own_fresh,20,al-region-t2,AL,2.9955525398254395,0.8522330522537231,17.45459747314453,1.304544448852539,-1.6910080909729004,14.558509826660156,0.8340787887573242
primary,own_fresh,20,at-capital-t0,AT,1.1702446937561035,0.8884022235870361,16.221712112426758,1.4749064445495605,0.30466175079345703,14.29743766784668,0.8813766241073608
primary,own_fresh,20,at-capital-t2,AT,1.3827791213989258,0.8779289722442627,16.171079635620117,1.6428918838500977,0.2601127624511719,13.95193099975586,0.8627705574035645
primary,own_fresh,20,at-capital-t3,AT,1.2389235496520996,0.8966456055641174,16.600910186767578,1.4737915992736816,0.23486804962158203,14.495248794555664,0.8731598854064941
primary,own_fresh,20,at-currency-t0,AT,1.2145133018493652,0.8949596881866455,16.23727798461914,0.9182827472686768,-0.2962305545806885,14.152692794799805,0.871617317199707
primary,own_fresh,20,at-currency-t1,AT,1.4120264053344727,0.8876708149909973,16.130634307861328,0.9036071300506592,-0.5084192752838135,13.769430160522461,0.8536198735237122
primary,own_fresh,20,at-currency-t2,AT,1.443495750427246,0.886215090751648,15.332304954528809,1.1718106269836426,-0.2716851234436035,13.296966552734375,0.8672516345977783
primary,own_fresh,20,at-currency-t3,AT,1.350799560546875,0.8969472646713257,15.751571655273438,1.1490659713745117,-0.20173358917236328,13.653151512145996,0.8667802810668945
primary,own_fresh,20,at-region-t1,AT,2.7214603424072266,0.866339921951294,18.09992218017578,1.502436637878418,-1.2190237045288086,14.770888328552246,0.8160746693611145
primary,own_fresh,20,at-region-t2,AT,3.0198707580566406,0.8589609265327454,17.8615779876709,1.2572884559631348,-1.7625823020935059,14.857034683227539,0.8317873477935791
primary,own_fresh,20,bi-region-t0,BI,2.606295108795166,0.8446391820907593,18.37326431274414,0.9950053691864014,-1.6112897396087646,14.864302635192871,0.809018075466156
primary,own_fresh,20,bi-region-t1,BI,2.5819005966186523,0.8684999942779541,17.398359298706055,1.2839679718017578,-1.2979326248168945,14.438974380493164,0.8299043774604797
primary,own_fresh,20,bi-region-t2,BI,2.7853684425354004,0.8557294607162476,17.206829071044922,1.4154434204101562,-1.3699250221252441,14.329010009765625,0.8327513337135315
primary,own_fresh,20,bi-region-t3,BI,2.728269577026367,0.8455204367637634,18.935314178466797,0.8978743553161621,-1.830395221710205,15.373974800109863,0.8119207620620728
primary,own_fresh,20,ci-region-t0,CI,2.9219326972961426,0.848118782043457,18.8515567779541,0.7865586280822754,-2.135374069213867,15.335531234741211,0.8134888410568237
primary,own_fresh,20,ci-region-t1,CI,2.838052272796631,0.8569587469100952,17.811378479003906,1.484941005706787,-1.3531112670898438,14.799710273742676,0.830913245677948
primary,own_fresh,20,ci-region-t2,CI,3.028151035308838,0.8626201152801514,17.53654670715332,1.3046507835388184,-1.7235002517700195,14.516389846801758,0.8277792930603027
primary,own_fresh,20,ci-region-t3,CI,2.9902806282043457,0.8439355492591858,19.459274291992188,0.9720339775085449,-2.018246650695801,15.71901798248291,0.8077905774116516
primary,own_fresh,20,cz-capital-t0,CZ,1.200263500213623,0.9033492803573608,16.026029586791992,1.4962158203125,0.29595232009887695,14.166102409362793,0.8839433789253235
primary,own_fresh,20,cz-capital-t1,CZ,1.2761354446411133,0.8759922981262207,16.05852508544922,1.6205544471740723,0.344419002532959,13.81051254272461,0.8600112795829773
primary,own_fresh,20,cz-capital-t2,CZ,1.5108222961425781,0.8891783952713013,16.472732543945312,1.4310932159423828,-0.07972908020019531,14.31951904296875,0.8692861795425415
primary,own_fresh,20,cz-region-t2,CZ,3.125880718231201,0.8502850532531738,17.887758255004883,1.2270512580871582,-1.898829460144043,14.804984092712402,0.8276601433753967
primary,own_fresh,20,gn-region-t1,GN,2.8793282508850098,0.8548868894577026,17.45042610168457,1.3224520683288574,-1.5568761825561523,14.287806510925293,0.8187654614448547
primary,own_fresh,20,gn-region-t2,GN,3.4413394927978516,0.8420072793960571,17.672954559326172,1.4675755500793457,-1.9737639427185059,14.709341049194336,0.8323079943656921
primary,own_fresh,20,gq-region-t1,GQ,2.9120960235595703,0.8490452766418457,17.649465560913086,1.644456386566162,-1.2676396369934082,14.486349105834961,0.8207811713218689
primary,own_fresh,20,iq-capital-t0,IQ,1.2174811363220215,0.8886542916297913,15.570027351379395,1.6322240829467773,0.41474294662475586,14.007221221923828,0.8996272683143616
primary,own_fresh,20,iq-capital-t1,IQ,1.2724909782409668,0.8795580863952637,15.719362258911133,1.8090624809265137,0.5365715026855469,13.765841484069824,0.8757252097129822
primary,own_fresh,20,iq-capital-t2,IQ,1.3969030380249023,0.9097151160240173,16.17694664001465,1.3480157852172852,-0.04888725280761719,14.315393447875977,0.8849255442619324
primary,own_fresh,20,ke-capital-t0,KE,1.2811856269836426,0.8822025656700134,16.512554168701172,1.821122169494629,0.5399365425109863,14.513752937316895,0.8789526224136353
primary,own_fresh,20,ke-capital-t1,KE,1.3502888679504395,0.8801537752151489,16.439899444580078,1.7596020698547363,0.4093132019042969,14.262419700622559,0.8675490617752075
primary,own_fresh,20,ke-capital-t2,KE,1.6174492835998535,0.8903443217277527,16.476491928100586,1.743758201599121,0.12630891799926758,14.31531810760498,0.8688328862190247
primary,own_fresh,20,ke-capital-t3,KE,1.334284782409668,0.8924837112426758,16.754352569580078,1.6649160385131836,0.3306312561035156,14.541037559509277,0.8678961396217346
primary,own_fresh,20,ke-region-t0,KE,2.7680130004882812,0.8611876964569092,18.874460220336914,0.7421875,-2.0258255004882812,15.381579399108887,0.81494140625
primary,own_fresh,20,ke-region-t1,KE,2.846372127532959,0.8549185395240784,17.83833885192871,1.2271885871887207,-1.6191835403442383,14.730548858642578,0.8257803320884705
primary,own_fresh,20,ke-region-t2,KE,3.004054069519043,0.8428528308868408,17.560291290283203,1.2461967468261719,-1.757857322692871,14.498260498046875,0.8256275653839111
primary,own_fresh,20,ke-region-t3,KE,2.9255423545837402,0.8514302968978882,19.485563278198242,1.2193279266357422,-1.706214427947998,15.910842895507812,0.8165451884269714
primary,own_fresh,20,kp-capital-t0,KP,1.342212200164795,0.8868553638458252,15.92146110534668,1.4684786796569824,0.1262664794921875,13.984453201293945,0.8783398270606995
primary,own_fresh,20,kp-capital-t2,KP,1.6765460968017578,0.8821163177490234,16.564659118652344,1.103485107421875,-0.5730609893798828,14.29189395904541,0.8627943396568298
primary,own_fresh,20,kr-capital-t0,KR,1.3981566429138184,0.8725175857543945,16.87506675720215,1.5731492042541504,0.17499256134033203,14.677864074707031,0.8697959184646606
primary,own_fresh,20,kr-capital-t1,KR,1.4483184814453125,0.856934666633606,16.742237091064453,1.6346039772033691,0.18628549575805664,14.265826225280762,0.8520860075950623
primary,own_fresh,20,kr-capital-t2,KR,1.8072309494018555,0.8738057017326355,16.913911819458008,1.4392776489257812,-0.3679533004760742,14.384414672851562,0.850448727607727
primary,own_fresh,20,kr-capital-t3,KR,1.4801740646362305,0.8669613003730774,16.961389541625977,1.2652664184570312,-0.21490764617919922,14.667492866516113,0.8647577166557312
primary,own_fresh,20,kr-region-t0,KR,3.061135768890381,0.856052041053772,19.1075382232666,0.6611223220825195,-2.4000134468078613,15.556973457336426,0.8141798973083496
primary,own_fresh,20,kr-region-t1,KR,2.7037739753723145,0.8605675101280212,18.114707946777344,1.2309727668762207,-1.4728012084960938,14.90002155303955,0.8225372433662415
primary,own_fresh,20,kr-region-t2,KR,3.043858528137207,0.8547289371490479,17.98039436340332,1.3162884712219238,-1.7275700569152832,14.564472198486328,0.8100196123123169
primary,own_fresh,20,lk-capital-t0,LK,1.295546531677246,0.8820376396179199,16.2520694732666,1.7519807815551758,0.4564342498779297,14.245281219482422,0.8765210509300232
primary,own_fresh,20,lk-capital-t1,LK,1.369058609008789,0.8648608922958374,16.259891510009766,1.9603271484375,0.5912685394287109,13.997029304504395,0.8608316779136658
primary,own_fresh,20,lk-capital-t2,LK,1.7080302238464355,0.8661350011825562,16.399200439453125,1.7552084922790527,0.04717826843261719,14.048337936401367,0.8566477298736572
primary,own_fresh,20,lk-capital-t3,LK,1.3332123756408691,0.8794256448745728,16.51797866821289,1.8952569961547852,0.562044620513916,14.356656074523926,0.8691533207893372
primary,own_fresh,20,sd-region-t0,SD,2.7420148849487305,0.8609117269515991,18.86271858215332,0.7078611850738525,-2.034153699874878,15.367691993713379,0.8147124648094177
primary,own_fresh,20,sd-region-t1,SD,2.735560417175293,0.8525639772415161,17.845678329467773,1.2698478698730469,-1.465712547302246,14.708233833312988,0.8241902589797974
primary,own_fresh,20,sd-region-t2,SD,2.9040565490722656,0.8466994762420654,17.496566772460938,1.3713011741638184,-1.5327553749084473,14.426939010620117,0.8245582580566406
primary,own_fresh,20,sd-region-t3,SD,2.8406267166137695,0.8449921011924744,19.336023330688477,0.9874637126922607,-1.8531630039215088,15.654439926147461,0.809599757194519
primary,own_fresh,20,sl-region-t0,SL,2.6568551063537598,0.8451511263847351,18.711793899536133,0.8532686233520508,-1.803586483001709,15.232443809509277,0.8140558004379272
primary,own_fresh,20,sl-region-t2,SL,2.9224138259887695,0.8500238656997681,17.34856605529785,1.2064480781555176,-1.715965747833252,14.38627815246582,0.82924884557724
primary,own_fresh,20,tr-capital-t0,TR,1.268934726715088,0.8893243670463562,16.008913040161133,1.7553682327270508,0.4864335060119629,14.209171295166016,0.8875787854194641
primary,own_fresh,20,tr-capital-t1,TR,1.3232941627502441,0.8724156618118286,16.110118865966797,1.6710262298583984,0.3477320671081543,14.176398277282715,0.8799685835838318
primary,own_fresh,20,tr-capital-t2,TR,1.729705810546875,0.8914684057235718,16.485557556152344,1.689809799194336,-0.03989601135253906,14.309600830078125,0.8680083155632019
primary,own_fresh,20,tr-currency-t0,TR,1.1731629371643066,0.8852747678756714,16.121213912963867,1.0869855880737305,-0.08617734909057617,14.238077163696289,0.8831889033317566
primary,own_fresh,20,tr-currency-t2,TR,1.5193333625793457,0.8849876523017883,15.570825576782227,1.4342026710510254,-0.08513069152832031,13.628761291503906,0.8752754330635071
primary,own_fresh,20,tr-currency-t3,TR,1.3190064430236816,0.8873185515403748,15.701079368591309,1.192049503326416,-0.12695693969726562,13.946500778198242,0.8882510662078857
primary,own_fresh,20,ua-region-t1,UA,2.7273025512695312,0.8542579412460327,17.979631423950195,1.6363720893859863,-1.090930461883545,14.806389808654785,0.8235090970993042
primary,own_fresh,20,ua-region-t2,UA,2.9508614540100098,0.8574234247207642,17.600811004638672,1.401702880859375,-1.5491585731506348,14.702488899230957,0.8353301882743835
primary,own_fresh,21,cu-capital-t0,CU,1.5349211692810059,0.8948563933372498,17.34661102294922,1.8084192276000977,0.2734980583190918,14.76123332977295,0.8509577512741089
primary,own_fresh,21,cu-capital-t1,CU,1.6305923461914062,0.8674476146697998,17.773033142089844,1.8979301452636719,0.2673377990722656,14.961150169372559,0.8417893648147583
primary,own_fresh,21,cu-capital-t2,CU,1.9155921936035156,0.8735848069190979,17.806001663208008,1.2725472450256348,-0.6430449485778809,15.08450984954834,0.8471587300300598
primary,own_fresh,21,cu-capital-t3,CU,1.5170812606811523,0.8891705274581909,17.658466339111328,1.7295384407043457,0.21245718002319336,15.183638572692871,0.8598503470420837
primary,own_fresh,21,fi-capital-t0,FI,1.3434357643127441,0.8901358842849731,18.247638702392578,1.0880846977233887,-0.25535106658935547,15.576238632202148,0.853602945804596
primary,own_fresh,21,fi-capital-t1,FI,1.4068589210510254,0.8831932544708252,18.084440231323242,1.2752881050109863,-0.13157081604003906,15.305777549743652,0.8463506102561951
primary,own_fresh,21,fi-capital-t2,FI,1.5411677360534668,0.8962255716323853,18.366004943847656,0.9579753875732422,-0.5831923484802246,15.678930282592773,0.8536930084228516
primary,own_fresh,21,fi-currency-t0,FI,1.8412656784057617,0.8591790199279785,19.40385627746582,1.3105993270874023,-0.5306663513183594,15.23974609375,0.7853978276252747
primary,own_fresh,21,fi-currency-t1,FI,1.8061532974243164,0.8493077158927917,19.453968048095703,1.0763015747070312,-0.7298517227172852,15.059706687927246,0.774120032787323
primary,own_fresh,21,fi-currency-t2,FI,1.9447259902954102,0.8395264744758606,19.3481502532959,1.272935390472412,-0.671790599822998,15.08837604522705,0.77983558177948
primary,own_fresh,21,fi-currency-t3,FI,1.7420125007629395,0.8503668308258057,19.046968460083008,1.2879486083984375,-0.45406389236450195,14.782118797302246,0.776087760925293
primary,own_fresh,21,fi-region-t1,FI,2.0891857147216797,0.8488046526908875,19.26053810119629,1.3302679061889648,-0.7589178085327148,15.93458080291748,0.8273175358772278
primary,own_fresh,21,fi-region-t2,FI,2.5213913917541504,0.8306616544723511,18.91560935974121,1.2500147819519043,-1.271376609802246,15.755782127380371,0.8329513669013977
primary,own_fresh,21,gm-region-t1,GM,2.2431955337524414,0.8513251543045044,18.68695640563965,1.2334537506103516,-1.0097417831420898,15.445595741271973,0.8265442252159119
primary,own_fresh,21,gm-region-t2,GM,2.385845184326172,0.8445515632629395,18.648082733154297,1.2741146087646484,-1.1117305755615234,15.5117769241333,0.8318161964416504
primary,own_fresh,21,ie-capital-t0,IE,1.3564467430114746,0.8862364292144775,18.369232177734375,1.2363462448120117,-0.12010049819946289,15.708887100219727,0.8551738262176514
primary,own_fresh,21,ie-capital-t1,IE,1.4111175537109375,0.8921951651573181,17.926637649536133,1.3374309539794922,-0.07368659973144531,15.314295768737793,0.8542759418487549
primary,own_fresh,21,ie-capital-t2,IE,1.7673530578613281,0.8844378590583801,18.281829833984375,1.1156411170959473,-0.6517119407653809,15.44090747833252,0.8446040749549866
primary,own_fresh,21,ie-capital-t3,IE,1.3310275077819824,0.8887760639190674,18.370840072631836,1.305478572845459,-0.025548934936523438,15.770944595336914,0.8584770560264587
primary,own_fresh,21,ie-currency-t0,IE,2.1015067100524902,0.8505922555923462,19.868778228759766,1.2155375480651855,-0.8859691619873047,15.398324012756348,0.775001049041748
primary,own_fresh,21,ie-currency-t1,IE,2.1477413177490234,0.8484024405479431,19.686443328857422,1.1847214698791504,-0.963019847869873,15.267729759216309,0.7755453586578369
primary,own_fresh,21,ie-currency-t2,IE,2.2937240600585938,0.8372417092323303,19.405906677246094,1.203019142150879,-1.0907049179077148,15.21860122680664,0.7842252254486084
primary,own_fresh,21,ie-currency-t3,IE,2.052064895629883,0.8574623465538025,19.40476417541504,1.1620111465454102,-0.8900537490844727,15.20678997039795,0.7836626768112183
primary,own_fresh,21,ie-region-t1,IE,2.1354527473449707,0.8499190211296082,19.153671264648438,1.2949843406677246,-0.8404684066772461,15.896998405456543,0.8299713730812073
primary,own_fresh,21,ie-region-t2,IE,2.706153392791748,0.841723620891571,18.76752281188965,1.6866579055786133,-1.0194954872131348,15.898665428161621,0.8471371531486511
primary,own_fresh,21,mg-region-t0,MG,2.1822781562805176,0.8428667187690735,19.656587600708008,1.0615997314453125,-1.120678424835205,16.049095153808594,0.8164741396903992
primary,own_fresh,21,mg-region-t1,MG,2.152510166168213,0.8515118360519409,18.39397430419922,1.4815826416015625,-0.6709275245666504,15.425616264343262,0.8386233448982239
primary,own_fresh,21,mg-region-t2,MG,2.4268083572387695,0.8570671677589417,18.368284225463867,1.3052968978881836,-1.121511459350586,15.398662567138672,0.8383288383483887
primary,own_fresh,21,mg-region-t3,MG,2.3363704681396484,0.8408215045928955,20.112403869628906,0.7825531959533691,-1.5538172721862793,16.521623611450195,0.8214644193649292
primary,own_fresh,21,ml-region-t0,ML,2.2814455032348633,0.8226950168609619,19.784915924072266,1.1078977584838867,-1.1735477447509766,15.97554874420166,0.8074610233306885
primary,own_fresh,21,ml-region-t1,ML,2.2845611572265625,0.8457778692245483,18.693464279174805,1.2935500144958496,-0.9910111427307129,15.499178886413574,0.8291229009628296
primary,own_fresh,21,ml-region-t2,ML,2.5328140258789062,0.842982828617096,18.709259033203125,1.1712570190429688,-1.3615570068359375,15.366867065429688,0.8213509321212769
primary,own_fresh,21,ml-region-t3,ML,2.521080493927002,0.8309833407402039,20.11748504638672,0.8393309116363525,-1.6817495822906494,16.29763412475586,0.8101228475570679
primary,own_fresh,21,np-currency-t0,NP,1.895890235900879,0.8587048053741455,19.549631118774414,1.2211847305297852,-0.6747055053710938,15.372509002685547,0.7863324284553528
primary,own_fresh,21,np-currency-t3,NP,1.8926925659179688,0.8657761812210083,19.06781768798828,1.075465202331543,-0.8172273635864258,14.900538444519043,0.7814496159553528
primary,own_fresh,21,np-region-t0,NP,2.062037944793701,0.8399143218994141,19.850107192993164,1.0924205780029297,-0.9696173667907715,16.21462059020996,0.8168530464172363
primary,own_fresh,21,nz-capital-t0,NZ,1.381235122680664,0.8702054619789124,17.735767364501953,1.193479061126709,-0.18775606155395508,15.161157608032227,0.8548351526260376
primary,own_fresh,21,nz-capital-t2,NZ,1.7440614700317383,0.8792059421539307,18.105195999145508,1.1148200035095215,-0.6292414665222168,15.114336967468262,0.8348066210746765
primary,own_fresh,21,nz-capital-t3,NZ,1.410041332244873,0.8688045740127563,18.151737213134766,1.2692790031433105,-0.1407623291015625,15.506011009216309,0.8542439341545105
primary,own_fresh,21,ph-capital-t1,PH,1.454312801361084,0.8775973916053772,17.330129623413086,1.631911277770996,0.1775984764099121,14.777544021606445,0.8527082204818726
primary,own_fresh,21,ph-capital-t2,PH,1.6989312171936035,0.8671751022338867,18.52646827697754,1.2019810676574707,-0.4969501495361328,15.562077522277832,0.839991569519043
primary,own_fresh,21,ph-currency-t0,PH,1.9531817436218262,0.8613398671150208,19.236671447753906,1.183675765991211,-0.7695059776306152,15.105712890625,0.7852560877799988
primary,own_fresh,21,ph-currency-t2,PH,2.2663049697875977,0.8343291878700256,19.16572380065918,1.282282829284668,-0.9840221405029297,14.783366203308105,0.771344006061554
primary,own_fresh,21,ph-currency-t3,PH,1.9784064292907715,0.8549637794494629,18.672388076782227,0.907494068145752,-1.0709123611450195,14.816146850585938,0.7934789657592773
primary,own_fresh,21,ph-region-t0,PH,2.2298245429992676,0.8470959663391113,20.14583969116211,1.279090404510498,-0.9507341384887695,16.37683868408203,0.8129141926765442
primary,own_fresh,21,ph-region-t2,PH,2.415825843811035,0.8414533138275146,18.85300064086914,1.34771728515625,-1.0681085586547852,15.697566032409668,0.8326295614242554
primary,own_fresh,21,rs-region-t1,RS,2.6142630577087402,0.8548861742019653,18.857898712158203,1.6644172668457031,-0.9498457908630371,15.647531509399414,0.8297600746154785
primary,own_fresh,21,sa-capital-t0,SA,1.5449504852294922,0.8762105107307434,18.160524368286133,1.1769952774047852,-0.36795520782470703,15.634772300720215,0.8609207272529602
primary,own_fresh,21,sa-capital-t2,SA,1.9219536781311035,0.8752647042274475,18.67259979248047,1.2301807403564453,-0.6917729377746582,15.809711456298828,0.8466796875
primary,own_fresh,21,sa-capital-t3,SA,1.5275697708129883,0.8652077913284302,18.011890411376953,1.2393865585327148,-0.28818321228027344,15.475703239440918,0.859193742275238
primary,own_fresh,21,sa-currency-t0,SA,1.8857231140136719,0.8673948049545288,19.81315040588379,1.0272059440612793,-0.8585171699523926,15.562606811523438,0.785468578338623
primary,own_fresh,21,sa-currency-t1,SA,2.042273998260498,0.867835521697998,19.67608642578125,0.7421920299530029,-1.3000819683074951,15.350964546203613,0.7801838517189026
primary,own_fresh,21,sa-currency-t2,SA,2.1256704330444336,0.8388327360153198,19.215160369873047,0.967965841293335,-1.1577045917510986,15.088337898254395,0.7852309346199036
primary,own_fresh,21,sa-currency-t3,SA,1.9044508934020996,0.8649399280548096,19.570159912109375,0.9796907901763916,-0.924760103225708,15.349580764770508,0.7843359708786011
primary,own_fresh,21,sk-region-t2,SK,2.7266578674316406,0.8453555703163147,18.63146209716797,1.073157787322998,-1.6535000801086426,15.408820152282715,0.8270322680473328
primary,own_fresh,21,sy-capital-t0,SY,1.4445137977600098,0.8735695481300354,18.032249450683594,1.2467145919799805,-0.1977992057800293,15.290648460388184,0.8479612469673157
primary,own_fresh,21,sy-capital-t1,SY,1.4913949966430664,0.863400936126709,17.775714874267578,1.7435088157653809,0.25211381912231445,14.584877014160156,0.820494532585144
primary,own_fresh,21,sy-capital-t2,SY,1.8069877624511719,0.8892214894294739,18.053939819335938,1.322288990020752,-0.4846987724304199,15.378804206848145,0.8518253564834595
primary,own_fresh,21,sy-capital-t3,SY,1.4389595985412598,0.8756756782531738,18.330446243286133,1.3064484596252441,-0.13251113891601562,15.597582817077637,0.8509112596511841
primary,own_fresh,21,td-region-t0,TD,2.2074785232543945,0.8342478275299072,19.58844566345215,1.1005377769470215,-1.106940746307373,15.788912773132324,0.8060319423675537
primary,own_fresh,21,td-region-t1,TD,2.1618528366088867,0.8468892574310303,18.665739059448242,1.3699088096618652,-0.7919440269470215,15.34508991241455,0.8220992684364319
primary,own_fresh,21,td-region-t2,TD,2.456789970397949,0.8388513326644897,18.45846939086914,1.240889072418213,-1.2159008979797363,15.091317176818848,0.8175822496414185
primary,own_fresh,21,xk-region-t1,XK,1.9433164596557617,0.8590163588523865,18.882112503051758,1.2415194511413574,-0.7017970085144043,15.583874702453613,0.8253247737884521
primary,own_fresh,21,xk-region-t2,XK,2.197662830352783,0.8461186289787292,18.624895095825195,1.117398738861084,-1.0802640914916992,15.459235191345215,0.8300307393074036
primary,own_fresh,21,af-capital-t0,AF,1.4261045455932617,0.898074209690094,17.346208572387695,1.3747591972351074,-0.0513453483581543,15.103086471557617,0.8706851601600647
primary,own_fresh,21,al-region-t1,AL,2.0534286499023438,0.8519861102104187,18.798927307128906,1.1847124099731445,-0.8687162399291992,15.657761573791504,0.8329071998596191
primary,own_fresh,21,al-region-t2,AL,2.3174381256103516,0.8457566499710083,18.497791290283203,1.2920951843261719,-1.0253429412841797,15.434974670410156,0.8344225883483887
primary,own_fresh,21,at-capital-t0,AT,1.3145089149475098,0.8885917067527771,17.751728057861328,1.1414647102355957,-0.17304420471191406,15.195055961608887,0.8559761643409729
primary,own_fresh,21,at-capital-t2,AT,1.4582653045654297,0.8790761232376099,17.806461334228516,1.060163974761963,-0.3981013298034668,14.980095863342285,0.8412730693817139
primary,own_fresh,21,at-capital-t3,AT,1.2937374114990234,0.8918584585189819,17.92401885986328,1.0510873794555664,-0.24265003204345703,15.351116180419922,0.8564550280570984
primary,own_fresh,21,at-currency-t0,AT,1.946495532989502,0.8716357350349426,19.55845069885254,1.1139683723449707,-0.8325271606445312,15.556222915649414,0.7953709363937378
primary,own_fresh,21,at-currency-t1,AT,2.0352282524108887,0.8549701571464539,19.376516342163086,1.0498905181884766,-0.9853377342224121,14.93232250213623,0.7706401944160461
primary,own_fresh,21,at-currency-t2,AT,2.1003284454345703,0.8446340560913086,18.973756790161133,1.3000197410583496,-0.8003087043762207,14.666206359863281,0.7729732394218445
primary,own_fresh,21,at-currency-t3,AT,1.9114503860473633,0.8604919910430908,19.145225524902344,1.2910475730895996,-0.6204028129577637,14.956695556640625,0.7812232375144958
primary,own_fresh,21,at-region-t1,AT,2.2454323768615723,0.863082230091095,19.029630661010742,1.2676100730895996,-0.9778223037719727,15.787421226501465,0.8296231031417847
primary,own_fresh,21,at-region-t2,AT,2.537536144256592,0.8495831489562988,18.732757568359375,1.000655174255371,-1.5368809700012207,15.74999713897705,0.8407730460166931
primary,own_fresh,21,bi-region-t0,BI,2.108121395111084,0.8412539958953857,19.320459365844727,0.8532350063323975,-1.2548863887786865,15.720830917358398,0.8136882781982422
primary,own_fresh,21,bi-region-t1,BI,2.1254024505615234,0.8597724437713623,18.38228988647461,1.2705888748168945,-0.8548135757446289,15.351887702941895,0.8351455330848694
primary,own_fresh,21,bi-region-t2,BI,2.3022775650024414,0.8462367653846741,18.278587341308594,1.174929141998291,-1.1273484230041504,15.166839599609375,0.829759955406189
primary,own_fresh,21,bi-region-t3,BI,2.1879310607910156,0.8350706696510315,19.787609100341797,0.7874269485473633,-1.4005041122436523,16.138004302978516,0.8155611157417297
primary,own_fresh,21,ci-region-t0,CI,2.352293014526367,0.8321834802627563,20.00684928894043,1.0071420669555664,-1.3451509475708008,16.181011199951172,0.8087735772132874
primary,own_fresh,21,ci-region-t1,CI,2.293905258178711,0.846024751663208,18.956226348876953,1.4555296897888184,-0.8383755683898926,15.785611152648926,0.8327401876449585
primary,own_fresh,21,ci-region-t2,CI,2.489509105682373,0.8499141335487366,18.796388626098633,1.201848030090332,-1.287661075592041,15.418574333190918,0.8202944993972778
primary,own_fresh,21,ci-region-t3,CI,2.436196804046631,0.8274499177932739,20.459348678588867,0.7422149181365967,-1.6939818859100342,16.580425262451172,0.8104082942008972
primary,own_fresh,21,cz-capital-t0,CZ,1.3676714897155762,0.8929126262664795,17.751855850219727,1.3663787841796875,-0.0012927055358886719,15.16329574584961,0.8541808724403381
primary,own_fresh,21,cz-capital-t1,CZ,1.4144845008850098,0.8738674521446228,17.784494400024414,1.5899500846862793,0.17546558380126953,14.847091674804688,0.8348335027694702
primary,own_fresh,21,cz-capital-t2,CZ,1.5868492126464844,0.8910937309265137,18.35283660888672,1.2402167320251465,-0.3466324806213379,15.497611045837402,0.8444259166717529
primary,own_fresh,21,cz-region-t2,CZ,2.586167335510254,0.8390103578567505,18.954673767089844,1.20955228805542,-1.376615047454834,15.82737922668457,0.8350119590759277
primary,own_fresh,21,gn-region-t1,GN,2.2901406288146973,0.8459392786026001,18.514223098754883,1.6094603538513184,-0.6806802749633789,15.228052139282227,0.8225055932998657
primary,own_fresh,21,gn-region-t2,GN,2.763960361480713,0.8321258425712585,18.742259979248047,1.564640998840332,-1.1993193626403809,15.454512596130371,0.8245810866355896
primary,own_fresh,21,gq-region-t1,GQ,2.4219207763671875,0.8424031734466553,18.692522048950195,1.463369369506836,-0.9585514068603516,15.24758243560791,0.8157049417495728
primary,own_fresh,21,iq-capital-t0,IQ,1.3107919692993164,0.8935034871101379,17.070995330810547,1.4919180870056152,0.18112611770629883,14.994213104248047,0.8783444166183472
primary,own_fresh,21,iq-capital-t1,IQ,1.407857894897461,0.8813911080360413,17.31535530090332,1.4619665145874023,0.054108619689941406,14.86741828918457,0.8586262464523315
primary,own_fresh,21,iq-capital-t2,IQ,1.45587158203125,0.904441773891449,17.766395568847656,1.3165884017944336,-0.1392831802368164,15.381400108337402,0.8657580614089966
primary,own_fresh,21,ke-capital-t0,KE,1.395958423614502,0.881939709186554,18.16099739074707,1.5426344871520996,0.14667606353759766,15.425271987915039,0.8493626117706299
primary,own_fresh,21,ke-capital-t1,KE,1.4850373268127441,0.8788819313049316,18.195423126220703,1.5356736183166504,0.05063629150390625,15.388465881347656,0.8457328081130981
primary,own_fresh,21,ke-capital-t2,KE,1.6829285621643066,0.8944370746612549,18.27293586730957,1.5335602760314941,-0.1493682861328125,15.5568265914917,0.8513588905334473
primary,own_fresh,21,ke-capital-t3,KE,1.4054641723632812,0.8914421200752258,18.253910064697266,1.4173235893249512,0.011859416961669922,15.565443992614746,0.8527183532714844
primary,own_fresh,21,ke-region-t0,KE,2.287872791290283,0.8470168709754944,20.172401428222656,1.1812033653259277,-1.1066694259643555,16.47776985168457,0.8168472051620483
primary,own_fresh,21,ke-region-t1,KE,2.306605815887451,0.8486038446426392,19.127912521362305,1.5599899291992188,-0.7466158866882324,15.804204940795898,0.8262378573417664
primary,own_fresh,21,ke-region-t2,KE,2.451056480407715,0.8385710716247559,18.92639923095703,1.283891201019287,-1.1671652793884277,15.53711986541748,0.8209232091903687
primary,own_fresh,21,ke-region-t3,KE,2.4216079711914062,0.840408444404602,20.647090911865234,1.057795524597168,-1.3638124465942383,16.811574935913086,0.8142345547676086
primary,own_fresh,21,kp-capital-t0,KP,1.4621610641479492,0.8890296816825867,17.05655860900879,1.1729826927185059,-0.28917837142944336,14.712015151977539,0.862542986869812
primary,own_fresh,21,kp-capital-t2,KP,1.6822795867919922,0.8826066851615906,18.00750732421875,1.266347885131836,-0.41593170166015625,15.224900245666504,0.8454751372337341
primary,own_fresh,21,kr-capital-t0,KR,1.5453433990478516,0.8747181296348572,18.3317928314209,1.3192262649536133,-0.22611713409423828,15.581748962402344,0.8499850034713745
primary,own_fresh,21,kr-capital-t1,KR,1.5775446891784668,0.8592710494995117,18.26654815673828,1.4351520538330078,-0.14239263534545898,15.262076377868652,0.8355205655097961
primary,own_fresh,21,kr-capital-t2,KR,1.8920221328735352,0.8731812238693237,18.704023361206055,1.210526466369629,-0.6814956665039062,15.555901527404785,0.8316874504089355
primary,own_fresh,21,kr-capital-t3,KR,1.5066652297973633,0.8656266331672668,18.183210372924805,1.1875371932983398,-0.31912803649902344,15.534790992736816,0.8543480634689331
primary,own_fresh,21,kr-region-t0,KR,2.5852227210998535,0.8454415798187256,20.39467430114746,0.9763569831848145,-1.608865737915039,16.529104232788086,0.8104618191719055
primary,own_fresh,21,kr-region-t1,KR,2.2369070053100586,0.8485960364341736,19.277233123779297,1.3098316192626953,-0.9270753860473633,15.919961929321289,0.8258426785469055
primary,own_fresh,21,kr-region-t2,KR,2.5381274223327637,0.8416516780853271,19.004417419433594,1.2703661918640137,-1.26776123046875,15.421905517578125,0.8114905953407288
primary,own_fresh,21,lk-capital-t0,LK,1.4008331298828125,0.8826155066490173,18.028892517089844,1.475367546081543,0.07453441619873047,15.262961387634277,0.8465834259986877
primary,own_fresh,21,lk-capital-t1,LK,1.5207901000976562,0.8672851920127869,18.048336029052734,1.579167366027832,0.05837726593017578,15.053811073303223,0.8340830206871033
primary,own_fresh,21,lk-capital-t2,LK,1.7663745880126953,0.8653027415275574,18.392911911010742,1.433328628540039,-0.33304595947265625,15.163982391357422,0.8244470953941345
primary,own_fresh,21,lk-capital-t3,LK,1.3937759399414062,0.8824940919876099,18.069095611572266,1.7218918800354004,0.32811594009399414,15.333256721496582,0.8485901355743408
primary,own_fresh,21,sd-region-t0,SD,2.135735511779785,0.8502978086471558,20.125843048095703,0.9212641716003418,-1.2144713401794434,16.263164520263672,0.8080736994743347
primary,own_fresh,21,sd-region-t1,SD,2.129448890686035,0.8460866212844849,19.129390716552734,1.4980759620666504,-0.6313729286193848,15.629569053649902,0.8170447945594788
primary,own_fresh,21,sd-region-t2,SD,2.284419059753418,0.8420141339302063,18.79621696472168,1.285266399383545,-0.999152660369873,15.324383735656738,0.8152908682823181
primary,own_fresh,21,sd-region-t3,SD,2.245774745941162,0.8307714462280273,20.409286499023438,0.9851570129394531,-1.260617733001709,16.387697219848633,0.8029529452323914
primary,own_fresh,21,sl-region-t0,SL,2.138822078704834,0.8328609466552734,19.781105041503906,0.9158711433410645,-1.2229509353637695,16.063196182250977,0.8120474815368652
primary,own_fresh,21,sl-region-t2,SL,2.3931140899658203,0.8415153622627258,18.545095443725586,1.3060927391052246,-1.0870213508605957,15.278424263000488,0.8238525390625
primary,own_fresh,21,tr-capital-t0,TR,1.394850730895996,0.8824526071548462,17.652734756469727,1.335007667541504,-0.05984306335449219,15.072582244873047,0.8538383841514587
primary,own_fresh,21,tr-capital-t1,TR,1.4518074989318848,0.8732051849365234,17.735336303710938,1.3298721313476562,-0.12193536758422852,15.101122856140137,0.8514708876609802
primary,own_fresh,21,tr-capital-t2,TR,1.8157172203063965,0.8890847563743591,18.36187171936035,1.4029479026794434,-0.4127693176269531,15.556303977966309,0.8472068905830383
primary,own_fresh,21,tr-currency-t0,TR,1.9812026023864746,0.8489101529121399,19.556425094604492,1.127734661102295,-0.8534679412841797,15.420097351074219,0.7884926199913025
primary,own_fresh,21,tr-currency-t2,TR,2.1699719429016113,0.8237017393112183,19.280561447143555,1.3642115592956543,-0.805760383605957,14.836564064025879,0.7695088982582092
primary,own_fresh,21,tr-currency-t3,TR,1.9665231704711914,0.8376917243003845,19.364980697631836,1.321239948272705,-0.6452832221984863,15.105968475341797,0.7800662517547607
primary,own_fresh,21,ua-region-t1,UA,2.0869569778442383,0.8476853370666504,19.026193618774414,1.3468661308288574,-0.7400908470153809,15.743672370910645,0.8274735808372498
primary,own_fresh,21,ua-region-t2,UA,2.299626350402832,0.8465943336486816,18.728479385375977,1.5380544662475586,-0.7615718841552734,15.483613014221191,0.8267415761947632
primary,own_fresh,22,cu-capital-t0,CU,2.316401481628418,0.8871500492095947,18.937803268432617,1.9275164604187012,-0.3888850212097168,16.14160919189453,0.8523485660552979
primary,own_fresh,22,cu-capital-t1,CU,2.7072391510009766,0.8614277839660645,19.63096046447754,1.9859437942504883,-0.7212953567504883,16.509777069091797,0.8410071134567261
primary,own_fresh,22,cu-capital-t2,CU,3.0938034057617188,0.8633300065994263,19.5767822265625,1.7088184356689453,-1.3849849700927734,16.577482223510742,0.846792995929718
primary,own_fresh,22,cu-capital-t3,CU,2.179635524749756,0.8824633359909058,19.007164001464844,1.9844326972961426,-0.19520282745361328,16.68446922302246,0.8777989745140076
primary,own_fresh,22,fi-capital-t0,FI,2.5183401107788086,0.8738311529159546,20.11344337463379,1.6087989807128906,-0.909541130065918,16.863550186157227,0.8384218215942383
primary,own_fresh,22,fi-capital-t1,FI,2.5542006492614746,0.8667968511581421,20.23238754272461,1.7319269180297852,-0.8222737312316895,16.68844223022461,0.8248379826545715
primary,own_fresh,22,fi-capital-t2,FI,2.932150363922119,0.8764355182647705,20.181230545043945,1.4025311470031738,-1.5296192169189453,17.03885269165039,0.8442920446395874
primary,own_fresh,22,fi-currency-t0,FI,1.4993901252746582,0.8759620189666748,21.663970947265625,0.8395421504974365,-0.6598479747772217,17.445735931396484,0.8052880167961121
primary,own_fresh,22,fi-currency-t1,FI,1.5982513427734375,0.8562459945678711,21.11879539489746,0.9853346347808838,-0.6129167079925537,16.84088706970215,0.7974359393119812
primary,own_fresh,22,fi-currency-t2,FI,1.746732234954834,0.8493356704711914,21.021944046020508,1.0875163078308105,-0.6592159271240234,16.891944885253906,0.8035386800765991
primary,own_fresh,22,fi-currency-t3,FI,1.4740276336669922,0.8571974635124207,20.98395347595215,0.9630398750305176,-0.5109877586364746,16.538034439086914,0.7881276607513428
primary,own_fresh,22,fi-region-t1,FI,2.3847899436950684,0.8366140127182007,21.051822662353516,1.2639169692993164,-1.120872974395752,17.86422348022461,0.8485832214355469
primary,own_fresh,22,fi-region-t2,FI,2.7329330444335938,0.8164113759994507,20.568822860717773,1.1489601135253906,-1.5839729309082031,17.76604652404785,0.8637366890907288
primary,own_fresh,22,gm-region-t1,GM,2.4757871627807617,0.8448585271835327,20.684280395507812,1.3936305046081543,-1.0821566581726074,17.464509963989258,0.8443373441696167
primary,own_fresh,22,gm-region-t2,GM,2.4555678367614746,0.8384160995483398,20.639293670654297,1.2726216316223145,-1.1829462051391602,17.59726905822754,0.8526100516319275
primary,own_fresh,22,ie-capital-t0,IE,2.3798208236694336,0.875544011592865,20.449979782104492,1.6444973945617676,-0.735323429107666,17.133888244628906,0.8378437757492065
primary,own_fresh,22,ie-capital-t1,IE,2.491163730621338,0.8816173076629639,20.388107299804688,1.7160882949829102,-0.7750754356384277,17.114091873168945,0.839415431022644
primary,own_fresh,22,ie-capital-t2,IE,2.9715723991394043,0.8676518201828003,20.09542465209961,1.5774626731872559,-1.3941097259521484,16.917686462402344,0.8418675661087036
primary,own_fresh,22,ie-capital-t3,IE,2.2691402435302734,0.8832839727401733,20.41492462158203,1.6022405624389648,-0.6668996810913086,17.47031593322754,0.8557619452476501
primary,own_fresh,22,ie-currency-t0,IE,1.740860939025879,0.8696751594543457,22.221038818359375,0.809981107711792,-0.9308798313140869,17.861974716186523,0.8038316965103149
primary,own_fresh,22,ie-currency-t1,IE,1.8659453392028809,0.8586503863334656,21.33009910583496,0.8948454856872559,-0.971099853515625,17.072799682617188,0.8004088401794434
primary,own_fresh,22,ie-currency-t2,IE,1.9231290817260742,0.8504382371902466,21.01691246032715,1.2369942665100098,-0.6861348152160645,16.870969772338867,0.8027330040931702
primary,own_fresh,22,ie-currency-t3,IE,1.7116975784301758,0.8648543357849121,21.36459732055664,0.9259748458862305,-0.7857227325439453,17.15106773376465,0.8027798533439636
primary,own_fresh,22,ie-region-t1,IE,2.4282660484313965,0.8388599157333374,21.021520614624023,1.4749703407287598,-0.9532957077026367,17.989717483520508,0.8557762503623962
primary,own_fresh,22,ie-region-t2,IE,2.9477248191833496,0.8267693519592285,20.533098220825195,1.5319743156433105,-1.415750503540039,17.84343719482422,0.8690085411071777
primary,own_fresh,22,mg-region-t0,MG,2.4896860122680664,0.8217917680740356,21.01881980895996,1.0886964797973633,-1.4009895324707031,16.965070724487305,0.8071371912956238
primary,own_fresh,22,mg-region-t1,MG,2.336376667022705,0.8465098142623901,20.355751037597656,1.3600091934204102,-0.9763674736022949,17.256866455078125,0.8477636575698853
primary,own_fresh,22,mg-region-t2,MG,2.490234375,0.8487476706504822,20.443513870239258,1.2877197265625,-1.2025146484375,17.281227111816406,0.8453158736228943
primary,own_fresh,22,mg-region-t3,MG,2.6129937171936035,0.8103881478309631,21.231122970581055,1.026259422302246,-1.5867342948913574,17.267520904541016,0.8133116960525513
primary,own_fresh,22,ml-region-t0,ML,2.633269786834717,0.8040513396263123,21.061237335205078,0.9894728660583496,-1.6437969207763672,16.925199508666992,0.8036184906959534
primary,own_fresh,22,ml-region-t1,ML,2.5004377365112305,0.8417552709579468,20.550386428833008,1.332143783569336,-1.1682939529418945,17.39761734008789,0.8465834856033325
primary,own_fresh,22,ml-region-t2,ML,2.5306034088134766,0.8402833342552185,20.663732528686523,1.304377555847168,-1.2262258529663086,17.350387573242188,0.8396540880203247
primary,own_fresh,22,ml-region-t3,ML,2.875278949737549,0.8090113401412964,21.188871383666992,1.034052848815918,-1.8412261009216309,17.134410858154297,0.8086513876914978
primary,own_fresh,22,np-currency-t0,NP,1.6169991493225098,0.8728868961334229,21.875024795532227,0.7323286533355713,-0.8846704959869385,17.28401756286621,0.7901256084442139
primary,own_fresh,22,np-currency-t3,NP,1.6015772819519043,0.870386004447937,21.127811431884766,0.9032363891601562,-0.698340892791748,16.819381713867188,0.7960777878761292
primary,own_fresh,22,np-region-t0,NP,2.6018691062927246,0.8209351301193237,21.328868865966797,1.126598834991455,-1.4752702713012695,17.40319061279297,0.8159453272819519
primary,own_fresh,22,nz-capital-t0,NZ,2.3032774925231934,0.8659952878952026,19.887672424316406,1.5639071464538574,-0.7393703460693359,16.54525375366211,0.8319351673126221
primary,own_fresh,22,nz-capital-t2,NZ,3.106724739074707,0.8664174675941467,20.272911071777344,1.7019543647766113,-1.4047703742980957,16.798336029052734,0.8286099433898926
primary,own_fresh,22,nz-capital-t3,NZ,2.267098903656006,0.8679944276809692,20.254547119140625,1.6392121315002441,-0.6278867721557617,17.108522415161133,0.8446756601333618
primary,own_fresh,22,ph-capital-t1,PH,2.261478900909424,0.8673475980758667,19.595060348510742,1.8536467552185059,-0.40783214569091797,16.38845443725586,0.8363564014434814
primary,own_fresh,22,ph-capital-t2,PH,2.6479439735412598,0.8607817888259888,20.532657623291016,1.5245871543884277,-1.123356819152832,16.79548454284668,0.8179888129234314
primary,own_fresh,22,ph-currency-t0,PH,1.6721596717834473,0.8706812262535095,21.560998916625977,0.9031822681427002,-0.7689774036407471,17.117849349975586,0.7939265370368958
primary,own_fresh,22,ph-currency-t2,PH,2.0077314376831055,0.8540705442428589,21.13524627685547,1.3337721824645996,-0.6739592552185059,16.538591384887695,0.782512366771698
primary,own_fresh,22,ph-currency-t3,PH,1.730034351348877,0.8609881401062012,20.71760368347168,0.9335944652557373,-0.7964398860931396,16.511642456054688,0.7969861030578613
primary,own_fresh,22,ph-region-t0,PH,2.7485713958740234,0.8273818492889404,21.692873001098633,1.1521992683410645,-1.596372127532959,17.488710403442383,0.8061961531639099
primary,own_fresh,22,ph-region-t2,PH,2.683859348297119,0.8307327032089233,20.802213668823242,1.238081455230713,-1.4457778930664062,17.74570083618164,0.853067934513092
primary,own_fresh,22,rs-region-t1,RS,3.282998561859131,0.8430211544036865,21.045988082885742,1.6665277481079102,-1.6164708137512207,17.54368782043457,0.8335882425308228
primary,own_fresh,22,sa-capital-t0,SA,2.478015899658203,0.8650155067443848,19.967464447021484,1.4313545227050781,-1.046661376953125,16.9212589263916,0.847441554069519
primary,own_fresh,22,sa-capital-t2,SA,2.8439321517944336,0.8674658536911011,20.4364013671875,1.6721887588500977,-1.171743392944336,17.20850372314453,0.8420515656471252
primary,own_fresh,22,sa-capital-t3,SA,2.4165492057800293,0.8616238832473755,19.72287940979004,1.4469213485717773,-0.969627857208252,16.841442108154297,0.8539038300514221
primary,own_fresh,22,sa-currency-t0,SA,1.5945167541503906,0.8685304522514343,21.938215255737305,0.8692409992218018,-0.7252757549285889,17.752758026123047,0.8092161417007446
primary,own_fresh,22,sa-currency-t1,SA,1.8041939735412598,0.8624586462974548,21.271507263183594,0.8485076427459717,-0.9556863307952881,17.272180557250977,0.8119866847991943
primary,own_fresh,22,sa-currency-t2,SA,1.8692150115966797,0.8575483560562134,21.088869094848633,0.7203733921051025,-1.1488416194915771,16.889188766479492,0.8008579611778259
primary,own_fresh,22,sa-currency-t3,SA,1.6665372848510742,0.8653374910354614,21.317882537841797,0.9721803665161133,-0.6943569183349609,17.150672912597656,0.8045204877853394
primary,own_fresh,22,sk-region-t2,SK,2.829146385192871,0.8312172889709473,20.41150665283203,1.1550688743591309,-1.6740775108337402,17.258899688720703,0.8455475568771362
primary,own_fresh,22,sy-capital-t0,SY,2.494192123413086,0.8658465147018433,19.982240676879883,1.6026568412780762,-0.8915352821350098,16.67528533935547,0.8345052599906921
primary,own_fresh,22,sy-capital-t1,SY,2.5399889945983887,0.860251784324646,19.939136505126953,2.0507216453552246,-0.48926734924316406,15.98293399810791,0.8015860915184021
primary,own_fresh,22,sy-capital-t2,SY,2.7968311309814453,0.8770043849945068,19.85091781616211,1.6978864669799805,-1.0989446640014648,16.585050582885742,0.835480272769928
primary,own_fresh,22,sy-capital-t3,SY,2.492434024810791,0.871513843536377,20.23018455505371,1.6124906539916992,-0.8799433708190918,16.978010177612305,0.8392415046691895
primary,own_fresh,22,td-region-t0,TD,2.514389991760254,0.8129943609237671,20.805540084838867,0.973707914352417,-1.540682077407837,16.848386764526367,0.8098028898239136
primary,own_fresh,22,td-region-t1,TD,2.401334762573242,0.8455693125724792,20.54960060119629,1.442671298980713,-0.9586634635925293,17.358245849609375,0.8446999192237854
primary,own_fresh,22,td-region-t2,TD,2.5206708908081055,0.841096043586731,20.48542022705078,1.3009753227233887,-1.2196955680847168,17.13871955871582,0.83663010597229
primary,own_fresh,22,xk-region-t1,XK,2.240276336669922,0.8500266671180725,20.905324935913086,1.4258079528808594,-0.8144683837890625,17.72684097290039,0.8479581475257874
primary,own_fresh,22,xk-region-t2,XK,2.3218297958374023,0.8440345525741577,20.611515045166016,1.2898058891296387,-1.0320239067077637,17.717327117919922,0.8595839142799377
primary,own_fresh,22,af-capital-t0,AF,2.4674620628356934,0.8881875276565552,19.423389434814453,1.8229713439941406,-0.6444907188415527,16.767717361450195,0.8632745146751404
primary,own_fresh,22,al-region-t1,AL,2.268914222717285,0.8453323245048523,20.825733184814453,1.4458727836608887,-0.8230414390563965,17.85057258605957,0.8571401834487915
primary,own_fresh,22,al-region-t2,AL,2.4322195053100586,0.837407648563385,20.463233947753906,0.989516019821167,-1.4427034854888916,17.733661651611328,0.8666108846664429
primary,own_fresh,22,at-capital-t0,AT,2.566985607147217,0.8773172497749329,19.98536491394043,1.5245437622070312,-1.0424418449401855,16.724178314208984,0.8368212580680847
primary,own_fresh,22,at-capital-t2,AT,2.9722371101379395,0.871049165725708,19.769149780273438,1.382009506225586,-1.5902276039123535,16.19074821472168,0.8189906477928162
primary,own_fresh,22,at-capital-t3,AT,2.47182035446167,0.8860623240470886,20.079248428344727,1.3604483604431152,-1.1113719940185547,17.32835578918457,0.8629982471466064
primary,own_fresh,22,at-currency-t0,AT,1.5574660301208496,0.8740774393081665,21.57463836669922,0.9592978954315186,-0.598168134689331,17.648483276367188,0.8180198669433594
primary,own_fresh,22,at-currency-t1,AT,1.7065610885620117,0.8669139742851257,20.927419662475586,0.927445650100708,-0.7791154384613037,16.577552795410156,0.7921450734138489
primary,own_fresh,22,at-currency-t2,AT,1.736015796661377,0.8515013456344604,20.318355560302734,1.2247834205627441,-0.5112323760986328,16.201669692993164,0.7973908185958862
primary,own_fresh,22,at-currency-t3,AT,1.5556292533874512,0.8688414692878723,20.774169921875,0.9863662719726562,-0.5692629814147949,16.63251304626465,0.8006343245506287
primary,own_fresh,22,at-region-t1,AT,2.700540065765381,0.8501668572425842,20.882177352905273,1.5076847076416016,-1.1928553581237793,17.917722702026367,0.8580390214920044
primary,own_fresh,22,at-region-t2,AT,2.9392189979553223,0.8346071243286133,20.57271957397461,1.3355083465576172,-1.603710651397705,17.83022117614746,0.8666924834251404
primary,own_fresh,22,bi-region-t0,BI,2.3558592796325684,0.8215553760528564,20.689987182617188,0.9515888690948486,-1.4042704105377197,17.016035079956055,0.8224285244941711
primary,own_fresh,22,bi-region-t1,BI,2.3524351119995117,0.8549602627754211,20.27984046936035,1.547722339630127,-0.8047127723693848,17.569780349731445,0.8663668036460876
primary,own_fresh,22,bi-region-t2,BI,2.424095630645752,0.8459030389785767,20.298738479614258,1.2697701454162598,-1.1543254852294922,17.20781898498535,0.8477284908294678
primary,own_fresh,22,bi-region-t3,BI,2.3994531631469727,0.8113107085227966,20.95305824279785,0.8929555416107178,-1.5064976215362549,17.48765754699707,0.8346112370491028
primary,own_fresh,22,ci-region-t0,CI,2.550403118133545,0.8139891624450684,21.38526153564453,0.9349713325500488,-1.615431785583496,17.286130905151367,0.8083198070526123
primary,own_fresh,22,ci-region-t1,CI,2.372706890106201,0.8447504043579102,20.813739776611328,1.550384521484375,-0.8223223686218262,17.676176071166992,0.8492551445960999
primary,own_fresh,22,ci-region-t2,CI,2.476926803588867,0.8499225974082947,20.824325561523438,1.3419513702392578,-1.1349754333496094,17.57726287841797,0.8440735936164856
primary,own_fresh,22,ci-region-t3,CI,2.611668109893799,0.8082901239395142,21.677865982055664,0.8976144790649414,-1.7140536308288574,17.778541564941406,0.8201241493225098
primary,own_fresh,22,cz-capital-t0,CZ,2.4805736541748047,0.8795944452285767,19.73279571533203,1.5871696472167969,-0.8934040069580078,16.34528160095215,0.8283307552337646
primary,own_fresh,22,cz-capital-t1,CZ,2.547921657562256,0.8577925562858582,19.988441467285156,1.8654351234436035,-0.6824865341186523,16.47994041442871,0.82447350025177
primary,own_fresh,22,cz-capital-t2,CZ,2.878420352935791,0.872058629989624,20.207714080810547,1.4328579902648926,-1.4455623626708984,16.669504165649414,0.8249079585075378
primary,own_fresh,22,cz-region-t2,CZ,2.9028124809265137,0.8253363966941833,20.736221313476562,1.250699520111084,-1.6521129608154297,17.7860107421875,0.8577266931533813
primary,own_fresh,22,gn-region-t1,GN,2.3453502655029297,0.8446561694145203,20.479047775268555,1.5331931114196777,-0.812157154083252,17.304019927978516,0.8449621200561523
primary,own_fresh,22,gn-region-t2,GN,2.62477970123291,0.8217992186546326,20.65776824951172,1.501171588897705,-1.123608112335205,17.497581481933594,0.8470218777656555
primary,own_fresh,22,gq-region-t1,GQ,2.661609649658203,0.8405876159667969,20.65960121154785,1.476696491241455,-1.184913158416748,17.34044075012207,0.8393405079841614
primary,own_fresh,22,iq-capital-t0,IQ,2.034632682800293,0.8848128318786621,19.23830223083496,1.6919822692871094,-0.3426504135131836,16.527437210083008,0.8590902090072632
primary,own_fresh,22,iq-capital-t1,IQ,2.200422763824463,0.8735897541046143,19.581668853759766,1.8009710311889648,-0.39945173263549805,16.55137062072754,0.8452482223510742
primary,own_fresh,22,iq-capital-t2,IQ,2.1601619720458984,0.8941375017166138,19.858976364135742,1.7134919166564941,-0.4466700553894043,17.22860336303711,0.8675473928451538
primary,own_fresh,22,ke-capital-t0,KE,2.216421604156494,0.8712128400802612,20.12348175048828,1.8636517524719238,-0.3527698516845703,16.788034439086914,0.8342509865760803
primary,own_fresh,22,ke-capital-t1,KE,2.34476375579834,0.8664565086364746,20.45035171508789,1.9630703926086426,-0.38169336318969727,16.993005752563477,0.830939531326294
primary,own_fresh,22,ke-capital-t2,KE,2.4684534072875977,0.8839385509490967,20.13413429260254,1.884608268737793,-0.5838451385498047,16.98494529724121,0.8435895442962646
primary,own_fresh,22,ke-capital-t3,KE,2.1512484550476074,0.8832615613937378,20.106243133544922,1.7433371543884277,-0.4079113006591797,17.177574157714844,0.8543403148651123
primary,own_fresh,22,ke-region-t0,KE,2.6101913452148438,0.8220497369766235,21.712709426879883,1.0890135765075684,-1.5211777687072754,17.643177032470703,0.8125737309455872
primary,own_fresh,22,ke-region-t1,KE,2.474823474884033,0.8446006178855896,21.06174659729004,1.4597349166870117,-1.0150885581970215,17.695573806762695,0.840175986289978
primary,own_fresh,22,ke-region-t2,KE,2.4602670669555664,0.8349854350090027,20.812957763671875,1.1936397552490234,-1.266627311706543,17.55722999572754,0.8435720801353455
primary,own_fresh,22,ke-region-t3,KE,2.588479518890381,0.8135223388671875,21.906862258911133,1.1560802459716797,-1.4323992729187012,17.871105194091797,0.8157765865325928
primary,own_fresh,22,kp-capital-t0,KP,2.358243942260742,0.8766506314277649,18.713809967041016,1.6411519050598145,-0.7170920372009277,16.03963279724121,0.8571013808250427
primary,own_fresh,22,kp-capital-t2,KP,2.696450710296631,0.8671573996543884,19.476327896118164,1.6220793724060059,-1.074371337890625,16.450111389160156,0.8446207642555237
primary,own_fresh,22,kr-capital-t0,KR,2.349310874938965,0.864611804485321,20.03984832763672,1.6958413124084473,-0.6534695625305176,16.720645904541016,0.8343698978424072
primary,own_fresh,22,kr-capital-t1,KR,2.4424891471862793,0.851681113243103,20.11771011352539,1.7696852684020996,-0.6728038787841797,16.746023178100586,0.8324020504951477
primary,own_fresh,22,kr-capital-t2,KR,2.92063045501709,0.8607651591300964,20.40626335144043,1.686384677886963,-1.234245777130127,16.883649826049805,0.8273758888244629
primary,own_fresh,22,kr-capital-t3,KR,2.257380485534668,0.8651436567306519,19.87546730041504,1.5330023765563965,-0.7243781089782715,16.920202255249023,0.8513109087944031
primary,own_fresh,22,kr-region-t0,KR,3.2633981704711914,0.8195151090621948,21.8829288482666,1.0432038307189941,-2.2201943397521973,17.54572105407715,0.801799476146698
primary,own_fresh,22,kr-region-t1,KR,2.6710009574890137,0.8377063870429993,21.026159286499023,1.4226651191711426,-1.248335838317871,17.49302864074707,0.8319650292396545
primary,own_fresh,22,kr-region-t2,KR,2.79921293258667,0.8292018175125122,20.616668701171875,1.346750259399414,-1.4524626731872559,17.10364532470703,0.8296027779579163
primary,own_fresh,22,lk-capital-t0,LK,2.138240337371826,0.8745843172073364,19.96473503112793,1.7405729293823242,-0.39766740798950195,16.635847091674805,0.8332616090774536
primary,own_fresh,22,lk-capital-t1,LK,2.4090018272399902,0.8600890040397644,20.45570945739746,1.892807960510254,-0.5161938667297363,16.79250144958496,0.8209200501441956
primary,own_fresh,22,lk-capital-t2,LK,2.832545280456543,0.8606311678886414,20.231903076171875,1.8164758682250977,-1.0160694122314453,16.4954833984375,0.8153204321861267
primary,own_fresh,22,lk-capital-t3,LK,2.10691499710083,0.8793489933013916,19.868099212646484,2.0158872604370117,-0.09102773666381836,16.652849197387695,0.8381702303886414
primary,own_fresh,22,sd-region-t0,SD,2.4432764053344727,0.8230898380279541,21.57200813293457,0.9564683437347412,-1.4868080615997314,17.620885848999023,0.8168402910232544
primary,own_fresh,22,sd-region-t1,SD,2.3543686866760254,0.839947521686554,21.10528564453125,1.2631549835205078,-1.0912137031555176,17.74717903137207,0.8408879041671753
primary,own_fresh,22,sd-region-t2,SD,2.3029885292053223,0.8346920609474182,20.8045597076416,1.2388277053833008,-1.0641608238220215,17.662673950195312,0.8489809036254883
primary,own_fresh,22,sd-region-t3,SD,2.488964080810547,0.8095899224281311,21.624698638916016,0.9701864719390869,-1.51877760887146,17.586824417114258,0.8132749199867249
primary,own_fresh,22,sl-region-t0,SL,2.436018466949463,0.8166050910949707,21.101327896118164,1.0640792846679688,-1.3719391822814941,17.172203063964844,0.8137972950935364
primary,own_fresh,22,sl-region-t2,SL,2.5171895027160645,0.8402773141860962,20.60302734375,1.3620805740356445,-1.15510892868042,17.40574073791504,0.8448147177696228
primary,own_fresh,22,tr-capital-t0,TR,2.5026512145996094,0.8699332475662231,19.7617130279541,1.7480287551879883,-0.7546224594116211,16.42867088317871,0.8313384056091309
primary,own_fresh,22,tr-capital-t1,TR,2.587233066558838,0.8638235330581665,20.08092498779297,1.5604448318481445,-1.0267882347106934,16.6507511138916,0.829182505607605
primary,own_fresh,22,tr-capital-t2,TR,3.2320661544799805,0.8734756708145142,20.45427131652832,1.5229945182800293,-1.7090716361999512,16.899751663208008,0.8262211680412292
primary,own_fresh,22,tr-currency-t0,TR,1.6218376159667969,0.8577486872673035,21.846027374267578,0.9208121299743652,-0.7010254859924316,17.45233726501465,0.7988792061805725
primary,own_fresh,22,tr-currency-t2,TR,1.8555207252502441,0.8464543223381042,21.14061164855957,1.0752325057983398,-0.7802882194519043,16.62455177307129,0.786379873752594
primary,own_fresh,22,tr-currency-t3,TR,1.6111259460449219,0.8495549559593201,21.317710876464844,1.0191760063171387,-0.5919499397277832,16.866819381713867,0.7912115454673767
primary,own_fresh,22,ua-region-t1,UA,2.4513983726501465,0.8394004106521606,20.707271575927734,1.4319796562194824,-1.019418716430664,17.69634437561035,0.8545956611633301
primary,own_fresh,22,ua-region-t2,UA,2.578864097595215,0.8347516059875488,20.534704208374023,1.4540610313415527,-1.124803066253662,17.614578247070312,0.8577955961227417
replicate,published,16,cu-capital-t0,CU,1.0454425811767578,0.9939934611320496,11.587957382202148,0.8359155654907227,-0.20952701568603516,11.520403861999512,0.9941703677177429
replicate,published,16,cu-capital-t1,CU,1.0971145629882812,0.9942601323127747,10.61550521850586,0.7197074890136719,-0.3774070739746094,10.560916900634766,0.994857668876648
replicate,published,16,cu-capital-t2,CU,1.5963845252990723,0.993090808391571,10.405017852783203,0.9619572162628174,-0.6344273090362549,10.35886001586914,0.9955638647079468
replicate,published,16,cu-capital-t3,CU,1.1171646118164062,0.9961903095245361,11.175196647644043,0.6432185173034668,-0.47394609451293945,11.112151145935059,0.9943584203720093
replicate,published,16,fi-capital-t0,FI,0.8426210880279541,0.9874611496925354,11.848790168762207,0.649176836013794,-0.19344425201416016,11.711304664611816,0.9883966445922852
replicate,published,16,fi-capital-t1,FI,1.019439697265625,0.9924403429031372,10.92563533782959,0.8248653411865234,-0.19457435607910156,10.870902061462402,0.9949904084205627
replicate,published,16,fi-capital-t2,FI,1.6964120864868164,0.9943419098854065,10.841988563537598,0.7952370643615723,-0.9011750221252441,10.781484603881836,0.9944194555282593
replicate,published,16,fi-currency-t0,FI,1.0596585273742676,0.9927494525909424,10.845568656921387,0.8245551586151123,-0.23510336875915527,10.786270141601562,0.9945324659347534
replicate,published,16,fi-currency-t1,FI,0.9652397632598877,0.994078516960144,10.637109756469727,0.5136551856994629,-0.4515845775604248,10.574203491210938,0.9940861463546753
replicate,published,16,fi-currency-t2,FI,1.3373699188232422,0.991868793964386,10.123590469360352,0.6729738712310791,-0.6643960475921631,10.0794677734375,0.9956415891647339
replicate,published,16,fi-currency-t3,FI,1.2077703475952148,0.9944517612457275,10.584074020385742,0.4738340377807617,-0.7339363098144531,10.529630661010742,0.9948561191558838
replicate,published,16,fi-region-t1,FI,1.214853286743164,0.9935717582702637,10.482470512390137,0.8412954807281494,-0.37355780601501465,10.427862167358398,0.9947904944419861
replicate,published,16,fi-region-t2,FI,1.0850777626037598,0.9944833517074585,10.626937866210938,0.9139950275421143,-0.1710827350616455,10.589581489562988,0.9964847564697266
replicate,published,16,gm-region-t1,GM,1.2688751220703125,0.9951104521751404,10.337055206298828,0.6051113605499268,-0.6637637615203857,10.270794868469238,0.9935899972915649
replicate,published,16,gm-region-t2,GM,1.0673670768737793,0.9951316118240356,10.448996543884277,0.7950077056884766,-0.27235937118530273,10.397913932800293,0.9951112270355225
replicate,published,16,ie-capital-t0,IE,0.8839719295501709,0.9864832162857056,12.039779663085938,0.750551700592041,-0.13342022895812988,11.903205871582031,0.9886564612388611
replicate,published,16,ie-capital-t1,IE,1.0727534294128418,0.9927213788032532,10.915010452270508,0.8075985908508301,-0.2651548385620117,10.857402801513672,0.9947221875190735
replicate,published,16,ie-capital-t2,IE,1.8938755989074707,0.9943405985832214,10.73973560333252,0.7779908180236816,-1.115884780883789,10.680453300476074,0.9944800734519958
replicate,published,16,ie-capital-t3,IE,0.905778169631958,0.9944015741348267,11.623119354248047,0.7384467124938965,-0.16733145713806152,11.572761535644531,0.9956674575805664
replicate,published,16,ie-currency-t0,IE,1.079911231994629,0.9919480681419373,10.837950706481934,0.891294002532959,-0.18861722946166992,10.786364555358887,0.9952402114868164
replicate,published,16,ie-currency-t1,IE,0.9954874515533447,0.9929118156433105,10.675878524780273,0.4986286163330078,-0.4968588352203369,10.611928939819336,0.9940099120140076
replicate,published,16,ie-currency-t2,IE,1.5342073440551758,0.9924582242965698,10.140935897827148,0.6004374027252197,-0.933769941329956,10.100093841552734,0.9959725737571716
replicate,published,16,ie-currency-t3,IE,1.242652416229248,0.9941669702529907,10.778321266174316,0.45383763313293457,-0.7888147830963135,10.726245880126953,0.9951685070991516
replicate,published,16,ie-region-t1,IE,1.3406195640563965,0.9942212104797363,10.474642753601074,0.672431230545044,-0.6681883335113525,10.410408020019531,0.9938675761222839
replicate,published,16,ie-region-t2,IE,1.0677599906921387,0.9941662549972534,10.625127792358398,1.1014337539672852,0.033673763275146484,10.58678150177002,0.9963909983634949
replicate,published,16,mg-region-t0,MG,0.9987916946411133,0.981501579284668,10.627228736877441,0.75374436378479,-0.24504733085632324,10.435091972351074,0.9819203615188599
replicate,published,16,mg-region-t1,MG,1.2281780242919922,0.9949445724487305,10.358713150024414,0.6610434055328369,-0.5671346187591553,10.292220115661621,0.9935809373855591
replicate,published,16,mg-region-t2,MG,0.978036642074585,0.993755042552948,10.523051261901855,0.9707047939300537,-0.00733184814453125,10.47751235961914,0.9956724643707275
replicate,published,16,mg-region-t3,MG,1.5191650390625,0.9745450019836426,11.511432647705078,0.5794446468353271,-0.9397203922271729,11.246113777160645,0.9769517183303833
replicate,published,16,ml-region-t0,ML,1.015761375427246,0.9773009419441223,10.668622016906738,0.9454996585845947,-0.07026171684265137,10.46922779083252,0.9813101887702942
replicate,published,16,ml-region-t1,ML,1.1782259941101074,0.9940382242202759,10.323344230651855,0.8159708976745605,-0.3622550964355469,10.266596794128418,0.9945030212402344
replicate,published,16,ml-region-t2,ML,0.994908332824707,0.9937803745269775,10.404168128967285,0.9051165580749512,-0.08979177474975586,10.356269836425781,0.9953962564468384
replicate,published,16,ml-region-t3,ML,1.49629545211792,0.9712010025978088,11.408581733703613,0.9395098686218262,-0.5567855834960938,11.157047271728516,0.9779521822929382
replicate,published,16,np-currency-t0,NP,1.0418968200683594,0.9933239221572876,10.714569091796875,0.5481069087982178,-0.4937899112701416,10.659344673156738,0.9948458671569824
replicate,published,16,np-currency-t3,NP,1.1516032218933105,0.993750810623169,10.582489013671875,0.46616148948669434,-0.6854417324066162,10.530447959899902,0.9950823187828064
replicate,published,16,np-region-t0,NP,1.036233901977539,0.9800570011138916,10.688050270080566,0.8684484958648682,-0.1677854061126709,10.484234809875488,0.980930507183075
replicate,published,16,nz-capital-t0,NZ,0.8494434356689453,0.9872157573699951,11.439443588256836,0.6785047054290771,-0.17093873023986816,11.311737060546875,0.9888362884521484
replicate,published,16,nz-capital-t2,NZ,1.3240633010864258,0.9959759712219238,10.581624984741211,0.6932191848754883,-0.6308441162109375,10.530680656433105,0.9951856136322021
replicate,published,16,nz-capital-t3,NZ,0.8877863883972168,0.9830515384674072,11.315271377563477,0.6267712116241455,-0.2610151767730713,11.169376373291016,0.9871063828468323
replicate,published,16,ph-capital-t1,PH,1.12575101852417,0.9934478402137756,10.680758476257324,0.7555174827575684,-0.37023353576660156,10.625655174255371,0.9948408603668213
replicate,published,16,ph-capital-t2,PH,1.488560676574707,0.9948234558105469,10.666054725646973,0.7781777381896973,-0.7103829383850098,10.612811088562012,0.995008111000061
replicate,published,16,ph-currency-t0,PH,1.209524154663086,0.9921451210975647,10.624249458312988,0.7494645118713379,-0.46005964279174805,10.556846618652344,0.9936557412147522
replicate,published,16,ph-currency-t2,PH,1.3692903518676758,0.9937639832496643,9.969084739685059,0.5848784446716309,-0.7844119071960449,9.919849395751953,0.9950612187385559
replicate,published,16,ph-currency-t3,PH,1.2259807586669922,0.9929110407829285,10.358031272888184,0.6219604015350342,-0.604020357131958,10.304463386535645,0.9948283433914185
replicate,published,16,ph-region-t0,PH,1.0343146324157715,0.9808427691459656,10.68837833404541,0.7611901760101318,-0.27312445640563965,10.490235328674316,0.9814618229866028
replicate,published,16,ph-region-t2,PH,1.1262774467468262,0.9940108060836792,10.710046768188477,0.9876623153686523,-0.13861513137817383,10.667134284973145,0.9959932565689087
replicate,published,16,rs-region-t1,RS,1.010610580444336,0.9935764074325562,10.409648895263672,1.157334804534912,0.14672422409057617,10.363951683044434,0.9956101179122925
replicate,published,16,sa-capital-t0,SA,0.9192276000976562,0.9943154454231262,11.523317337036133,0.6641831398010254,-0.25504446029663086,11.46907901763916,0.995293140411377
replicate,published,16,sa-capital-t2,SA,1.6256403923034668,0.9936329126358032,10.69493579864502,0.7154839038848877,-0.9101564884185791,10.639129638671875,0.994782030582428
replicate,published,16,sa-capital-t3,SA,0.912832498550415,0.9863185286521912,11.257865905761719,0.6530580520629883,-0.25977444648742676,11.12452220916748,0.9881554841995239
replicate,published,16,sa-currency-t0,SA,1.1489977836608887,0.9911817908287048,10.730619430541992,0.8075599670410156,-0.34143781661987305,10.670869827270508,0.9944318532943726
replicate,published,16,sa-currency-t1,SA,0.9848251342773438,0.9928651452064514,10.513538360595703,0.47269201278686523,-0.5121331214904785,10.447267532348633,0.9936966300010681
replicate,published,16,sa-currency-t2,SA,1.3831772804260254,0.993172287940979,9.987384796142578,0.5231227874755859,-0.8600544929504395,9.937751770019531,0.995030403137207
replicate,published,16,sa-currency-t3,SA,1.2381210327148438,0.9930879473686218,10.538290023803711,0.44522857666015625,-0.7928924560546875,10.482912063598633,0.9947450757026672
replicate,published,16,sk-region-t2,SK,0.9871184825897217,0.994805634021759,10.418126106262207,0.8260259628295898,-0.16109251976013184,10.375082015991211,0.9958683252334595
replicate,published,16,sy-capital-t0,SY,0.8937954902648926,0.9868800640106201,11.775399208068848,0.5619494915008545,-0.3318459987640381,11.627582550048828,0.9874470233917236
replicate,published,16,sy-capital-t1,SY,1.019866943359375,0.9936234354972839,10.815159797668457,0.7268948554992676,-0.2929720878601074,10.760682106018066,0.9949628114700317
replicate,published,16,sy-capital-t2,SY,1.8034777641296387,0.9939931035041809,10.70151138305664,0.7979922294616699,-1.0054855346679688,10.647537231445312,0.994956374168396
replicate,published,16,sy-capital-t3,SY,0.9126932621002197,0.9865041971206665,11.493346214294434,0.599470853805542,-0.31322240829467773,11.352496147155762,0.9877451062202454
replicate,published,16,td-region-t0,TD,0.9931554794311523,0.9819201827049255,10.605947494506836,0.7895851135253906,-0.20357036590576172,10.411219596862793,0.9816397428512573
replicate,published,16,td-region-t1,TD,1.199145793914795,0.9938543438911438,10.336278915405273,0.7952687740325928,-0.40387701988220215,10.28038501739502,0.9945924282073975
replicate,published,16,td-region-t2,TD,0.9495449066162109,0.9948433041572571,10.406805992126465,0.7863280773162842,-0.16321682929992676,10.359210968017578,0.9954265356063843
replicate,published,16,xk-region-t1,XK,1.1659965515136719,0.9934045076370239,10.36658000946045,0.8927738666534424,-0.2732226848602295,10.310935974121094,0.994632363319397
replicate,published,16,xk-region-t2,XK,1.0253911018371582,0.9937272667884827,10.503485679626465,1.1388673782348633,0.11347627639770508,10.462224006652832,0.9960716366767883
replicate,published,16,af-capital-t0,AF,0.9024183750152588,0.9869998693466187,11.273981094360352,0.6291277408599854,-0.27329063415527344,11.139273643493652,0.9880514740943909
replicate,published,16,al-region-t1,AL,1.1509642601013184,0.9934982657432556,10.377833366394043,0.9392824172973633,-0.21168184280395508,10.322953224182129,0.9947118163108826
replicate,published,16,al-region-t2,AL,1.0522785186767578,0.9944068789482117,10.5133638381958,0.9684240818023682,-0.08385443687438965,10.475679397583008,0.9964155554771423
replicate,published,16,at-capital-t0,AT,0.8550026416778564,0.9867345690727234,11.822216033935547,0.6688690185546875,-0.18613362312316895,11.683913230895996,0.9883014559745789
replicate,published,16,at-capital-t2,AT,1.619969367980957,0.9943578839302063,10.619178771972656,0.7222836017608643,-0.8976857662200928,10.56278133392334,0.9946891069412231
replicate,published,16,at-capital-t3,AT,0.8942110538482666,0.9872732162475586,11.45355224609375,0.5665218830108643,-0.32768917083740234,11.324141502380371,0.9887012839317322
replicate,published,16,at-currency-t0,AT,1.023228645324707,0.9927384853363037,10.853249549865723,0.8572142124176025,-0.1660144329071045,10.801864624023438,0.9952654838562012
replicate,published,16,at-currency-t1,AT,0.9618823528289795,0.9944877028465271,10.636190414428711,0.45767807960510254,-0.504204273223877,10.570343017578125,0.9938091039657593
replicate,published,16,at-currency-t2,AT,1.3351693153381348,0.9940145015716553,10.007823944091797,0.52734375,-0.8078255653381348,9.962672233581543,0.9954883456230164
replicate,published,16,at-currency-t3,AT,1.264230728149414,0.9945738911628723,10.754758834838867,0.4710712432861328,-0.7931594848632812,10.702882766723633,0.9951764345169067
replicate,published,16,at-region-t1,AT,1.2148470878601074,0.9936841726303101,10.44119644165039,0.863274335861206,-0.35157275199890137,10.386183738708496,0.9947311878204346
replicate,published,16,at-region-t2,AT,1.0357518196105957,0.993459939956665,10.574268341064453,1.1831846237182617,0.14743280410766602,10.536526679992676,0.9964308142662048
replicate,published,16,bi-region-t0,BI,1.0292620658874512,0.9813425540924072,10.584941864013672,0.8071870803833008,-0.2220749855041504,10.38718318939209,0.9813169836997986
replicate,published,16,bi-region-t1,BI,1.153761863708496,0.9963723421096802,10.363038063049316,0.5899958610534668,-0.5637660026550293,10.301895141601562,0.9940999150276184
replicate,published,16,bi-region-t2,BI,0.9374740123748779,0.992995023727417,10.484556198120117,1.215202808380127,0.277728796005249,10.443451881408691,0.9960795640945435
replicate,published,16,bi-region-t3,BI,1.5360031127929688,0.9718065857887268,11.380085945129395,0.6805868148803711,-0.8554162979125977,11.111166954040527,0.976369321346283
replicate,published,16,ci-region-t0,CI,1.04400634765625,0.9796431064605713,10.674169540405273,0.9455761909484863,-0.09843015670776367,10.475845336914062,0.9814201593399048
replicate,published,16,ci-region-t1,CI,1.2099967002868652,0.9925774335861206,10.49085521697998,1.0889177322387695,-0.1210789680480957,10.433220863342285,0.9945062398910522
replicate,published,16,ci-region-t2,CI,0.9945724010467529,0.994542121887207,10.583673477172852,0.9646310806274414,-0.029941320419311523,10.542228698730469,0.9960840940475464
replicate,published,16,ci-region-t3,CI,1.5428361892700195,0.9730352759361267,11.483577728271484,0.8937771320343018,-0.6490590572357178,11.220499992370605,0.9770909547805786
replicate,published,16,cz-capital-t0,CZ,0.8863120079040527,0.9866014719009399,11.567965507507324,0.597203254699707,-0.2891087532043457,11.420129776000977,0.9872202277183533
replicate,published,16,cz-capital-t1,CZ,1.0106730461120605,0.9934895038604736,10.689751625061035,0.7602171897888184,-0.2504558563232422,10.635700225830078,0.9949436187744141
replicate,published,16,cz-capital-t2,CZ,1.5497827529907227,0.9947188496589661,10.672213554382324,0.9665207862854004,-0.5832619667053223,10.617756843566895,0.9948973655700684
replicate,published,16,cz-region-t2,CZ,1.0549726486206055,0.9934623837471008,10.521245956420898,1.2102603912353516,0.1552877426147461,10.483186721801758,0.9963826537132263
replicate,published,16,gn-region-t1,GN,1.1635642051696777,0.9953146576881409,10.26162338256836,0.6134951114654541,-0.5500690937042236,10.198497772216797,0.9938483834266663
replicate,published,16,gn-region-t2,GN,1.0001983642578125,0.9942783117294312,10.429573059082031,0.8099737167358398,-0.19022464752197266,10.381547927856445,0.995395302772522
replicate,published,16,gq-region-t1,GQ,1.0708632469177246,0.9934309720993042,10.3936767578125,1.0333647727966309,-0.03749847412109375,10.341512680053711,0.9949811697006226
replicate,published,16,iq-capital-t0,IQ,0.9031894207000732,0.986359715461731,11.268400192260742,0.6850829124450684,-0.21810650825500488,11.135379791259766,0.9881953001022339
replicate,published,16,iq-capital-t1,IQ,1.0697083473205566,0.9925253391265869,10.585667610168457,0.7542281150817871,-0.31548023223876953,10.532938003540039,0.9950187802314758
replicate,published,16,iq-capital-t2,IQ,1.8366241455078125,0.9932295680046082,10.453018188476562,0.7847855091094971,-1.0518386363983154,10.398319244384766,0.9947671890258789
replicate,published,16,ke-capital-t0,KE,0.8945369720458984,0.9945977926254272,11.618339538574219,0.7100429534912109,-0.1844940185546875,11.564495086669922,0.995365560054779
replicate,published,16,ke-capital-t1,KE,1.0380949974060059,0.9925373792648315,10.876500129699707,0.7255165576934814,-0.3125784397125244,10.820432662963867,0.9948450922966003
replicate,published,16,ke-capital-t2,KE,1.5729708671569824,0.9949786067008972,10.605085372924805,0.7346944808959961,-0.8382763862609863,10.549225807189941,0.9947327375411987
replicate,published,16,ke-capital-t3,KE,0.9308595657348633,0.9949831962585449,11.33781623840332,0.7486472129821777,-0.18221235275268555,11.284725189208984,0.9953173398971558
replicate,published,16,ke-region-t0,KE,1.0314555168151855,0.9804915189743042,10.718621253967285,0.7936880588531494,-0.23776745796203613,10.516624450683594,0.9811545610427856
replicate,published,16,ke-region-t1,KE,1.2314486503601074,0.9945515394210815,10.472306251525879,0.6987402439117432,-0.5327084064483643,10.405806541442871,0.993649959564209
replicate,published,16,ke-region-t2,KE,1.0383663177490234,0.9933205842971802,10.556087493896484,1.1447978019714355,0.10643148422241211,10.513937950134277,0.9960070848464966
replicate,published,16,ke-region-t3,KE,1.5399160385131836,0.9689940214157104,11.511629104614258,0.9723641872406006,-0.567551851272583,11.253839492797852,0.9776061773300171
replicate,published,16,kp-capital-t0,KP,0.931171178817749,0.9861037135124207,11.382351875305176,0.6569085121154785,-0.2742626667022705,11.24024486541748,0.9875151515007019
replicate,published,16,kp-capital-t2,KP,1.466334342956543,0.9949383735656738,10.519620895385742,1.0030431747436523,-0.4632911682128906,10.466768264770508,0.9949758052825928
replicate,published,16,kr-capital-t0,KR,0.9196960926055908,0.9855453968048096,11.804146766662598,0.5652294158935547,-0.35446667671203613,11.645419120788574,0.9865532517433167
replicate,published,16,kr-capital-t1,KR,1.042595386505127,0.9932733178138733,10.75767993927002,0.7919778823852539,-0.25061750411987305,10.696762084960938,0.994337260723114
replicate,published,16,kr-capital-t2,KR,1.5220704078674316,0.9935498833656311,10.638081550598145,0.9483790397644043,-0.5736913681030273,10.580439567565918,0.9945815205574036
replicate,published,16,kr-capital-t3,KR,0.9190444946289062,0.9862368106842041,11.51448917388916,0.5604543685913086,-0.35859012603759766,11.36241626739502,0.9867929220199585
replicate,published,16,kr-region-t0,KR,0.9993162155151367,0.9816982746124268,10.626692771911621,0.7715761661529541,-0.22774004936218262,10.42918586730957,0.9814140796661377
replicate,published,16,kr-region-t1,KR,1.1108860969543457,0.9929943084716797,10.43635368347168,0.9826107025146484,-0.12827539443969727,10.380706787109375,0.9946679472923279
replicate,published,16,kr-region-t2,KR,1.0442357063293457,0.9932451248168945,10.674209594726562,1.153317928314209,0.10908222198486328,10.635052680969238,0.9963316321372986
replicate,published,16,lk-capital-t0,LK,0.8491032123565674,0.9867509007453918,11.21728801727295,0.6422665119171143,-0.20683670043945312,11.077178955078125,0.987509548664093
replicate,published,16,lk-capital-t1,LK,1.0667033195495605,0.9936836957931519,10.5189790725708,0.7494072914123535,-0.31729602813720703,10.468725204467773,0.9952225685119629
replicate,published,16,lk-capital-t2,LK,1.358595371246338,0.9954257011413574,10.277270317077637,0.7564907073974609,-0.602104663848877,10.22465991973877,0.9948809146881104
replicate,published,16,lk-capital-t3,LK,0.8769586086273193,0.9953875541687012,10.775662422180176,0.666750431060791,-0.21020817756652832,10.730049133300781,0.9957669973373413
replicate,published,16,sd-region-t0,SD,0.9753026962280273,0.9825987219810486,10.586587905883789,0.7391645908355713,-0.23613810539245605,10.397591590881348,0.9821475744247437
replicate,published,16,sd-region-t1,SD,1.157895565032959,0.9935845136642456,10.386944770812988,0.8916754722595215,-0.2662200927734375,10.330352783203125,0.9945515990257263
replicate,published,16,sd-region-t2,SD,0.9882678985595703,0.9946972727775574,10.397835731506348,0.9387774467468262,-0.04949045181274414,10.360404014587402,0.9964000582695007
replicate,published,16,sd-region-t3,SD,1.4271302223205566,0.9714801907539368,11.350232124328613,1.0365705490112305,-0.39055967330932617,11.104884147644043,0.9783838987350464
replicate,published,16,sl-region-t0,SL,0.9955875873565674,0.9777870178222656,10.708988189697266,0.961362361907959,-0.0342252254486084,10.512779235839844,0.9816781282424927
replicate,published,16,sl-region-t2,SL,1.0226616859436035,0.9947960376739502,10.505965232849121,0.8010976314544678,-0.22156405448913574,10.460355758666992,0.9956586956977844
replicate,published,16,tr-capital-t0,TR,0.9269816875457764,0.9872478246688843,11.847724914550781,0.5850861072540283,-0.34189558029174805,11.705852508544922,0.9880253672599792
replicate,published,16,tr-capital-t1,TR,1.0474762916564941,0.9927999973297119,10.84933090209961,0.8112766742706299,-0.23619961738586426,10.794120788574219,0.9949111938476562
replicate,published,16,tr-capital-t2,TR,1.7808361053466797,0.9923256635665894,10.821871757507324,1.118560791015625,-0.6622753143310547,10.769930839538574,0.9952003955841064
replicate,published,16,tr-currency-t0,TR,1.0143423080444336,0.9938272833824158,10.671581268310547,0.6719999313354492,-0.3423423767089844,10.615676879882812,0.9947613477706909
replicate,published,16,tr-currency-t2,TR,1.4626622200012207,0.9935552477836609,10.084013938903809,0.5482356548309326,-0.9144265651702881,10.044764518737793,0.9961077570915222
replicate,published,16,tr-currency-t3,TR,1.2680864334106445,0.9935238361358643,10.559752464294434,0.5896291732788086,-0.6784572601318359,10.50622844696045,0.9949313402175903
replicate,published,16,ua-region-t1,UA,1.191925048828125,0.9918830394744873,10.442448616027832,1.1861639022827148,-0.005761146545410156,10.388360977172852,0.9948204159736633
replicate,published,16,ua-region-t2,UA,1.1712760925292969,0.9937485456466675,10.537551879882812,1.065859317779541,-0.10541677474975586,10.49637508392334,0.9960923790931702
replicate,published,18,cu-capital-t0,CU,1.2981677055358887,0.9693881869316101,13.009726524353027,0.9324228763580322,-0.36574482917785645,12.420051574707031,0.9546743035316467
replicate,published,18,cu-capital-t1,CU,1.3033208847045898,0.9665471315383911,12.258365631103516,1.129378318786621,-0.17394256591796875,11.674525260925293,0.9523720741271973
replicate,published,18,cu-capital-t2,CU,1.1937379837036133,0.9599594473838806,12.266864776611328,1.3777637481689453,0.18402576446533203,11.624223709106445,0.9476116299629211
replicate,published,18,cu-capital-t3,CU,1.264453411102295,0.9648739099502563,12.647817611694336,1.0265884399414062,-0.23786497116088867,12.079689979553223,0.9550809860229492
replicate,published,18,fi-capital-t0,FI,1.1350417137145996,0.964724063873291,13.408507347106934,1.4058837890625,0.2708420753479004,12.72574234008789,0.949079692363739
replicate,published,18,fi-capital-t1,FI,1.3064184188842773,0.9705641269683838,12.580453872680664,1.1098456382751465,-0.19657278060913086,12.050838470458984,0.9579017162322998
replicate,published,18,fi-capital-t2,FI,1.2165307998657227,0.9730136394500732,12.743134498596191,1.2748265266418457,0.05829572677612305,12.17310619354248,0.9552677869796753
replicate,published,18,fi-currency-t0,FI,1.0321283340454102,0.9741864204406738,12.37913703918457,0.982628583908081,-0.0494997501373291,11.803491592407227,0.9534987211227417
replicate,published,18,fi-currency-t1,FI,1.0737109184265137,0.9629747867584229,12.357297897338867,1.189753532409668,0.1160426139831543,11.6895751953125,0.9459652900695801
replicate,published,18,fi-currency-t2,FI,1.0733332633972168,0.9550308585166931,12.353565216064453,1.1928210258483887,0.11948776245117188,11.562104225158691,0.9359325766563416
replicate,published,18,fi-currency-t3,FI,1.0317835807800293,0.961996853351593,12.101160049438477,1.2446184158325195,0.21283483505249023,11.57862663269043,0.9568195343017578
replicate,published,18,fi-region-t1,FI,1.1797246932983398,0.9636849164962769,12.904850006103516,1.5864453315734863,0.4067206382751465,12.22800350189209,0.9475510120391846
replicate,published,18,fi-region-t2,FI,1.1632919311523438,0.9640635251998901,13.133840560913086,0.8899261951446533,-0.27336573600769043,12.373448371887207,0.9421043395996094
replicate,published,18,gm-region-t1,GM,1.2136807441711426,0.9630212783813477,12.465829849243164,1.2914576530456543,0.07777690887451172,11.812284469604492,0.9475730657577515
replicate,published,18,gm-region-t2,GM,1.110640525817871,0.9619628190994263,12.753849029541016,1.09428071975708,-0.016359806060791016,12.021486282348633,0.9425771236419678
replicate,published,18,ie-capital-t0,IE,1.1324834823608398,0.9612460136413574,13.615283966064453,1.414989948272705,0.28250646591186523,12.821427345275879,0.9416937232017517
replicate,published,18,ie-capital-t1,IE,1.2454333305358887,0.9723783135414124,12.629258155822754,1.1818642616271973,-0.0635690689086914,12.001425743103027,0.9502874612808228
replicate,published,18,ie-capital-t2,IE,1.2054252624511719,0.9752926826477051,12.557172775268555,1.2383604049682617,0.032935142517089844,11.96394157409668,0.9527575969696045
replicate,published,18,ie-capital-t3,IE,1.1353888511657715,0.973574697971344,13.184832572937012,1.1126761436462402,-0.02271270751953125,12.618049621582031,0.9570124745368958
replicate,published,18,ie-currency-t0,IE,1.0126433372497559,0.9713969826698303,12.52973747253418,0.9598937034606934,-0.0527496337890625,11.852946281433105,0.9459851980209351
replicate,published,18,ie-currency-t1,IE,1.0991554260253906,0.961142897605896,12.470136642456055,1.0250310897827148,-0.07412433624267578,11.696855545043945,0.937989354133606
replicate,published,18,ie-currency-t2,IE,1.040419578552246,0.9611457586288452,12.314218521118164,1.0211749076843262,-0.019244670867919922,11.557475090026855,0.9385471940040588
replicate,published,18,ie-currency-t3,IE,1.0389599800109863,0.9616312384605408,12.3799467086792,1.3228960037231445,0.2839360237121582,11.751235008239746,0.949215292930603
replicate,published,18,ie-region-t1,IE,1.224952220916748,0.9632757902145386,12.942049026489258,1.2992277145385742,0.07427549362182617,12.26167106628418,0.9474288821220398
replicate,published,18,ie-region-t2,IE,1.1015520095825195,0.9667765498161316,13.209356307983398,1.0513091087341309,-0.05024290084838867,12.468673706054688,0.9439274072647095
replicate,published,18,mg-region-t0,MG,1.297539234161377,0.9604182243347168,13.096744537353516,1.307384967803955,0.009845733642578125,12.25599193572998,0.9358044862747192
replicate,published,18,mg-region-t1,MG,1.2506599426269531,0.9616986513137817,12.467123985290527,1.8921046257019043,0.6414446830749512,11.741130828857422,0.9417673945426941
replicate,published,18,mg-region-t2,MG,1.1776618957519531,0.9606167078018188,12.829108238220215,1.4441819190979004,0.26652002334594727,12.037426948547363,0.9382902383804321
replicate,published,18,mg-region-t3,MG,1.5638728141784668,0.9494755268096924,13.562222480773926,1.3012042045593262,-0.2626686096191406,12.649638175964355,0.9327113032341003
replicate,published,18,ml-region-t0,ML,1.309816837310791,0.9474349021911621,13.152338981628418,1.4340591430664062,0.12424230575561523,12.253985404968262,0.9316962957382202
replicate,published,18,ml-region-t1,ML,1.2437186241149902,0.9667805433273315,12.615910530090332,1.7792963981628418,0.5355777740478516,11.948770523071289,0.9471191763877869
replicate,published,18,ml-region-t2,ML,1.166212558746338,0.9670606851577759,12.874120712280273,1.5042228698730469,0.338010311126709,12.149650573730469,0.943726658821106
replicate,published,18,ml-region-t3,ML,1.573594093322754,0.9446709752082825,13.451437950134277,1.486717700958252,-0.08687639236450195,12.522876739501953,0.9309693574905396
replicate,published,18,np-currency-t0,NP,1.0286364555358887,0.967136025428772,12.182741165161133,1.0776920318603516,0.04905557632446289,11.576569557189941,0.9502434134483337
replicate,published,18,np-currency-t3,NP,1.0630898475646973,0.9683560132980347,12.090365409851074,0.8154871463775635,-0.2476027011871338,11.476823806762695,0.9492536783218384
replicate,published,18,np-region-t0,NP,1.3597517013549805,0.9550772905349731,13.278592109680176,1.3107776641845703,-0.048974037170410156,12.347944259643555,0.9299136400222778
replicate,published,18,nz-capital-t0,NZ,1.1146764755249023,0.9586647748947144,13.136513710021973,1.8592791557312012,0.7446026802062988,12.454679489135742,0.9480962753295898
replicate,published,18,nz-capital-t2,NZ,1.0680441856384277,0.9640791416168213,12.427214622497559,1.13191556930542,0.06387138366699219,11.799419403076172,0.9494822025299072
replicate,published,18,nz-capital-t3,NZ,1.0667939186096191,0.9603602886199951,13.149803161621094,1.541822910308838,0.47502899169921875,12.41912841796875,0.9444345235824585
replicate,published,18,ph-capital-t1,PH,1.3088083267211914,0.9605149030685425,12.2769193649292,1.5865015983581543,0.2776932716369629,11.709615707397461,0.9537910223007202
replicate,published,18,ph-capital-t2,PH,1.1425933837890625,0.9672141671180725,12.786038398742676,1.1160645484924316,-0.02652883529663086,12.075766563415527,0.9444494247436523
replicate,published,18,ph-currency-t0,PH,0.9675610065460205,0.9689911603927612,12.394055366516113,1.1011099815368652,0.13354897499084473,11.772350311279297,0.9498384594917297
replicate,published,18,ph-currency-t2,PH,1.1050219535827637,0.9612978100776672,12.046090126037598,1.2600984573364258,0.1550765037536621,11.295629501342773,0.9377008676528931
replicate,published,18,ph-currency-t3,PH,0.9720890522003174,0.9628084301948547,12.195033073425293,1.3219361305236816,0.34984707832336426,11.620185852050781,0.9528622031211853
replicate,published,18,ph-region-t0,PH,1.3519163131713867,0.9546047449111938,13.231768608093262,1.233572006225586,-0.11834430694580078,12.365617752075195,0.9345400333404541
replicate,published,18,ph-region-t2,PH,1.1290020942687988,0.962029755115509,13.37450885772705,1.0121941566467285,-0.11680793762207031,12.552360534667969,0.9385287165641785
replicate,published,18,rs-region-t1,RS,1.1617603302001953,0.9679592251777649,12.616133689880371,1.91973876953125,0.7579784393310547,11.968597412109375,0.9486739635467529
replicate,published,18,sa-capital-t0,SA,1.1075921058654785,0.9693498611450195,13.237797737121582,1.2689008712768555,0.16130876541137695,12.603851318359375,0.9521108865737915
replicate,published,18,sa-capital-t2,SA,1.1666288375854492,0.9643537998199463,12.812460899353027,0.9613909721374512,-0.20523786544799805,12.05206298828125,0.9406517148017883
replicate,published,18,sa-capital-t3,SA,1.1247949600219727,0.9595290422439575,12.897916793823242,1.3647150993347168,0.23992013931274414,12.109015464782715,0.9388349652290344
replicate,published,18,sa-currency-t0,SA,1.0079174041748047,0.9660207033157349,12.329472541809082,1.1077518463134766,0.09983444213867188,11.675949096679688,0.9469950199127197
replicate,published,18,sa-currency-t1,SA,1.0683927536010742,0.9601038098335266,12.46363353729248,0.8859024047851562,-0.18249034881591797,11.728106498718262,0.940986156463623
replicate,published,18,sa-currency-t2,SA,1.087881088256836,0.9574750065803528,12.171351432800293,0.960634708404541,-0.12724637985229492,11.31702995300293,0.9298087954521179
replicate,published,18,sa-currency-t3,SA,1.033200740814209,0.962181031703949,12.309595108032227,1.124356746673584,0.091156005859375,11.683518409729004,0.9491391181945801
replicate,published,18,sk-region-t2,SK,1.1111526489257812,0.9642086029052734,12.967016220092773,1.3257017135620117,0.21454906463623047,12.163825035095215,0.9380589127540588
replicate,published,18,sy-capital-t0,SY,1.1738529205322266,0.9611222147941589,13.200102806091309,1.3658008575439453,0.19194793701171875,12.443071365356445,0.9426496028900146
replicate,published,18,sy-capital-t1,SY,1.243342399597168,0.9654315710067749,12.41055679321289,1.3875398635864258,0.1441974639892578,11.791449546813965,0.9501144886016846
replicate,published,18,sy-capital-t2,SY,1.2942724227905273,0.972765326499939,12.502023696899414,1.1297402381896973,-0.16453218460083008,11.882487297058105,0.9504451155662537
replicate,published,18,sy-capital-t3,SY,1.1572728157043457,0.9575777053833008,12.969810485839844,1.0684280395507812,-0.08884477615356445,12.178726196289062,0.9390057325363159
replicate,published,18,td-region-t0,TD,1.3027701377868652,0.9608738422393799,12.948663711547852,1.4246783256530762,0.12190818786621094,12.140336990356445,0.9375745058059692
replicate,published,18,td-region-t1,TD,1.2596569061279297,0.9649943113327026,12.428425788879395,1.8392901420593262,0.5796332359313965,11.740735054016113,0.9446679353713989
replicate,published,18,td-region-t2,TD,1.1898932456970215,0.9608588218688965,12.69289779663086,1.7209053039550781,0.5310120582580566,11.970036506652832,0.943049967288971
replicate,published,18,xk-region-t1,XK,1.1637287139892578,0.9575490355491638,12.652589797973633,1.7168574333190918,0.553128719329834,11.904245376586914,0.9408544301986694
replicate,published,18,xk-region-t2,XK,1.1283154487609863,0.9652518630027771,12.960223197937012,1.3478269577026367,0.2195115089416504,12.199690818786621,0.9413179755210876
replicate,published,18,af-capital-t0,AF,1.2231440544128418,0.9645416736602783,12.860894203186035,1.276750087738037,0.05360603332519531,12.204728126525879,0.9489797353744507
replicate,published,18,al-region-t1,AL,1.1936988830566406,0.9590835571289062,12.704355239868164,1.638056755065918,0.44435787200927734,11.987836837768555,0.943600594997406
replicate,published,18,al-region-t2,AL,1.129321575164795,0.9695902466773987,12.994271278381348,1.1192731857299805,-0.010048389434814453,12.25562858581543,0.9431563019752502
replicate,published,18,at-capital-t0,AT,1.2081007957458496,0.9590556621551514,13.277835845947266,1.1107683181762695,-0.09733247756958008,12.543754577636719,0.9447137713432312
replicate,published,18,at-capital-t2,AT,1.102454662322998,0.9652000665664673,12.642807960510254,1.1894402503967285,0.08698558807373047,11.991503715515137,0.9484841823577881
replicate,published,18,at-capital-t3,AT,1.2180228233337402,0.9650789499282837,13.031112670898438,1.2104315757751465,-0.00759124755859375,12.309256553649902,0.9446051716804504
replicate,published,18,at-currency-t0,AT,1.0298428535461426,0.9736533164978027,12.36404037475586,1.096367359161377,0.06652450561523438,11.746737480163574,0.950072705745697
replicate,published,18,at-currency-t1,AT,1.0598530769348145,0.9647065997123718,12.338418960571289,1.0679984092712402,0.008145332336425781,11.632303237915039,0.9427709579467773
replicate,published,18,at-currency-t2,AT,1.0866508483886719,0.9577399492263794,12.487667083740234,1.0684442520141602,-0.01820659637451172,11.642112731933594,0.9322888255119324
replicate,published,18,at-currency-t3,AT,1.0193123817443848,0.96336430311203,12.215710639953613,1.433539867401123,0.4142274856567383,11.639482498168945,0.9528289437294006
replicate,published,18,at-region-t1,AT,1.1497430801391602,0.9627320170402527,12.913517951965332,1.5026869773864746,0.35294389724731445,12.15114688873291,0.9409633278846741
replicate,published,18,at-region-t2,AT,1.1116280555725098,0.9639422297477722,13.306670188903809,1.1533088684082031,0.04168081283569336,12.481103897094727,0.9379584789276123
replicate,published,18,bi-region-t0,BI,1.3320856094360352,0.9612063765525818,12.868607521057129,1.3371610641479492,0.0050754547119140625,12.058002471923828,0.9370090961456299
replicate,published,18,bi-region-t1,BI,1.2605290412902832,0.9624544382095337,12.437786102294922,1.4758620262145996,0.2153329849243164,11.783318519592285,0.9473807215690613
replicate,published,18,bi-region-t2,BI,1.178053855895996,0.9617108106613159,12.662138938903809,1.4149870872497559,0.23693323135375977,11.902332305908203,0.9399937987327576
replicate,published,18,bi-region-t3,BI,1.5389461517333984,0.9539105892181396,13.298606872558594,1.3495759963989258,-0.18937015533447266,12.405935287475586,0.9328747987747192
replicate,published,18,ci-region-t0,CI,1.3593268394470215,0.9536283016204834,13.13512897491455,1.4378571510314941,0.07853031158447266,12.25075912475586,0.9326714277267456
replicate,published,18,ci-region-t1,CI,1.2351484298706055,0.9545010328292847,12.713857650756836,1.504105567932129,0.26895713806152344,11.998538970947266,0.9437370896339417
replicate,published,18,ci-region-t2,CI,1.1012730598449707,0.9642431735992432,13.000410079956055,1.2947397232055664,0.1934666633605957,12.310237884521484,0.9469115138053894
replicate,published,18,ci-region-t3,CI,1.593151569366455,0.9475542902946472,13.529264450073242,1.4661307334899902,-0.12702083587646484,12.589679718017578,0.9305516481399536
replicate,published,18,cz-capital-t0,CZ,1.1784658432006836,0.9599609971046448,13.038947105407715,1.3622426986694336,0.18377685546875,12.31209659576416,0.9442554116249084
replicate,published,18,cz-capital-t1,CZ,1.246983528137207,0.9737552404403687,12.340472221374512,1.2388830184936523,-0.008100509643554688,11.7738618850708,0.9540851712226868
replicate,published,18,cz-capital-t2,CZ,1.1599736213684082,0.968654215335846,12.453182220458984,1.0870018005371094,-0.07297182083129883,11.79368782043457,0.9470421075820923
replicate,published,18,cz-region-t2,CZ,1.1259851455688477,0.9604398012161255,13.12276554107666,1.3057975769042969,0.17981243133544922,12.284711837768555,0.9361374378204346
replicate,published,18,gn-region-t1,GN,1.2087368965148926,0.9599080681800842,12.372368812561035,1.846560001373291,0.6378231048583984,11.716041564941406,0.9469521641731262
replicate,published,18,gn-region-t2,GN,1.1904020309448242,0.962607741355896,12.848828315734863,1.4605507850646973,0.27014875411987305,12.111886024475098,0.9426451921463013
replicate,published,18,gq-region-t1,GQ,1.228208065032959,0.9686470627784729,12.529886245727539,1.9222497940063477,0.6940417289733887,11.803982734680176,0.9420662522315979
replicate,published,18,iq-capital-t0,IQ,1.2166180610656738,0.9637805819511414,12.518319129943848,1.3306965827941895,0.11407852172851562,11.825067520141602,0.9446210265159607
replicate,published,18,iq-capital-t1,IQ,1.3018193244934082,0.968684196472168,12.064799308776855,1.3534207344055176,0.051601409912109375,11.539365768432617,0.956449031829834
replicate,published,18,iq-capital-t2,IQ,1.329864501953125,0.9727219343185425,12.247222900390625,1.1965794563293457,-0.1332850456237793,11.651156425476074,0.9513304829597473
replicate,published,18,ke-capital-t0,KE,1.1516966819763184,0.9669414162635803,13.282621383666992,1.2243638038635254,0.07266712188720703,12.75053882598877,0.9599414467811584
replicate,published,18,ke-capital-t1,KE,1.3146085739135742,0.962409496307373,12.613517761230469,1.3129281997680664,-0.0016803741455078125,12.009758949279785,0.9521340131759644
replicate,published,18,ke-capital-t2,KE,1.2553329467773438,0.9734824299812317,12.422764778137207,1.4333229064941406,0.17798995971679688,11.873806953430176,0.9558103084564209
replicate,published,18,ke-capital-t3,KE,1.1710772514343262,0.9684225916862488,12.934896469116211,1.0540523529052734,-0.11702489852905273,12.414647102355957,0.9597793817520142
replicate,published,18,ke-region-t0,KE,1.3502287864685059,0.9586506485939026,13.192556381225586,1.3119535446166992,-0.03827524185180664,12.33510971069336,0.935005247592926
replicate,published,18,ke-region-t1,KE,1.2307252883911133,0.9591712355613708,12.883005142211914,1.565880298614502,0.33515501022338867,12.176352500915527,0.9451484680175781
replicate,published,18,ke-region-t2,KE,1.1355161666870117,0.9613352417945862,13.037479400634766,1.3838119506835938,0.24829578399658203,12.292387008666992,0.9428499937057495
replicate,published,18,ke-region-t3,KE,1.6030545234680176,0.9540945291519165,13.594820022583008,1.3506593704223633,-0.2523951530456543,12.686490058898926,0.9331855773925781
replicate,published,18,kp-capital-t0,KP,1.1505513191223145,0.9597445726394653,12.816361427307129,1.504472255706787,0.35392093658447266,12.09154224395752,0.9434458017349243
replicate,published,18,kp-capital-t2,KP,1.1370563507080078,0.9751937389373779,12.432778358459473,1.2214908599853516,0.08443450927734375,11.854881286621094,0.953518271446228
replicate,published,18,kr-capital-t0,KR,1.0985445976257324,0.9544711709022522,13.641546249389648,1.4951272010803223,0.39658260345458984,12.845586776733398,0.9416518211364746
replicate,published,18,kr-capital-t1,KR,1.2100563049316406,0.9702573418617249,12.871073722839355,1.2323808670043945,0.022324562072753906,12.286020278930664,0.9545450806617737
replicate,published,18,kr-capital-t2,KR,1.1341180801391602,0.9633413553237915,12.847576141357422,1.0683369636535645,-0.0657811164855957,12.118409156799316,0.9432447552680969
replicate,published,18,kr-capital-t3,KR,1.1029024124145508,0.9546947479248047,13.337472915649414,1.2251415252685547,0.1222391128540039,12.563627243041992,0.9419795870780945
replicate,published,18,kr-region-t0,KR,1.3603801727294922,0.9555250406265259,13.229769706726074,1.267869472503662,-0.09251070022583008,12.359760284423828,0.9342384934425354
replicate,published,18,kr-region-t1,KR,1.189310073852539,0.9588807225227356,13.014158248901367,1.4844985008239746,0.29518842697143555,12.248937606811523,0.9412009119987488
replicate,published,18,kr-region-t2,KR,1.1768264770507812,0.9624448418617249,13.266780853271484,0.9744117259979248,-0.20241475105285645,12.465900421142578,0.9396326541900635
replicate,published,18,lk-capital-t0,LK,1.154052734375,0.9611623287200928,12.911937713623047,1.3773889541625977,0.22333621978759766,12.135398864746094,0.9398588538169861
replicate,published,18,lk-capital-t1,LK,1.2780399322509766,0.9674274325370789,12.3903226852417,1.348116397857666,0.07007646560668945,11.864639282226562,0.9575730562210083
replicate,published,18,lk-capital-t2,LK,1.1036381721496582,0.9636676907539368,12.447746276855469,1.0755558013916016,-0.02808237075805664,11.802386283874512,0.9481544494628906
replicate,published,18,lk-capital-t3,LK,1.1028413772583008,0.9696000218391418,12.522505760192871,1.350454330444336,0.24761295318603516,12.00590705871582,0.9587463736534119
replicate,published,18,sd-region-t0,SD,1.2679510116577148,0.9620955586433411,13.165409088134766,1.3618712425231934,0.09392023086547852,12.370515823364258,0.9396225810050964
replicate,published,18,sd-region-t1,SD,1.2352237701416016,0.958237886428833,12.675066947937012,1.5937447547912598,0.3585209846496582,11.969465255737305,0.9443315267562866
replicate,published,18,sd-region-t2,SD,1.1169180870056152,0.9649442434310913,12.84066104888916,1.2445058822631836,0.12758779525756836,12.160013198852539,0.9469927549362183
replicate,published,18,sd-region-t3,SD,1.4938092231750488,0.9488480091094971,13.431655883789062,1.4509987831115723,-0.04281044006347656,12.528907775878906,0.9327895045280457
replicate,published,18,sl-region-t0,SL,1.2683091163635254,0.9512876272201538,13.069405555725098,1.5102314949035645,0.24192237854003906,12.181083679199219,0.932030439376831
replicate,published,18,sl-region-t2,SL,1.1348028182983398,0.9652496576309204,12.802730560302734,1.4151520729064941,0.2803492546081543,12.1227388381958,0.9468869566917419
replicate,published,18,tr-capital-t0,TR,1.1843719482421875,0.963881254196167,13.281615257263184,1.4723930358886719,0.2880210876464844,12.58767318725586,0.9477517008781433
replicate,published,18,tr-capital-t1,TR,1.258829116821289,0.9736024141311646,12.484795570373535,1.1014223098754883,-0.15740680694580078,11.944147109985352,0.9566954374313354
replicate,published,18,tr-capital-t2,TR,1.183072566986084,0.970191240310669,12.592411994934082,1.1144351959228516,-0.06863737106323242,11.976258277893066,0.9510694146156311
replicate,published,18,tr-currency-t0,TR,0.9766206741333008,0.9717521667480469,12.264575004577637,0.971660852432251,-0.004959821701049805,11.700654029846191,0.9540203213691711
replicate,published,18,tr-currency-t2,TR,1.0787115097045898,0.9456652998924255,12.170276641845703,1.3703856468200684,0.2916741371154785,11.366508483886719,0.9339564442634583
replicate,published,18,tr-currency-t3,TR,1.0126380920410156,0.9623135328292847,12.10270881652832,1.2863245010375977,0.27368640899658203,11.560738563537598,0.9552190899848938
replicate,published,18,ua-region-t1,UA,1.1907691955566406,0.9587299823760986,12.902827262878418,1.6965851783752441,0.5058159828186035,12.119487762451172,0.9392893314361572
replicate,published,18,ua-region-t2,UA,1.182462215423584,0.9595842957496643,13.153013229370117,1.2903432846069336,0.10788106918334961,12.351978302001953,0.9390987753868103
replicate,published,19,cu-capital-t0,CU,1.4705405235290527,0.9367637634277344,14.956695556640625,1.678144931793213,0.20760440826416016,13.285541534423828,0.8882671594619751
replicate,published,19,cu-capital-t1,CU,1.4822759628295898,0.9306784272193909,14.64578914642334,1.6690149307250977,0.1867389678955078,12.807853698730469,0.8745076060295105
replicate,published,19,cu-capital-t2,CU,1.3508286476135254,0.9198272228240967,14.616515159606934,1.616133689880371,0.2653050422668457,12.68273639678955,0.8676990270614624
replicate,published,19,cu-capital-t3,CU,1.4554686546325684,0.9259873032569885,14.821269035339355,1.7332415580749512,0.2777729034423828,13.06682300567627,0.8816264867782593
replicate,published,19,fi-capital-t0,FI,1.2689809799194336,0.9292571544647217,15.42358684539795,1.6716690063476562,0.40268802642822266,13.587179183959961,0.8809351325035095
replicate,published,19,fi-capital-t1,FI,1.486593246459961,0.9397043585777283,14.704628944396973,1.5891613960266113,0.10256814956665039,13.090271949768066,0.8902143836021423
replicate,published,19,fi-capital-t2,FI,1.3561248779296875,0.9360083937644958,14.813931465148926,1.407667636871338,0.05154275894165039,13.2095947265625,0.891700804233551
replicate,published,19,fi-currency-t0,FI,1.3155250549316406,0.9373469352722168,15.116456031799316,1.0309476852416992,-0.2845773696899414,13.404236793518066,0.8867314457893372
replicate,published,19,fi-currency-t1,FI,1.473405361175537,0.920792818069458,15.06210708618164,1.2211360931396484,-0.25226926803588867,13.237360954284668,0.8788518905639648
replicate,published,19,fi-currency-t2,FI,1.3781561851501465,0.9206954836845398,14.570740699768066,1.0281214714050293,-0.3500347137451172,12.742315292358398,0.8745139241218567
replicate,published,19,fi-currency-t3,FI,1.4276843070983887,0.9155354499816895,15.069883346557617,0.9892385005950928,-0.4384458065032959,13.242149353027344,0.8787161111831665
replicate,published,19,fi-region-t1,FI,1.722287654876709,0.9239901304244995,15.034727096557617,1.317594051361084,-0.404693603515625,13.63965129852295,0.9072097539901733
replicate,published,19,fi-region-t2,FI,1.811300277709961,0.9184097647666931,15.411974906921387,1.3241276741027832,-0.48717260360717773,13.79465103149414,0.8950605988502502
replicate,published,19,gm-region-t1,GM,1.6393475532531738,0.9243540167808533,14.625701904296875,1.0736465454101562,-0.5657010078430176,13.165793418884277,0.9001820087432861
replicate,published,19,gm-region-t2,GM,1.574021339416504,0.919032096862793,14.769742965698242,1.1865143775939941,-0.38750696182250977,13.241584777832031,0.8965345621109009
replicate,published,19,ie-capital-t0,IE,1.2679810523986816,0.9242749214172363,15.589191436767578,1.4765243530273438,0.2085433006286621,13.714198112487793,0.8797248005867004
replicate,published,19,ie-capital-t1,IE,1.4981403350830078,0.9418233633041382,14.64510726928711,1.6000456809997559,0.10190534591674805,12.96047592163086,0.8849697113037109
replicate,published,19,ie-capital-t2,IE,1.3736076354980469,0.928675651550293,14.896034240722656,1.3437085151672363,-0.029899120330810547,13.112264633178711,0.8802520632743835
replicate,published,19,ie-capital-t3,IE,1.2650408744812012,0.9429367780685425,15.250191688537598,1.4721550941467285,0.20711421966552734,13.595560073852539,0.8915009498596191
replicate,published,19,ie-currency-t0,IE,1.3171563148498535,0.9350204467773438,15.507471084594727,0.9653825759887695,-0.351773738861084,13.726103782653809,0.8851284384727478
replicate,published,19,ie-currency-t1,IE,1.523153305053711,0.9177410006523132,15.296676635742188,1.105306625366211,-0.4178466796875,13.3150634765625,0.8704546689987183
replicate,published,19,ie-currency-t2,IE,1.415069580078125,0.9191790223121643,14.734353065490723,0.9476242065429688,-0.46744537353515625,12.839289665222168,0.8713846802711487
replicate,published,19,ie-currency-t3,IE,1.4586801528930664,0.9145987033843994,15.444784164428711,1.2456421852111816,-0.21303796768188477,13.527444839477539,0.8758584856987
replicate,published,19,ie-region-t1,IE,1.843515396118164,0.9253044128417969,15.053954124450684,0.8159854412078857,-1.0275299549102783,13.556324005126953,0.9005158543586731
replicate,published,19,ie-region-t2,IE,1.7793550491333008,0.9281883835792542,15.40999698638916,1.1229557991027832,-0.6563992500305176,13.872653007507324,0.9002372026443481
replicate,published,19,mg-region-t0,MG,1.816359043121338,0.9159634113311768,16.132102966308594,1.0865459442138672,-0.7298130989074707,13.955899238586426,0.8651010394096375
replicate,published,19,mg-region-t1,MG,1.655776023864746,0.9227057099342346,14.520657539367676,1.3288474082946777,-0.32692861557006836,13.103181838989258,0.9023821353912354
replicate,published,19,mg-region-t2,MG,1.5972833633422852,0.9145300984382629,14.786587715148926,1.2712030410766602,-0.326080322265625,13.242606163024902,0.8955823183059692
replicate,published,19,mg-region-t3,MG,1.948899745941162,0.8970780372619629,16.373130798339844,1.068939208984375,-0.8799605369567871,14.178450584411621,0.8659584522247314
replicate,published,19,ml-region-t0,ML,1.8356900215148926,0.8954620361328125,16.22865104675293,1.1436152458190918,-0.6920747756958008,13.90141773223877,0.8565972447395325
replicate,published,19,ml-region-t1,ML,1.7035555839538574,0.9283227920532227,14.797567367553711,1.3112235069274902,-0.3923320770263672,13.354796409606934,0.9024994373321533
replicate,published,19,ml-region-t2,ML,1.605919361114502,0.9261878728866577,14.99569034576416,1.1937141418457031,-0.41220521926879883,13.575041770935059,0.9052628874778748
replicate,published,19,ml-region-t3,ML,1.9586362838745117,0.8993276357650757,16.270034790039062,1.1519136428833008,-0.8067226409912109,14.028907775878906,0.8622543215751648
replicate,published,19,np-currency-t0,NP,1.3368501663208008,0.928847074508667,14.902482032775879,1.1322784423828125,-0.20457172393798828,13.119110107421875,0.8803305625915527
replicate,published,19,np-currency-t3,NP,1.52919340133667,0.9327455163002014,14.880719184875488,0.7976720333099365,-0.7315213680267334,13.065032005310059,0.8779839277267456
replicate,published,19,np-region-t0,NP,1.9180984497070312,0.910658061504364,16.335721969604492,1.0018935203552246,-0.9162049293518066,14.078646659851074,0.8618319034576416
replicate,published,19,nz-capital-t0,NZ,1.2088170051574707,0.9240925908088684,15.004358291625977,1.9369592666625977,0.728142261505127,13.138489723205566,0.8756449222564697
replicate,published,19,nz-capital-t2,NZ,1.2331061363220215,0.9068533778190613,14.698079109191895,1.5839662551879883,0.3508601188659668,12.68627643585205,0.8631247878074646
replicate,published,19,nz-capital-t3,NZ,1.204953670501709,0.9132554531097412,15.162099838256836,1.6797842979431152,0.47483062744140625,13.231968879699707,0.8727002739906311
replicate,published,19,ph-capital-t1,PH,1.5122628211975098,0.925792932510376,14.311271667480469,1.8972620964050293,0.38499927520751953,12.59543514251709,0.8801059126853943
replicate,published,19,ph-capital-t2,PH,1.2685494422912598,0.924286961555481,15.09648323059082,1.4883184432983398,0.21976900100708008,13.184189796447754,0.8733285665512085
replicate,published,19,ph-currency-t0,PH,1.2947793006896973,0.9325519800186157,15.107325553894043,1.0926780700683594,-0.2021012306213379,13.427355766296387,0.8887977004051208
replicate,published,19,ph-currency-t2,PH,1.4574599266052246,0.92027747631073,14.510159492492676,1.221630573272705,-0.23582935333251953,12.621343612670898,0.8698280453681946
replicate,published,19,ph-currency-t3,PH,1.393136978149414,0.9182028770446777,15.027690887451172,1.0091171264648438,-0.3840198516845703,13.26077651977539,0.8824227452278137
replicate,published,19,ph-region-t0,PH,1.9194321632385254,0.9097001552581787,16.317180633544922,1.1029305458068848,-0.8165016174316406,14.14753246307373,0.8670328855514526
replicate,published,19,ph-region-t2,PH,1.741590976715088,0.9135292172431946,15.364599227905273,1.1848649978637695,-0.5567259788513184,13.655760765075684,0.8887807726860046
replicate,published,19,rs-region-t1,RS,1.5607366561889648,0.935488224029541,14.86936092376709,1.6848416328430176,0.12410497665405273,13.248095512390137,0.8909660577774048
replicate,published,19,sa-capital-t0,SA,1.2437210083007812,0.941601574420929,15.195022583007812,1.5703716278076172,0.32665061950683594,13.374698638916016,0.88020259141922
replicate,published,19,sa-capital-t2,SA,1.361778736114502,0.9162420630455017,15.155791282653809,1.1581120491027832,-0.20366668701171875,13.03812313079834,0.8602733612060547
replicate,published,19,sa-capital-t3,SA,1.2576985359191895,0.9167022109031677,14.931253433227539,1.569127082824707,0.3114285469055176,13.03084659576416,0.872722864151001
replicate,published,19,sa-currency-t0,SA,1.3306212425231934,0.928806483745575,15.202821731567383,1.124950885772705,-0.20567035675048828,13.35110092163086,0.8781988620758057
replicate,published,19,sa-currency-t1,SA,1.5049009323120117,0.9178940653800964,15.300782203674316,0.7668797969818115,-0.7380211353302002,13.270349502563477,0.8672987818717957
replicate,published,19,sa-currency-t2,SA,1.4455347061157227,0.921215832233429,14.611333847045898,0.9602577686309814,-0.4852769374847412,12.545608520507812,0.8586217164993286
replicate,published,19,sa-currency-t3,SA,1.4787697792053223,0.9127629995346069,15.257761001586914,0.9779400825500488,-0.5008296966552734,13.326335906982422,0.873413622379303
replicate,published,19,sk-region-t2,SK,1.6833233833312988,0.9196983575820923,15.158907890319824,1.1757512092590332,-0.5075721740722656,13.515107154846191,0.8915620446205139
replicate,published,19,sy-capital-t0,SY,1.316286563873291,0.920313835144043,15.36819076538086,1.789370059967041,0.47308349609375,13.397289276123047,0.8717544674873352
replicate,published,19,sy-capital-t1,SY,1.475484848022461,0.9310464859008789,14.432181358337402,1.8708834648132324,0.3953986167907715,12.575562477111816,0.8713556528091431
replicate,published,19,sy-capital-t2,SY,1.4910755157470703,0.9277989268302917,14.706733703613281,1.2850899696350098,-0.20598554611206055,12.91180419921875,0.8779518604278564
replicate,published,19,sy-capital-t3,SY,1.3095026016235352,0.9264093041419983,15.194206237792969,1.5332674980163574,0.22376489639282227,13.276310920715332,0.8737745881080627
replicate,published,19,td-region-t0,TD,1.7997326850891113,0.9138816595077515,15.968337059020996,1.1194558143615723,-0.6802768707275391,13.742451667785645,0.86060631275177
replicate,published,19,td-region-t1,TD,1.673917293548584,0.9250103235244751,14.556144714355469,1.5445828437805176,-0.1293344497680664,13.14930248260498,0.9033506512641907
replicate,published,19,td-region-t2,TD,1.5761604309082031,0.9221963882446289,14.75230598449707,1.4367728233337402,-0.1393876075744629,13.352187156677246,0.9050915241241455
replicate,published,19,xk-region-t1,XK,1.6224184036254883,0.9214287400245667,14.818260192871094,1.2873468399047852,-0.3350715637207031,13.331136703491211,0.8996425271034241
replicate,published,19,xk-region-t2,XK,1.5703644752502441,0.9260497093200684,15.005719184875488,1.2286462783813477,-0.3417181968688965,13.50427532196045,0.8999419212341309
replicate,published,19,af-capital-t0,AF,1.3407611846923828,0.9193971753120422,14.890847206115723,2.144683837890625,0.8039226531982422,12.918633460998535,0.8675553202629089
replicate,published,19,al-region-t1,AL,1.6947975158691406,0.9189552068710327,14.832984924316406,1.4305305480957031,-0.2642669677734375,13.323287963867188,0.8982203006744385
replicate,published,19,al-region-t2,AL,1.6101784706115723,0.9348641037940979,14.99329948425293,1.3919305801391602,-0.2182478904724121,13.47117805480957,0.8984798789024353
replicate,published,19,at-capital-t0,AT,1.3158855438232422,0.9262099266052246,15.366910934448242,1.5481195449829102,0.23223400115966797,13.409773826599121,0.872639536857605
replicate,published,19,at-capital-t2,AT,1.2351322174072266,0.9197325110435486,14.908958435058594,1.421473503112793,0.1863412857055664,12.991600036621094,0.8713955283164978
replicate,published,19,at-capital-t3,AT,1.324775218963623,0.9293249845504761,15.267666816711426,1.6041688919067383,0.27939367294311523,13.310369491577148,0.8718011379241943
replicate,published,19,at-currency-t0,AT,1.2949395179748535,0.935492992401123,15.232711791992188,1.09834623336792,-0.1965932846069336,13.418237686157227,0.8808830380439758
replicate,published,19,at-currency-t1,AT,1.4534249305725098,0.9201510548591614,15.211483001708984,1.1452159881591797,-0.3082089424133301,13.24457836151123,0.8706960678100586
replicate,published,19,at-currency-t2,AT,1.3098201751708984,0.92437744140625,14.820411682128906,0.9635367393493652,-0.3462834358215332,12.906076431274414,0.8708311915397644
replicate,published,19,at-currency-t3,AT,1.407041072845459,0.9225500822067261,15.254955291748047,1.2127046585083008,-0.1943364143371582,13.33091926574707,0.8738746643066406
replicate,published,19,at-region-t1,AT,1.7217512130737305,0.9233400821685791,15.133291244506836,1.2928533554077148,-0.4288978576660156,13.484198570251465,0.8910288214683533
replicate,published,19,at-region-t2,AT,1.6917219161987305,0.9166777729988098,15.451333045959473,0.9388875961303711,-0.7528343200683594,13.747797012329102,0.8897482752799988
replicate,published,19,bi-region-t0,BI,1.846632957458496,0.9190546870231628,15.870187759399414,1.11474609375,-0.7318868637084961,13.70388126373291,0.8634983897209167
replicate,published,19,bi-region-t1,BI,1.642012596130371,0.9245729446411133,14.583195686340332,1.1927409172058105,-0.44927167892456055,13.168951034545898,0.903022289276123
replicate,published,19,bi-region-t2,BI,1.594529628753662,0.9206089973449707,14.582737922668457,1.3791890144348145,-0.21534061431884766,13.107954978942871,0.8988679051399231
replicate,published,19,bi-region-t3,BI,1.952000617980957,0.9016001224517822,16.004234313964844,1.1545019149780273,-0.7974987030029297,13.779741287231445,0.861005961894989
replicate,published,19,ci-region-t0,CI,1.900552749633789,0.9045569896697998,16.08817481994629,1.1651930809020996,-0.7353596687316895,13.799154281616211,0.8577203154563904
replicate,published,19,ci-region-t1,CI,1.724228858947754,0.9148282408714294,14.819878578186035,0.9830868244171143,-0.7411420345306396,13.315873146057129,0.8985143303871155
replicate,published,19,ci-region-t2,CI,1.5741682052612305,0.9238795638084412,14.976068496704102,0.9366052150726318,-0.6375629901885986,13.5592041015625,0.9053914546966553
replicate,published,19,ci-region-t3,CI,2.0247325897216797,0.8985953330993652,16.25094223022461,1.197092056274414,-0.8276405334472656,13.925151824951172,0.8568827509880066
replicate,published,19,cz-capital-t0,CZ,1.3089632987976074,0.9253101944923401,14.932311058044434,1.4236335754394531,0.1146702766418457,13.06682300567627,0.8750703930854797
replicate,published,19,cz-capital-t1,CZ,1.4533319473266602,0.944346010684967,14.526012420654297,1.6250672340393066,0.17173528671264648,12.806832313537598,0.8816481828689575
replicate,published,19,cz-capital-t2,CZ,1.309131145477295,0.9262484312057495,14.737663269042969,1.2261476516723633,-0.08298349380493164,12.920373916625977,0.8766908049583435
replicate,published,19,cz-region-t2,CZ,1.7025103569030762,0.915107011795044,15.257203102111816,0.9774432182312012,-0.725067138671875,13.644970893859863,0.8943297863006592
replicate,published,19,gn-region-t1,GN,1.603675365447998,0.9142819046974182,14.498528480529785,1.5386271476745605,-0.0650482177734375,13.04845142364502,0.8999845385551453
replicate,published,19,gn-region-t2,GN,1.6388764381408691,0.9173955917358398,15.218597412109375,1.4434385299682617,-0.19543790817260742,13.61953353881836,0.8949269652366638
replicate,published,19,gq-region-t1,GQ,1.6107206344604492,0.9292320609092712,14.638651847839355,1.6471681594848633,0.03644752502441406,12.968215942382812,0.8858886957168579
replicate,published,19,iq-capital-t0,IQ,1.391282081604004,0.9296777248382568,14.359416007995605,1.5963544845581055,0.20507240295410156,12.618968963623047,0.8787940144538879
replicate,published,19,iq-capital-t1,IQ,1.5621728897094727,0.9340864419937134,13.919403076171875,1.8908462524414062,0.3286733627319336,12.321966171264648,0.8852366805076599
replicate,published,19,iq-capital-t2,IQ,1.4526548385620117,0.935840904712677,14.393051147460938,1.3117361068725586,-0.14091873168945312,12.649188041687012,0.878839910030365
replicate,published,19,ke-capital-t0,KE,1.2724828720092773,0.9341278076171875,14.90662670135498,1.4686522483825684,0.19616937637329102,13.18269157409668,0.8843510746955872
replicate,published,19,ke-capital-t1,KE,1.5190963745117188,0.9226457476615906,14.486367225646973,1.853968620300293,0.3348722457885742,12.812979698181152,0.8844853639602661
replicate,published,19,ke-capital-t2,KE,1.361903190612793,0.9300291538238525,14.58510684967041,1.5339417457580566,0.17203855514526367,12.891365051269531,0.883871853351593
replicate,published,19,ke-capital-t3,KE,1.3132047653198242,0.9358212351799011,14.616048812866211,1.5617847442626953,0.2485799789428711,12.975862503051758,0.8877817988395691
replicate,published,19,ke-region-t0,KE,1.9381327629089355,0.9140100479125977,16.225528717041016,1.181912899017334,-0.7562198638916016,13.998929977416992,0.8627718687057495
replicate,published,19,ke-region-t1,KE,1.756666660308838,0.9199475646018982,14.958775520324707,1.0111708641052246,-0.7454957962036133,13.524062156677246,0.9040888547897339
replicate,published,19,ke-region-t2,KE,1.6361069679260254,0.9202562570571899,14.99550724029541,1.0224575996398926,-0.6136493682861328,13.57595443725586,0.9053347706794739
replicate,published,19,ke-region-t3,KE,2.0740180015563965,0.9052095413208008,16.329179763793945,1.22267484664917,-0.8513431549072266,14.12402629852295,0.864956259727478
replicate,published,19,kp-capital-t0,KP,1.3096318244934082,0.9199984669685364,14.915319442749023,1.8194212913513184,0.5097894668579102,12.963225364685059,0.8691215515136719
replicate,published,19,kp-capital-t2,KP,1.2412924766540527,0.9305797815322876,14.891860961914062,1.4668664932250977,0.22557401657104492,13.01120376586914,0.873712420463562
replicate,published,19,kr-capital-t0,KR,1.2231626510620117,0.9177250266075134,15.637395858764648,1.6841049194335938,0.46094226837158203,13.650935173034668,0.8729673027992249
replicate,published,19,kr-capital-t1,KR,1.4014830589294434,0.9418940544128418,15.188974380493164,1.546442985534668,0.1449599266052246,13.601614952087402,0.895492672920227
replicate,published,19,kr-capital-t2,KR,1.3361163139343262,0.914501428604126,15.041814804077148,1.31146240234375,-0.024653911590576172,13.093331336975098,0.87046217918396
replicate,published,19,kr-capital-t3,KR,1.233553409576416,0.9109214544296265,15.492570877075195,1.3606414794921875,0.12708806991577148,13.479196548461914,0.870042622089386
replicate,published,19,kr-region-t0,KR,1.89979887008667,0.9113368988037109,16.297990798950195,0.9326169490814209,-0.967181921005249,14.11007022857666,0.8657552003860474
replicate,published,19,kr-region-t1,KR,1.6950502395629883,0.9216101765632629,15.117262840270996,1.0634980201721191,-0.6315522193908691,13.570828437805176,0.8977040648460388
replicate,published,19,kr-region-t2,KR,1.7401599884033203,0.9157806038856506,15.444039344787598,1.3985414505004883,-0.34161853790283203,13.783339500427246,0.8924698233604431
replicate,published,19,lk-capital-t0,LK,1.2997345924377441,0.9290957450866699,14.917426109313965,1.778083324432373,0.4783487319946289,12.899615287780762,0.8647346496582031
replicate,published,19,lk-capital-t1,LK,1.4637079238891602,0.9320254921913147,14.511029243469238,1.8283138275146484,0.3646059036254883,12.790285110473633,0.8814181685447693
replicate,published,19,lk-capital-t2,LK,1.2638812065124512,0.9058024883270264,14.787017822265625,1.307826042175293,0.0439448356628418,12.752445220947266,0.8624081611633301
replicate,published,19,lk-capital-t3,LK,1.2564144134521484,0.9337143301963806,14.836970329284668,1.740854263305664,0.4844398498535156,12.964491844177246,0.8737964630126953
replicate,published,19,sd-region-t0,SD,1.7664809226989746,0.9176409244537354,16.195693969726562,0.9826505184173584,-0.7838304042816162,14.039288520812988,0.8668531775474548
replicate,published,19,sd-region-t1,SD,1.6797523498535156,0.9183416962623596,14.981904029846191,1.248250961303711,-0.4315013885498047,13.514592170715332,0.9020610451698303
replicate,published,19,sd-region-t2,SD,1.5864109992980957,0.9153542518615723,15.150118827819824,1.0892910957336426,-0.4971199035644531,13.569056510925293,0.8956402540206909
replicate,published,19,sd-region-t3,SD,1.8641033172607422,0.8967561721801758,16.235563278198242,1.1940069198608398,-0.6700963973999023,13.967637062072754,0.8603112101554871
replicate,published,19,sl-region-t0,SL,1.787552833557129,0.900193989276886,16.078617095947266,1.2280983924865723,-0.5594544410705566,13.778595924377441,0.8569515347480774
replicate,published,19,sl-region-t2,SL,1.5837359428405762,0.9306156635284424,14.782644271850586,1.1248188018798828,-0.45891714096069336,13.432072639465332,0.9086380004882812
replicate,published,19,tr-capital-t0,TR,1.320920467376709,0.9290913343429565,15.325095176696777,1.6274299621582031,0.30650949478149414,13.517789840698242,0.8820688724517822
replicate,published,19,tr-capital-t1,TR,1.4619112014770508,0.9443226456642151,14.582172393798828,1.5519962310791016,0.09008502960205078,12.908098220825195,0.8851972222328186
replicate,published,19,tr-capital-t2,TR,1.3882269859313965,0.9208151698112488,14.742971420288086,1.3830857276916504,-0.005141258239746094,13.021742820739746,0.883250892162323
replicate,published,19,tr-currency-t0,TR,1.2649040222167969,0.935509979724884,15.193314552307129,1.0395054817199707,-0.22539854049682617,13.525010108947754,0.890194833278656
replicate,published,19,tr-currency-t2,TR,1.4061765670776367,0.8963167667388916,14.389491081237793,1.1639504432678223,-0.24222612380981445,12.448461532592773,0.8651078343391418
replicate,published,19,tr-currency-t3,TR,1.3988795280456543,0.920746386051178,15.079188346862793,1.053553581237793,-0.34532594680786133,13.274654388427734,0.8803294897079468
replicate,published,19,ua-region-t1,UA,1.7254576683044434,0.9207966327667236,15.057220458984375,1.1483511924743652,-0.5771064758300781,13.505684852600098,0.8969573974609375
replicate,published,19,ua-region-t2,UA,1.7368931770324707,0.9151235818862915,15.171001434326172,1.0833168029785156,-0.6535763740539551,13.64199161529541,0.8992149829864502
replicate,published,20,cu-capital-t0,CU,1.309582233428955,0.9059082269668579,15.715849876403809,1.9922122955322266,0.6826300621032715,14.251435279846191,0.9068192839622498
replicate,published,20,cu-capital-t1,CU,1.3899617195129395,0.8995214700698853,15.285764694213867,2.1935296058654785,0.8035678863525391,13.500751495361328,0.883223831653595
replicate,published,20,cu-capital-t2,CU,1.351144790649414,0.8894950747489929,15.366453170776367,1.8209848403930664,0.46984004974365234,13.532882690429688,0.8806770443916321
replicate,published,20,cu-capital-t3,CU,1.3068790435791016,0.8976625204086304,15.4638090133667,2.082026958465576,0.7751479148864746,13.888578414916992,0.8981343507766724
replicate,published,20,fi-capital-t0,FI,1.1730866432189941,0.9094775915145874,15.98154067993164,1.6362342834472656,0.4631476402282715,14.04397964477539,0.8787625432014465
replicate,published,20,fi-capital-t1,FI,1.3057022094726562,0.9108850955963135,15.285215377807617,1.611274242401123,0.3055720329284668,13.544394493103027,0.886110782623291
replicate,published,20,fi-capital-t2,FI,1.2382903099060059,0.9138704538345337,15.552292823791504,1.3270244598388672,0.08873414993286133,13.784594535827637,0.8863384127616882
replicate,published,20,fi-currency-t0,FI,1.077470302581787,0.9152895212173462,15.230477333068848,1.024765968322754,-0.0527043342590332,13.799510955810547,0.9060458540916443
replicate,published,20,fi-currency-t1,FI,1.1927094459533691,0.8973128199577332,15.305595397949219,1.1360387802124023,-0.0566706657409668,13.812814712524414,0.9024683237075806
replicate,published,20,fi-currency-t2,FI,1.2992572784423828,0.901307225227356,14.930678367614746,1.0206942558288574,-0.2785630226135254,13.382257461547852,0.8962926864624023
replicate,published,20,fi-currency-t3,FI,1.1961164474487305,0.8940186500549316,15.114672660827637,1.126460075378418,-0.0696563720703125,13.657133102416992,0.903567910194397
replicate,published,20,fi-region-t1,FI,1.7013964653015137,0.8903904557228088,16.110607147216797,1.0285749435424805,-0.6728215217590332,13.9904146194458,0.8683977127075195
replicate,published,20,fi-region-t2,FI,1.90781831741333,0.8739386796951294,16.61280632019043,1.2896208763122559,-0.6181974411010742,14.170829772949219,0.8530063629150391
replicate,published,20,gm-region-t1,GM,1.6730475425720215,0.8843677043914795,15.997477531433105,1.5503063201904297,-0.1227412223815918,13.829839706420898,0.8645012974739075
replicate,published,20,gm-region-t2,GM,1.6455154418945312,0.8771545886993408,16.248350143432617,1.5191593170166016,-0.1263561248779297,14.002680778503418,0.8617909550666809
replicate,published,20,ie-capital-t0,IE,1.1581082344055176,0.8994430303573608,16.281635284423828,1.7241411209106445,0.566032886505127,14.17078971862793,0.870354175567627
replicate,published,20,ie-capital-t1,IE,1.3010730743408203,0.9119603633880615,15.251148223876953,1.7143712043762207,0.4132981300354004,13.32766342163086,0.8738793730735779
replicate,published,20,ie-capital-t2,IE,1.2589168548583984,0.9052656888961792,15.652405738830566,1.2807660102844238,0.02184915542602539,13.690913200378418,0.8746842741966248
replicate,published,20,ie-capital-t3,IE,1.1426200866699219,0.912831723690033,15.842211723327637,1.6645712852478027,0.5219511985778809,13.912409782409668,0.8781861066818237
replicate,published,20,ie-currency-t0,IE,1.1690750122070312,0.8996341228485107,15.621846199035645,0.6882119178771973,-0.480863094329834,14.179645538330078,0.9076805114746094
replicate,published,20,ie-currency-t1,IE,1.314058780670166,0.8897351622581482,15.4927339553833,0.9216303825378418,-0.3924283981323242,13.787185668945312,0.889913022518158
replicate,published,20,ie-currency-t2,IE,1.4129304885864258,0.8822662234306335,15.090887069702148,0.7396774291992188,-0.673253059387207,13.453176498413086,0.8914768695831299
replicate,published,20,ie-currency-t3,IE,1.335263729095459,0.8913085460662842,15.547079086303711,1.2120718955993652,-0.12319183349609375,13.8823881149292,0.8929257988929749
replicate,published,20,ie-region-t1,IE,1.8335089683532715,0.8850298523902893,16.174388885498047,1.2769975662231445,-0.556511402130127,13.941078186035156,0.8619230389595032
replicate,published,20,ie-region-t2,IE,1.8744564056396484,0.8785898685455322,16.494436264038086,1.078383445739746,-0.7960729598999023,14.215984344482422,0.8618654012680054
replicate,published,20,mg-region-t0,MG,1.8736062049865723,0.8686705231666565,17.434717178344727,1.0424003601074219,-0.8312058448791504,14.463617324829102,0.8295871615409851
replicate,published,20,mg-region-t1,MG,1.6637272834777832,0.8872836232185364,15.669286727905273,1.5995688438415527,-0.06415843963623047,13.521441459655762,0.8629264235496521
replicate,published,20,mg-region-t2,MG,1.700857162475586,0.8696915507316589,15.992634773254395,1.434739112854004,-0.26611804962158203,13.723429679870605,0.8581093549728394
replicate,published,20,mg-region-t3,MG,1.991495132446289,0.856865644454956,17.808488845825195,1.090174674987793,-0.9013204574584961,14.774604797363281,0.8296383023262024
replicate,published,20,ml-region-t0,ML,1.9629864692687988,0.8555718660354614,17.556537628173828,1.1679000854492188,-0.7950863838195801,14.276899337768555,0.8131955862045288
replicate,published,20,ml-region-t1,ML,1.819190502166748,0.8833836317062378,16.040733337402344,1.5053834915161133,-0.31380701065063477,13.633622169494629,0.8499375581741333
replicate,published,20,ml-region-t2,ML,1.7686538696289062,0.8874067664146423,16.2447566986084,1.221822738647461,-0.5468311309814453,13.891412734985352,0.8551321029663086
replicate,published,20,ml-region-t3,ML,2.0445828437805176,0.861234188079834,17.716123580932617,1.1171927452087402,-0.9273900985717773,14.53316879272461,0.8203356862068176
replicate,published,20,np-currency-t0,NP,1.1226162910461426,0.9003442525863647,15.292435646057129,0.7954161167144775,-0.32720017433166504,13.816082954406738,0.9034586548805237
replicate,published,20,np-currency-t3,NP,1.3455100059509277,0.8995650410652161,15.205838203430176,0.722266674041748,-0.6232433319091797,13.723445892333984,0.9025116562843323
replicate,published,20,np-region-t0,NP,1.8239107131958008,0.8699180483818054,17.551816940307617,1.2044949531555176,-0.6194157600402832,14.570194244384766,0.83012455701828
replicate,published,20,nz-capital-t0,NZ,1.1178703308105469,0.8933738470077515,15.840360641479492,1.3748087882995605,0.25693845748901367,13.89144515991211,0.8769652247428894
replicate,published,20,nz-capital-t2,NZ,1.1561999320983887,0.8717617988586426,15.509234428405762,1.1909284591674805,0.0347285270690918,13.356791496276855,0.8612154126167297
replicate,published,20,nz-capital-t3,NZ,1.1169867515563965,0.8884741067886353,15.896293640136719,1.3493833541870117,0.23239660263061523,13.781388282775879,0.8669560551643372
replicate,published,20,ph-capital-t1,PH,1.4248313903808594,0.902371883392334,14.943957328796387,2.227692127227783,0.8028607368469238,13.14556884765625,0.8796578049659729
replicate,published,20,ph-capital-t2,PH,1.2398638725280762,0.9002869725227356,15.895909309387207,1.8044629096984863,0.5645990371704102,13.757220268249512,0.8654566407203674
replicate,published,20,ph-currency-t0,PH,1.1576523780822754,0.912375807762146,15.321476936340332,0.9453141689300537,-0.21233820915222168,13.937542915344238,0.9096735715866089
replicate,published,20,ph-currency-t2,PH,1.3762884140014648,0.8969884514808655,14.835853576660156,1.015343189239502,-0.3609452247619629,13.188566207885742,0.8889657855033875
replicate,published,20,ph-currency-t3,PH,1.2955403327941895,0.8943166136741638,15.201271057128906,1.118276596069336,-0.17726373672485352,13.625551223754883,0.8963428735733032
replicate,published,20,ph-region-t0,PH,1.89829683303833,0.8748698830604553,17.521202087402344,1.1179628372192383,-0.7803339958190918,14.554656028747559,0.8306882381439209
replicate,published,20,ph-region-t2,PH,1.7196664810180664,0.8721972703933716,16.407390594482422,1.0640640258789062,-0.6556024551391602,13.979964256286621,0.8520528674125671
replicate,published,20,rs-region-t1,RS,1.7908148765563965,0.8919327855110168,15.89148235321045,1.4121341705322266,-0.3786807060241699,13.620431900024414,0.8570900559425354
replicate,published,20,sa-capital-t0,SA,1.2660746574401855,0.9085450768470764,16.239133834838867,1.3618650436401367,0.09579038619995117,14.332387924194336,0.8825832605361938
replicate,published,20,sa-capital-t2,SA,1.359910011291504,0.8792173862457275,16.0711669921875,1.2032842636108398,-0.15662574768066406,13.913573265075684,0.8657475113868713
replicate,published,20,sa-capital-t3,SA,1.2580747604370117,0.8901296257972717,15.88702392578125,1.3238005638122559,0.06572580337524414,13.786883354187012,0.8678078055381775
replicate,published,20,sa-currency-t0,SA,1.1130914688110352,0.8971186876296997,15.573974609375,0.9669792652130127,-0.14611220359802246,13.977533340454102,0.8974930047988892
replicate,published,20,sa-currency-t1,SA,1.2124805450439453,0.8838608264923096,15.7351655960083,0.6669583320617676,-0.5455222129821777,14.074457168579102,0.8944587707519531
replicate,published,20,sa-currency-t2,SA,1.3635163307189941,0.8844233155250549,15.11799430847168,0.9354500770568848,-0.4280662536621094,13.493924140930176,0.8925737142562866
replicate,published,20,sa-currency-t3,SA,1.271942138671875,0.8799149990081787,15.554765701293945,0.9917874336242676,-0.2801547050476074,13.823158264160156,0.8886767029762268
replicate,published,20,sk-region-t2,SK,1.8411540985107422,0.8805829286575317,16.374794006347656,1.2638649940490723,-0.5772891044616699,13.874566078186035,0.8473123908042908
replicate,published,20,sy-capital-t0,SY,1.235748291015625,0.8923022747039795,16.26742935180664,1.7950968742370605,0.5593485832214355,14.010331153869629,0.8612504601478577
replicate,published,20,sy-capital-t1,SY,1.3399853706359863,0.9030727744102478,15.227242469787598,2.022785186767578,0.6827998161315918,13.098344802856445,0.8601915240287781
replicate,published,20,sy-capital-t2,SY,1.3794727325439453,0.8917409181594849,15.465749740600586,1.657243251800537,0.2777705192565918,13.36489486694336,0.8641608357429504
replicate,published,20,sy-capital-t3,SY,1.217897891998291,0.9029448628425598,15.96300220489502,1.6800808906555176,0.46218299865722656,13.739487648010254,0.8607082366943359
replicate,published,20,td-region-t0,TD,1.978416919708252,0.8723387122154236,17.318838119506836,1.1837000846862793,-0.7947168350219727,14.231765747070312,0.8217505812644958
replicate,published,20,td-region-t1,TD,1.7774205207824707,0.883766770362854,15.800743103027344,1.6553630828857422,-0.12205743789672852,13.52428913116455,0.8559274077415466
replicate,published,20,td-region-t2,TD,1.7468819618225098,0.8911091089248657,16.025718688964844,1.5110034942626953,-0.23587846755981445,13.753360748291016,0.8582055568695068
replicate,published,20,xk-region-t1,XK,1.6729393005371094,0.8837195634841919,16.027254104614258,1.4555912017822266,-0.2173480987548828,13.755167961120605,0.8582360744476318
replicate,published,20,xk-region-t2,XK,1.6016616821289062,0.8862595558166504,16.260608673095703,1.2390761375427246,-0.36258554458618164,13.959949493408203,0.858513355255127
replicate,published,20,af-capital-t0,AF,1.2771449089050293,0.8938422203063965,15.744300842285156,1.7731413841247559,0.49599647521972656,13.75667667388916,0.873755931854248
replicate,published,20,al-region-t1,AL,1.7217779159545898,0.880687952041626,16.03248405456543,1.2767395973205566,-0.4450383186340332,13.809768676757812,0.8613617420196533
replicate,published,20,al-region-t2,AL,1.649400234222412,0.8895164132118225,16.243131637573242,1.4317865371704102,-0.21761369705200195,13.924737930297852,0.857269287109375
replicate,published,20,at-capital-t0,AT,1.1536636352539062,0.8936449289321899,16.05622673034668,1.5796823501586914,0.42601871490478516,13.784214973449707,0.8584965467453003
replicate,published,20,at-capital-t2,AT,1.1341009140014648,0.8898296356201172,15.624688148498535,1.5683989524841309,0.434298038482666,13.438289642333984,0.8600677251815796
replicate,published,20,at-capital-t3,AT,1.1584196090698242,0.9036462306976318,15.816460609436035,1.645256519317627,0.48683691024780273,13.728381156921387,0.8679805994033813
replicate,published,20,at-currency-t0,AT,1.038280963897705,0.9086030721664429,15.409651756286621,0.8061954975128174,-0.2320854663848877,13.977689743041992,0.9070736765861511
replicate,published,20,at-currency-t1,AT,1.1846027374267578,0.8979935646057129,15.406845092773438,0.9045898914337158,-0.280012845993042,13.784635543823242,0.894708514213562
replicate,published,20,at-currency-t2,AT,1.2675175666809082,0.891521155834198,15.210227012634277,0.8269040584564209,-0.4406135082244873,13.418545722961426,0.8822054862976074
replicate,published,20,at-currency-t3,AT,1.1728019714355469,0.8973851799964905,15.334490776062012,1.0825557708740234,-0.09024620056152344,13.767291069030762,0.897799015045166
replicate,published,20,at-region-t1,AT,1.8078832626342773,0.8911077976226807,16.256378173828125,1.380077838897705,-0.42780542373657227,13.866630554199219,0.852996289730072
replicate,published,20,at-region-t2,AT,1.7582015991210938,0.8742298483848572,16.526371002197266,0.9667983055114746,-0.7914032936096191,13.980340957641602,0.8459413647651672
replicate,published,20,bi-region-t0,BI,1.9869375228881836,0.8776440620422363,17.324073791503906,1.0535707473754883,-0.9333667755126953,14.204693794250488,0.8199395537376404
replicate,published,20,bi-region-t1,BI,1.706010341644287,0.887837290763855,15.895613670349121,1.256711483001709,-0.4492988586425781,13.604331970214844,0.8558544516563416
replicate,published,20,bi-region-t2,BI,1.7564740180969238,0.885235071182251,15.868755340576172,1.371088981628418,-0.38538503646850586,13.629542350769043,0.8588917255401611
replicate,published,20,bi-region-t3,BI,2.066006660461426,0.8653457164764404,17.578683853149414,1.077463150024414,-0.9885435104370117,14.299104690551758,0.8134343028068542
replicate,published,20,ci-region-t0,CI,2.0763306617736816,0.8690077066421509,17.707256317138672,1.0192289352416992,-1.0571017265319824,14.382246017456055,0.8122233152389526
replicate,published,20,ci-region-t1,CI,1.8091154098510742,0.8789728879928589,16.26593780517578,1.3411879539489746,-0.4679274559020996,13.895522117614746,0.8542711734771729
replicate,published,20,ci-region-t2,CI,1.7529234886169434,0.8881298303604126,16.300735473632812,1.1243062019348145,-0.6286172866821289,13.913909912109375,0.853575587272644
replicate,published,20,ci-region-t3,CI,2.1916399002075195,0.8619998693466187,17.9696044921875,1.040358543395996,-1.1512813568115234,14.523822784423828,0.8082438707351685
replicate,published,20,cz-capital-t0,CZ,1.2053751945495605,0.9036520719528198,15.512837409973145,1.6934528350830078,0.48807764053344727,13.50731086730957,0.870718240737915
replicate,published,20,cz-capital-t1,CZ,1.270449161529541,0.920478105545044,15.139541625976562,1.734116554260254,0.4636673927307129,13.209956169128418,0.8725466132164001
replicate,published,20,cz-capital-t2,CZ,1.182065486907959,0.9075503349304199,15.341729164123535,1.3841242790222168,0.2020587921142578,13.318629264831543,0.8681309223175049
replicate,published,20,cz-region-t2,CZ,1.8771934509277344,0.8767945766448975,16.502288818359375,1.0666828155517578,-0.8105106353759766,14.016618728637695,0.8493742346763611
replicate,published,20,gn-region-t1,GN,1.7646684646606445,0.8718504905700684,15.63953685760498,1.843635082244873,0.07896661758422852,13.42108154296875,0.858150839805603
replicate,published,20,gn-region-t2,GN,1.8344759941101074,0.8684982061386108,16.50459861755371,1.079617977142334,-0.7548580169677734,14.10495376586914,0.8546075224876404
replicate,published,20,gq-region-t1,GQ,1.8698573112487793,0.8769351243972778,15.91694164276123,1.7218375205993652,-0.14801979064941406,13.601815223693848,0.8545495271682739
replicate,published,20,iq-capital-t0,IQ,1.196408748626709,0.9067599773406982,15.476361274719238,1.9240312576293945,0.7276225090026855,13.599424362182617,0.8787223100662231
replicate,published,20,iq-capital-t1,IQ,1.277998447418213,0.9063195586204529,15.080831527709961,1.8518180847167969,0.573819637298584,13.300237655639648,0.8819299936294556
replicate,published,20,iq-capital-t2,IQ,1.2119207382202148,0.9140419960021973,15.571375846862793,1.585141658782959,0.37322092056274414,13.514250755310059,0.8678905963897705
replicate,published,20,ke-capital-t0,KE,1.2236180305480957,0.9065709114074707,16.056978225708008,1.8016152381896973,0.5779972076416016,14.095359802246094,0.877833902835846
replicate,published,20,ke-capital-t1,KE,1.3779559135437012,0.8963534235954285,15.455879211425781,1.8370685577392578,0.45911264419555664,13.61890697479248,0.8811473250389099
replicate,published,20,ke-capital-t2,KE,1.337761402130127,0.9035143852233887,15.678316116333008,1.776716709136963,0.43895530700683594,13.716033935546875,0.874841034412384
replicate,published,20,ke-capital-t3,KE,1.233818531036377,0.9156712293624878,15.694953918457031,1.960068702697754,0.726250171661377,13.797622680664062,0.8791120052337646
replicate,published,20,ke-region-t0,KE,2.0151968002319336,0.8706756234169006,17.669513702392578,1.188547134399414,-0.8266496658325195,14.528419494628906,0.822230875492096
replicate,published,20,ke-region-t1,KE,1.8383188247680664,0.880409836769104,16.209524154663086,1.4778718948364258,-0.3604469299316406,13.873910903930664,0.8559110760688782
replicate,published,20,ke-region-t2,KE,1.7960586547851562,0.8803356289863586,16.263595581054688,1.6273713111877441,-0.1686873435974121,13.86910629272461,0.8527699708938599
replicate,published,20,ke-region-t3,KE,2.162332534790039,0.8623929023742676,17.893068313598633,1.32688570022583,-0.835446834564209,14.629115104675293,0.8175855875015259
replicate,published,20,kp-capital-t0,KP,1.2499432563781738,0.8955843448638916,15.52482795715332,1.8457918167114258,0.595848560333252,13.4400634765625,0.8657141923904419
replicate,published,20,kp-capital-t2,KP,1.1894044876098633,0.8965044021606445,15.655975341796875,1.4587364196777344,0.2693319320678711,13.645615577697754,0.8715915083885193
replicate,published,20,kr-capital-t0,KR,1.2170886993408203,0.8938664197921753,16.436161041259766,1.636601448059082,0.4195127487182617,14.288721084594727,0.8693466186523438
replicate,published,20,kr-capital-t1,KR,1.3200740814208984,0.9124308824539185,15.843483924865723,1.7161674499511719,0.39609336853027344,13.9382905960083,0.8797491192817688
replicate,published,20,kr-capital-t2,KR,1.3236083984375,0.8893717527389526,15.970221519470215,1.3508648872375488,0.027256488800048828,13.808979034423828,0.86467045545578
replicate,published,20,kr-capital-t3,KR,1.2185649871826172,0.8929840326309204,16.14353370666504,1.568800449371338,0.3502354621887207,13.881990432739258,0.859910249710083
replicate,published,20,kr-region-t0,KR,1.9785141944885254,0.8694713711738586,17.621952056884766,0.9714741706848145,-1.007040023803711,14.616488456726074,0.8294477462768555
replicate,published,20,kr-region-t1,KR,1.747098445892334,0.8816160559654236,16.181673049926758,1.3876066207885742,-0.35949182510375977,13.91621208190918,0.859998345375061
replicate,published,20,kr-region-t2,KR,1.8874716758728027,0.873319149017334,16.56537628173828,1.3116183280944824,-0.5758533477783203,14.241209983825684,0.8596973419189453
replicate,published,20,lk-capital-t0,LK,1.238347053527832,0.8955422639846802,15.778783798217773,1.6005563735961914,0.3622093200683594,13.902904510498047,0.8811138272285461
replicate,published,20,lk-capital-t1,LK,1.3838438987731934,0.9003416299819946,15.284797668457031,1.7806153297424316,0.3967714309692383,13.452868461608887,0.8801469802856445
replicate,published,20,lk-capital-t2,LK,1.273022174835205,0.8742821216583252,15.797184944152832,1.2590889930725098,-0.013933181762695312,13.578829765319824,0.8595727682113647
replicate,published,20,lk-capital-t3,LK,1.2051444053649902,0.9048920273780823,15.646055221557617,1.7157444953918457,0.5106000900268555,13.832178115844727,0.8840680718421936
replicate,published,20,sd-region-t0,SD,1.8354177474975586,0.8795050382614136,17.561643600463867,1.0780725479125977,-0.7573451995849609,14.481943130493164,0.824634850025177
replicate,published,20,sd-region-t1,SD,1.7477221488952637,0.8754781484603882,16.223312377929688,1.5981550216674805,-0.1495671272277832,13.819626808166504,0.8518375754356384
replicate,published,20,sd-region-t2,SD,1.7283892631530762,0.8839314579963684,16.512195587158203,1.207470417022705,-0.5209188461303711,14.036774635314941,0.8500853180885315
replicate,published,20,sd-region-t3,SD,1.965087890625,0.8551075458526611,17.751779556274414,1.2656302452087402,-0.6994576454162598,14.422744750976562,0.8124675154685974
replicate,published,20,sl-region-t0,SL,1.9123120307922363,0.8611990213394165,17.54336929321289,1.078660488128662,-0.8336515426635742,14.436683654785156,0.8229139447212219
replicate,published,20,sl-region-t2,SL,1.704726219177246,0.8906088471412659,16.052352905273438,1.283261775970459,-0.4214644432067871,13.92953109741211,0.8677563667297363
replicate,published,20,tr-capital-t0,TR,1.2318906784057617,0.9073671102523804,16.009504318237305,1.7127676010131836,0.4808769226074219,14.078205108642578,0.8793654441833496
replicate,published,20,tr-capital-t1,TR,1.3241281509399414,0.9194059371948242,15.314030647277832,1.6574506759643555,0.33332252502441406,13.4153470993042,0.8760167360305786
replicate,published,20,tr-capital-t2,TR,1.2673540115356445,0.8943203091621399,15.516122817993164,1.2315664291381836,-0.03578758239746094,13.607633590698242,0.8769996166229248
replicate,published,20,tr-currency-t0,TR,1.0546579360961914,0.9043914079666138,15.503026962280273,1.0133318901062012,-0.041326045989990234,14.335776329040527,0.9247081875801086
replicate,published,20,tr-currency-t2,TR,1.2759766578674316,0.8730834722518921,14.882050514221191,1.1061797142028809,-0.16979694366455078,13.139266014099121,0.8828935027122498
replicate,published,20,tr-currency-t3,TR,1.1830401420593262,0.8932679891586304,15.265824317932129,1.0609159469604492,-0.12212419509887695,14.0022554397583,0.9172289371490479
replicate,published,20,ua-region-t1,UA,1.8267121315002441,0.8835514783859253,16.221948623657227,1.474869728088379,-0.35184240341186523,13.768811225891113,0.848776638507843
replicate,published,20,ua-region-t2,UA,1.8620762825012207,0.8735374808311462,16.4017333984375,1.237708568572998,-0.6243677139282227,13.868073463439941,0.8455248475074768
replicate,published,21,cu-capital-t0,CU,1.3208627700805664,0.905539870262146,17.074167251586914,1.8064937591552734,0.48563098907470703,14.961956977844238,0.8762920498847961
replicate,published,21,cu-capital-t1,CU,1.3816628456115723,0.8979616165161133,16.779748916625977,2.135901927947998,0.7542390823364258,14.404973983764648,0.8584737777709961
replicate,published,21,cu-capital-t2,CU,1.3318023681640625,0.8904277086257935,16.958660125732422,1.5284390449523926,0.19663667678833008,14.376094818115234,0.8477140665054321
replicate,published,21,cu-capital-t3,CU,1.29874849319458,0.8999305963516235,16.796113967895508,1.8862810134887695,0.5875325202941895,14.677684783935547,0.8738738298416138
replicate,published,21,fi-capital-t0,FI,1.237497329711914,0.9068529605865479,17.704421997070312,1.408200740814209,0.17070341110229492,15.100927352905273,0.8529466390609741
replicate,published,21,fi-capital-t1,FI,1.3240633010864258,0.9041147828102112,17.308467864990234,1.5349245071411133,0.2108612060546875,14.83742904663086,0.8572352528572083
replicate,published,21,fi-capital-t2,FI,1.1805815696716309,0.9096148610115051,17.49663543701172,1.0041489601135254,-0.17643260955810547,14.959120750427246,0.8549712896347046
replicate,published,21,fi-currency-t0,FI,1.5673456192016602,0.8968248963356018,18.792516708374023,0.9546499252319336,-0.6126956939697266,15.863052368164062,0.8441153764724731
replicate,published,21,fi-currency-t1,FI,1.6557226181030273,0.8856217861175537,19.211872100830078,1.0011005401611328,-0.6546220779418945,16.036128997802734,0.8346989154815674
replicate,published,21,fi-currency-t2,FI,2.019289493560791,0.882673978805542,19.898889541625977,1.1233959197998047,-0.8958935737609863,16.198104858398438,0.8140205144882202
replicate,published,21,fi-currency-t3,FI,1.6722540855407715,0.8973841667175293,18.454912185668945,1.1014394760131836,-0.5708146095275879,15.750535011291504,0.8534603118896484
replicate,published,21,fi-region-t1,FI,1.35249662399292,0.8851230144500732,17.341127395629883,1.1540327072143555,-0.19846391677856445,15.01338005065918,0.865767240524292
replicate,published,21,fi-region-t2,FI,1.5567073822021484,0.8709238171577454,17.640287399291992,1.0837759971618652,-0.4729313850402832,15.191766738891602,0.8611972332000732
replicate,published,21,gm-region-t1,GM,1.4244685173034668,0.8796752095222473,17.12956428527832,1.3869729042053223,-0.03749561309814453,14.753463745117188,0.8612865805625916
replicate,published,21,gm-region-t2,GM,1.4051766395568848,0.8724338412284851,17.392684936523438,1.498243808746338,0.09306716918945312,14.945429801940918,0.8592939972877502
replicate,published,21,ie-capital-t0,IE,1.1773710250854492,0.9006657600402832,17.974605560302734,1.4690756797790527,0.2917046546936035,15.200807571411133,0.8456823825836182
replicate,published,21,ie-capital-t1,IE,1.2822456359863281,0.9059955477714539,17.1741886138916,1.4982967376708984,0.2160511016845703,14.612611770629883,0.8508473038673401
replicate,published,21,ie-capital-t2,IE,1.1905198097229004,0.901861846446991,17.471206665039062,1.3155860900878906,0.12506628036499023,14.867103576660156,0.8509488701820374
replicate,published,21,ie-capital-t3,IE,1.1432161331176758,0.9090878963470459,17.440288543701172,1.3675694465637207,0.22435331344604492,15.102470397949219,0.8659530282020569
replicate,published,21,ie-currency-t0,IE,1.7589116096496582,0.894699215888977,19.182703018188477,0.8147211074829102,-0.944190502166748,16.57695770263672,0.8641617298126221
replicate,published,21,ie-currency-t1,IE,1.8221840858459473,0.885456383228302,19.39066505432129,0.96274733543396,-0.8594367504119873,16.22444725036621,0.8367143273353577
replicate,published,21,ie-currency-t2,IE,2.232008457183838,0.8803579807281494,19.959043502807617,0.9881470203399658,-1.243861436843872,16.426734924316406,0.8230221271514893
replicate,published,21,ie-currency-t3,IE,1.8398551940917969,0.893697202205658,18.927778244018555,1.118055820465088,-0.721799373626709,16.060226440429688,0.8485003709793091
replicate,published,21,ie-region-t1,IE,1.4434852600097656,0.8775824904441833,17.422269821166992,1.1393365859985352,-0.30414867401123047,14.991432189941406,0.8604752421379089
replicate,published,21,ie-region-t2,IE,1.5674896240234375,0.8660784959793091,17.564058303833008,1.1867361068725586,-0.3807535171508789,15.337554931640625,0.8732352256774902
replicate,published,21,mg-region-t0,MG,1.7050895690917969,0.8633061647415161,18.726287841796875,1.188882827758789,-0.5162067413330078,15.480239868164062,0.8266582489013672
replicate,published,21,mg-region-t1,MG,1.366727352142334,0.8876966238021851,16.77972984313965,1.4416069984436035,0.07487964630126953,14.525398254394531,0.8656514883041382
replicate,published,21,mg-region-t2,MG,1.4470782279968262,0.8751998543739319,17.01725196838379,1.1996965408325195,-0.24738168716430664,14.640655517578125,0.8603419661521912
replicate,published,21,mg-region-t3,MG,1.7951111793518066,0.8494219779968262,18.903963088989258,0.9593632221221924,-0.8357479572296143,15.612098693847656,0.825863778591156
replicate,published,21,ml-region-t0,ML,1.796302318572998,0.8479762077331543,18.865032196044922,1.2319855690002441,-0.5643167495727539,15.340189933776855,0.8131546974182129
replicate,published,21,ml-region-t1,ML,1.479966640472412,0.8771383166313171,17.192995071411133,1.421055793762207,-0.05891084671020508,14.647306442260742,0.851934552192688
replicate,published,21,ml-region-t2,ML,1.494337558746338,0.8804738521575928,17.41643524169922,1.099301815032959,-0.3950357437133789,14.915724754333496,0.856416642665863
replicate,published,21,ml-region-t3,ML,1.8830437660217285,0.8462365865707397,18.83069610595703,1.009352684020996,-0.8736910820007324,15.47488021850586,0.8217901587486267
replicate,published,21,np-currency-t0,NP,1.703902244567871,0.8980880379676819,19.054203033447266,0.8440687656402588,-0.8598334789276123,15.897528648376465,0.8343318700790405
replicate,published,21,np-currency-t3,NP,1.7671375274658203,0.8870247006416321,18.62331199645996,0.9884195327758789,-0.7787179946899414,15.857233047485352,0.8514722585678101
replicate,published,21,np-region-t0,NP,1.6148276329040527,0.8695101141929626,19.012500762939453,1.0059924125671387,-0.6088352203369141,15.827646255493164,0.8324862718582153
replicate,published,21,nz-capital-t0,NZ,1.17254638671875,0.8946970105171204,17.43033218383789,1.6681323051452637,0.49558591842651367,14.86601448059082,0.852881908416748
replicate,published,21,nz-capital-t2,NZ,1.1626510620117188,0.8793751001358032,17.228832244873047,1.330451488494873,0.1678004264831543,14.367351531982422,0.833913266658783
replicate,published,21,nz-capital-t3,NZ,1.1366000175476074,0.8870058655738831,17.334678649902344,1.443596363067627,0.30699634552001953,14.81624984741211,0.8547173142433167
replicate,published,21,ph-capital-t1,PH,1.4012737274169922,0.898808479309082,16.455902099609375,2.175509452819824,0.774235725402832,14.179693222045898,0.8616782426834106
replicate,published,21,ph-capital-t2,PH,1.201134204864502,0.8964059352874756,17.603635787963867,1.6033172607421875,0.40218305587768555,14.728989601135254,0.8367015719413757
replicate,published,21,ph-currency-t0,PH,1.6826739311218262,0.8968924283981323,18.729087829589844,1.073683261871338,-0.6089906692504883,15.93057632446289,0.8505793809890747
replicate,published,21,ph-currency-t2,PH,2.209859848022461,0.8748688101768494,19.799732208251953,0.9574735164642334,-1.2523863315582275,16.080041885375977,0.812134325504303
replicate,published,21,ph-currency-t3,PH,1.778761386871338,0.8877840042114258,18.352357864379883,1.2562718391418457,-0.5224895477294922,15.420334815979004,0.8402372598648071
replicate,published,21,ph-region-t0,PH,1.7127656936645508,0.8672666549682617,18.95193862915039,1.0525288581848145,-0.6602368354797363,15.80160140991211,0.8337723016738892
replicate,published,21,ph-region-t2,PH,1.417158603668213,0.8694818019866943,17.516014099121094,1.244283676147461,-0.17287492752075195,14.966044425964355,0.8544206619262695
replicate,published,21,rs-region-t1,RS,1.440546989440918,0.8814737796783447,16.967891693115234,1.4345860481262207,-0.005960941314697266,14.567785263061523,0.8585501313209534
replicate,published,21,sa-capital-t0,SA,1.327718734741211,0.8997787237167358,17.8331356048584,1.2519125938415527,-0.0758061408996582,15.332756042480469,0.8597902655601501
replicate,published,21,sa-capital-t2,SA,1.3221540451049805,0.8794426918029785,17.795621871948242,1.4980063438415527,0.17585229873657227,14.893434524536133,0.8369156718254089
replicate,published,21,sa-capital-t3,SA,1.2883567810058594,0.8892977237701416,17.35483169555664,1.6566815376281738,0.36832475662231445,14.762786865234375,0.8506441712379456
replicate,published,21,sa-currency-t0,SA,1.5479726791381836,0.8997921347618103,18.993825912475586,0.7701218128204346,-0.777850866317749,16.070985794067383,0.846116304397583
replicate,published,21,sa-currency-t1,SA,1.6346230506896973,0.878366231918335,19.396766662597656,0.7345166206359863,-0.9001064300537109,16.24134063720703,0.8373220562934875
replicate,published,21,sa-currency-t2,SA,1.9844465255737305,0.8797435760498047,19.773683547973633,1.0413007736206055,-0.943145751953125,16.239259719848633,0.821256160736084
replicate,published,21,sa-currency-t3,SA,1.6641950607299805,0.8875150084495544,18.938148498535156,0.9621858596801758,-0.7020092010498047,16.017053604125977,0.8457560539245605
replicate,published,21,sk-region-t2,SK,1.496626853942871,0.8750826120376587,17.418149948120117,1.1485838890075684,-0.34804296493530273,14.847078323364258,0.852391242980957
replicate,published,21,sy-capital-t0,SY,1.2578177452087402,0.8926371335983276,17.786579132080078,1.6914033889770508,0.43358564376831055,14.933926582336426,0.8396176695823669
replicate,published,21,sy-capital-t1,SY,1.3555750846862793,0.8960398435592651,16.97444725036621,1.961033821105957,0.6054587364196777,14.290918350219727,0.8419077396392822
replicate,published,21,sy-capital-t2,SY,1.3000736236572266,0.8914496898651123,17.192829132080078,1.526130199432373,0.22605657577514648,14.400763511657715,0.8376029133796692
replicate,published,21,sy-capital-t3,SY,1.212660789489746,0.90038001537323,17.39632797241211,1.6555848121643066,0.44292402267456055,14.771565437316895,0.8491197228431702
replicate,published,21,td-region-t0,TD,1.7727956771850586,0.8666145205497742,18.57040023803711,1.1172270774841309,-0.6555685997009277,15.190093994140625,0.8179734349250793
replicate,published,21,td-region-t1,TD,1.4287476539611816,0.8791950345039368,16.900663375854492,1.4459691047668457,0.017221450805664062,14.439142227172852,0.8543536067008972
replicate,published,21,td-region-t2,TD,1.4521217346191406,0.8837370276451111,17.128314971923828,1.5204238891601562,0.06830215454101562,14.619405746459961,0.8535227179527283
replicate,published,21,xk-region-t1,XK,1.3252902030944824,0.8789386749267578,17.22196388244629,1.2304339408874512,-0.09485626220703125,14.744222640991211,0.856128990650177
replicate,published,21,xk-region-t2,XK,1.297968864440918,0.8822593688964844,17.48383331298828,1.073878288269043,-0.224090576171875,14.970848083496094,0.856268048286438
replicate,published,21,af-capital-t0,AF,1.288705825805664,0.8999375104904175,17.241899490356445,1.7906389236450195,0.5019330978393555,14.866805076599121,0.8622486591339111
replicate,published,21,al-region-t1,AL,1.338625431060791,0.8765121102333069,17.18166160583496,1.1664018630981445,-0.17222356796264648,14.836287498474121,0.8634955286979675
replicate,published,21,al-region-t2,AL,1.3311386108398438,0.8839201927185059,17.3988037109375,1.1817126274108887,-0.14942598342895508,14.94572925567627,0.8590090274810791
replicate,published,21,at-capital-t0,AT,1.2178030014038086,0.8960576057434082,17.620119094848633,1.4222278594970703,0.20442485809326172,14.754546165466309,0.8373692631721497
replicate,published,21,at-capital-t2,AT,1.1573128700256348,0.8903725147247314,17.353469848632812,1.3035907745361328,0.14627790451049805,14.422101020812988,0.831078827381134
replicate,published,21,at-capital-t3,AT,1.180201530456543,0.9013818502426147,17.275447845458984,1.4352803230285645,0.2550787925720215,14.755507469177246,0.8541316986083984
replicate,published,21,at-currency-t0,AT,1.655318260192871,0.9026713371276855,19.004396438598633,0.8588423728942871,-0.796475887298584,16.34133529663086,0.8598713278770447
replicate,published,21,at-currency-t1,AT,1.764279842376709,0.8900165557861328,19.227203369140625,1.0435876846313477,-0.7206921577453613,16.161035537719727,0.8405296802520752
replicate,published,21,at-currency-t2,AT,2.1798882484436035,0.879781186580658,19.871129989624023,1.085008144378662,-1.0948801040649414,16.145292282104492,0.8124999403953552
replicate,published,21,at-currency-t3,AT,1.7142353057861328,0.8994373679161072,18.80823516845703,0.9364373683929443,-0.7777979373931885,16.393247604370117,0.8715994358062744
replicate,published,21,at-region-t1,AT,1.4769649505615234,0.8855268955230713,17.392797470092773,0.924588680267334,-0.5523762702941895,14.931989669799805,0.8585156798362732
replicate,published,21,at-region-t2,AT,1.4456892013549805,0.871122419834137,17.46700668334961,0.8466007709503174,-0.5990884304046631,14.987983703613281,0.8580739498138428
replicate,published,21,bi-region-t0,BI,1.7961959838867188,0.8718897104263306,18.653833389282227,1.0966787338256836,-0.6995172500610352,15.33598518371582,0.822135865688324
replicate,published,21,bi-region-t1,BI,1.4103293418884277,0.8817171454429626,17.014942169189453,1.3941097259521484,-0.016219615936279297,14.64514446258545,0.860722541809082
replicate,published,21,bi-region-t2,BI,1.4792637825012207,0.8835469484329224,17.000286102294922,1.1455373764038086,-0.3337264060974121,14.684127807617188,0.8637576699256897
replicate,published,21,bi-region-t3,BI,1.8599319458007812,0.8581187725067139,18.731246948242188,1.0613155364990234,-0.7986164093017578,15.317394256591797,0.817745566368103
replicate,published,21,ci-region-t0,CI,1.8407173156738281,0.8607068061828613,19.104930877685547,1.0618767738342285,-0.7788405418395996,15.6572265625,0.8195385336875916
replicate,published,21,ci-region-t1,CI,1.4657692909240723,0.8769699931144714,17.51387596130371,1.3563098907470703,-0.10945940017700195,15.043156623840332,0.8589279055595398
replicate,published,21,ci-region-t2,CI,1.476475715637207,0.880888044834137,17.53249740600586,1.3152942657470703,-0.16118144989013672,14.982719421386719,0.8545684814453125
replicate,published,21,ci-region-t3,CI,1.9681196212768555,0.8547592163085938,19.1623477935791,0.8947353363037109,-1.0733842849731445,15.590134620666504,0.813581645488739
replicate,published,21,cz-capital-t0,CZ,1.2744641304016113,0.8975363969802856,17.28072166442871,1.6154541969299316,0.3409900665283203,14.492331504821777,0.8386415839195251
replicate,published,21,cz-capital-t1,CZ,1.3071632385253906,0.9060413241386414,17.067562103271484,1.8312196731567383,0.5240564346313477,14.462348937988281,0.8473588228225708
replicate,published,21,cz-capital-t2,CZ,1.1809320449829102,0.9001572132110596,17.159217834472656,1.4336943626403809,0.2527623176574707,14.319242477416992,0.8344927430152893
replicate,published,21,cz-region-t2,CZ,1.50938081741333,0.8684191703796387,17.594884872436523,1.129443645477295,-0.37993717193603516,15.014981269836426,0.8533719778060913
replicate,published,21,gn-region-t1,GN,1.427595615386963,0.8733371496200562,16.71372413635254,1.4625921249389648,0.03499650955200195,14.42099380493164,0.862823486328125
replicate,published,21,gn-region-t2,GN,1.4961986541748047,0.8667616844177246,17.534698486328125,1.361255168914795,-0.13494348526000977,15.00102710723877,0.8555052876472473
replicate,published,21,gq-region-t1,GQ,1.5849332809448242,0.8717372417449951,16.96247673034668,1.613234043121338,0.028300762176513672,14.506308555603027,0.855199933052063
replicate,published,21,iq-capital-t0,IQ,1.2497329711914062,0.9080038070678711,17.10319709777832,1.6794085502624512,0.4296755790710449,14.686544418334961,0.8587017059326172
replicate,published,21,iq-capital-t1,IQ,1.3211264610290527,0.9066633582115173,16.87959098815918,1.7159161567687988,0.3947896957397461,14.568175315856934,0.8630644679069519
replicate,published,21,iq-capital-t2,IQ,1.2031726837158203,0.9097464084625244,17.20363426208496,1.4362859725952148,0.23311328887939453,14.538565635681152,0.8450868725776672
replicate,published,21,ke-capital-t0,KE,1.2742276191711426,0.9002619385719299,17.78995704650879,1.5753583908081055,0.3011307716369629,15.11688232421875,0.8497424721717834
replicate,published,21,ke-capital-t1,KE,1.3841285705566406,0.8946982622146606,17.393817901611328,1.6158294677734375,0.23170089721679688,14.798050880432129,0.8507649898529053
replicate,published,21,ke-capital-t2,KE,1.3316702842712402,0.9069005250930786,17.50606346130371,1.4600133895874023,0.1283431053161621,14.805591583251953,0.845740795135498
replicate,published,21,ke-capital-t3,KE,1.2526731491088867,0.9101195335388184,17.343055725097656,1.6889400482177734,0.4362668991088867,14.891026496887207,0.858616054058075
replicate,published,21,ke-region-t0,KE,1.792032241821289,0.8688902258872986,19.209430694580078,1.0918545722961426,-0.7001776695251465,15.783084869384766,0.8216320872306824
replicate,published,21,ke-region-t1,KE,1.4661574363708496,0.8757083415985107,17.56542205810547,1.3880410194396973,-0.07811641693115234,14.993997573852539,0.8536087274551392
replicate,published,21,ke-region-t2,KE,1.4794607162475586,0.8803077936172485,17.61693000793457,1.312882900238037,-0.16657781600952148,14.949422836303711,0.8485827445983887
replicate,published,21,ke-region-t3,KE,1.9337701797485352,0.8528773784637451,19.234256744384766,1.3228693008422852,-0.61090087890625,15.651836395263672,0.8137479424476624
replicate,published,21,kp-capital-t0,KP,1.3308939933776855,0.8971333503723145,16.872509002685547,1.6538667678833008,0.32297277450561523,14.283966064453125,0.8465822339057922
replicate,published,21,kp-capital-t2,KP,1.2006149291992188,0.8960188031196594,17.15445327758789,1.50471830368042,0.30410337448120117,14.493440628051758,0.8448792099952698
replicate,published,21,kr-capital-t0,KR,1.3041911125183105,0.8894317746162415,17.959272384643555,1.5515332221984863,0.24734210968017578,15.12415885925293,0.8421365022659302
replicate,published,21,kr-capital-t1,KR,1.3631820678710938,0.9021230936050415,17.534591674804688,1.6429696083068848,0.279787540435791,15.034109115600586,0.8573971390724182
replicate,published,21,kr-capital-t2,KR,1.3387632369995117,0.8867318630218506,17.78249168395996,1.2143559455871582,-0.12440729141235352,14.943971633911133,0.8403756022453308
replicate,published,21,kr-capital-t3,KR,1.2394084930419922,0.8892405033111572,17.473100662231445,1.447068214416504,0.20765972137451172,14.7417573928833,0.8436829447746277
replicate,published,21,kr-region-t0,KR,1.8239493370056152,0.86456298828125,19.093482971191406,0.8255925178527832,-0.998356819152832,15.896815299987793,0.8325780630111694
replicate,published,21,kr-region-t1,KR,1.4056363105773926,0.8776824474334717,17.500185012817383,1.181966781616211,-0.22366952896118164,15.010750770568848,0.8577480912208557
replicate,published,21,kr-region-t2,KR,1.5288138389587402,0.8667812347412109,17.678224563598633,1.1311492919921875,-0.39766454696655273,15.249039649963379,0.8625888824462891
replicate,published,21,lk-capital-t0,LK,1.2743468284606934,0.8983117938041687,17.576400756835938,1.4923901557922363,0.21804332733154297,14.973098754882812,0.851886510848999
replicate,published,21,lk-capital-t1,LK,1.4082136154174805,0.8942680358886719,17.190481185913086,1.840712070465088,0.4324984550476074,14.643131256103516,0.8518162369728088
replicate,published,21,lk-capital-t2,LK,1.295135498046875,0.876714825630188,17.797456741333008,1.325493335723877,0.030357837677001953,14.642833709716797,0.8227486610412598
replicate,published,21,lk-capital-t3,LK,1.2252616882324219,0.9036513566970825,17.309410095214844,1.7989234924316406,0.5736618041992188,15.001355171203613,0.8666589260101318
replicate,published,21,sd-region-t0,SD,1.5979399681091309,0.8750972747802734,19.046016693115234,1.0035910606384277,-0.5943489074707031,15.568188667297363,0.8173986673355103
replicate,published,21,sd-region-t1,SD,1.3527908325195312,0.8741055130958557,17.486452102661133,1.3934392929077148,0.040648460388183594,14.852702140808105,0.8493834137916565
replicate,published,21,sd-region-t2,SD,1.3718409538269043,0.8772067427635193,17.774032592773438,1.0782928466796875,-0.2935481071472168,15.132024765014648,0.8513557314872742
replicate,published,21,sd-region-t3,SD,1.7272834777832031,0.8484584093093872,19.06221580505371,1.0244193077087402,-0.7028641700744629,15.317437171936035,0.8035496473312378
replicate,published,21,sl-region-t0,SL,1.7182307243347168,0.8573189377784729,18.880329132080078,1.1655611991882324,-0.5526695251464844,15.431184768676758,0.8173154592514038
replicate,published,21,sl-region-t2,SL,1.421048641204834,0.8864542245864868,17.2894229888916,1.0952844619750977,-0.32576417922973633,14.800117492675781,0.8560214638710022
replicate,published,21,tr-capital-t0,TR,1.291365623474121,0.8994906544685364,17.60223960876465,1.6193466186523438,0.32798099517822266,14.972832679748535,0.8506208658218384
replicate,published,21,tr-capital-t1,TR,1.3683228492736816,0.9047749638557434,17.071063995361328,1.673506736755371,0.30518388748168945,14.526224136352539,0.8509266972541809
replicate,published,21,tr-capital-t2,TR,1.2680854797363281,0.8930513262748718,17.26093864440918,1.2353510856628418,-0.03273439407348633,14.619280815124512,0.8469574451446533
replicate,published,21,tr-currency-t0,TR,1.7063450813293457,0.8913949728012085,19.25403594970703,0.950916051864624,-0.7554290294647217,16.339874267578125,0.8486467003822327
replicate,published,21,tr-currency-t2,TR,2.12435245513916,0.8610720038414001,19.823726654052734,1.1597328186035156,-0.9646196365356445,15.241745948791504,0.7688637971878052
replicate,published,21,tr-currency-t3,TR,1.7454843521118164,0.8928192257881165,18.7664794921875,1.030076026916504,-0.7154083251953125,16.338092803955078,0.8705997467041016
replicate,published,21,ua-region-t1,UA,1.4004697799682617,0.8752169013023376,17.477895736694336,1.3415822982788086,-0.058887481689453125,14.804676055908203,0.8470513820648193
replicate,published,21,ua-region-t2,UA,1.4305310249328613,0.8700335025787354,17.603132247924805,1.294344425201416,-0.1361865997314453,14.873329162597656,0.8449251651763916
replicate,published,22,cu-capital-t0,CU,1.868739128112793,0.9001416563987732,18.677825927734375,2.1144862174987793,0.24574708938598633,16.40822410583496,0.8784868121147156
replicate,published,22,cu-capital-t1,CU,2.061619758605957,0.8948660492897034,18.92544937133789,2.371349811553955,0.30973005294799805,16.446060180664062,0.8689917922019958
replicate,published,22,cu-capital-t2,CU,2.262094020843506,0.8942188024520874,19.01392364501953,1.7531471252441406,-0.5089468955993652,16.423664093017578,0.8637703657150269
replicate,published,22,cu-capital-t3,CU,1.814539909362793,0.9019210934638977,18.70724868774414,2.2064642906188965,0.3919243812561035,16.505077362060547,0.8822824358940125
replicate,published,22,fi-capital-t0,FI,2.065673351287842,0.90132075548172,19.659847259521484,2.063169479370117,-0.0025038719177246094,16.81685447692871,0.8553909063339233
replicate,published,22,fi-capital-t1,FI,2.2975449562072754,0.8982267379760742,19.726354598999023,2.1231813430786133,-0.1743636131286621,16.881620407104492,0.8557901978492737
replicate,published,22,fi-capital-t2,FI,2.2990007400512695,0.9029154777526855,19.673648834228516,1.6711578369140625,-0.627842903137207,16.718236923217773,0.8497781753540039
replicate,published,22,fi-currency-t0,FI,1.2508811950683594,0.9041785001754761,21.1302547454834,0.9601929187774658,-0.29068827629089355,18.29119873046875,0.8656402230262756
replicate,published,22,fi-currency-t1,FI,1.379648208618164,0.8851351737976074,21.2623348236084,1.003171443939209,-0.3764767646789551,18.41980743408203,0.8663116097450256
replicate,published,22,fi-currency-t2,FI,1.5270519256591797,0.8777970671653748,21.546707153320312,1.1567349433898926,-0.3703169822692871,18.392648696899414,0.8536176085472107
replicate,published,22,fi-currency-t3,FI,1.5309205055236816,0.895087480545044,20.903100967407227,1.1055192947387695,-0.4254012107849121,18.132089614868164,0.8674353957176208
replicate,published,22,fi-region-t1,FI,1.801830768585205,0.8778887391090393,20.33780288696289,1.1300606727600098,-0.6717700958251953,18.029800415039062,0.8865166306495667
replicate,published,22,fi-region-t2,FI,2.0027503967285156,0.8638660907745361,20.040395736694336,1.106879711151123,-0.8958706855773926,17.976001739501953,0.8969883322715759
replicate,published,22,gm-region-t1,GM,1.5711827278137207,0.8878404498100281,19.99578857421875,1.4693965911865234,-0.10178613662719727,17.66537094116211,0.8834545612335205
replicate,published,22,gm-region-t2,GM,1.5356874465942383,0.8776990175247192,19.96991539001465,1.4105830192565918,-0.12510442733764648,17.675434112548828,0.8851031064987183
replicate,published,22,ie-capital-t0,IE,1.752246379852295,0.9044994711875916,19.95049476623535,1.8457093238830566,0.09346294403076172,17.13846778869629,0.8590497374534607
replicate,published,22,ie-capital-t1,IE,2.090074062347412,0.9095678329467773,19.748876571655273,1.8783397674560547,-0.21173429489135742,16.974267959594727,0.8595054745674133
replicate,published,22,ie-capital-t2,IE,2.1388115882873535,0.8999313712120056,19.652042388916016,1.4740772247314453,-0.6647343635559082,16.776046752929688,0.8536540865898132
replicate,published,22,ie-capital-t3,IE,1.6786108016967773,0.9125314950942993,19.626638412475586,1.6903009414672852,0.011690139770507812,17.110248565673828,0.8717870116233826
replicate,published,22,ie-currency-t0,IE,1.3507628440856934,0.9049478769302368,21.483903884887695,0.9192056655883789,-0.43155717849731445,19.293331146240234,0.898036539554596
replicate,published,22,ie-currency-t1,IE,1.476503849029541,0.8905811309814453,21.475996017456055,0.9272871017456055,-0.5492167472839355,18.74888038635254,0.8730156421661377
replicate,published,22,ie-currency-t2,IE,1.6136174201965332,0.8820871710777283,21.58844757080078,0.9312775135040283,-0.6823399066925049,18.638214111328125,0.8633420467376709
replicate,published,22,ie-currency-t3,IE,1.6428422927856445,0.8963478803634644,21.319839477539062,1.1116957664489746,-0.5311465263366699,18.551286697387695,0.8701419234275818
replicate,published,22,ie-region-t1,IE,1.8932299613952637,0.8746779561042786,20.44407081604004,1.324056625366211,-0.5691733360290527,18.04084014892578,0.8824485540390015
replicate,published,22,ie-region-t2,IE,1.9361209869384766,0.8603329658508301,20.260906219482422,1.0409235954284668,-0.8951973915100098,18.413787841796875,0.908833384513855
replicate,published,22,mg-region-t0,MG,1.7629876136779785,0.8575313091278076,20.38062858581543,1.1950182914733887,-0.5679693222045898,17.353878021240234,0.8514888286590576
replicate,published,22,mg-region-t1,MG,1.5714054107666016,0.889230489730835,19.755870819091797,1.7564988136291504,0.18509340286254883,17.45588493347168,0.8835796117782593
replicate,published,22,mg-region-t2,MG,1.6415643692016602,0.8811848163604736,19.80129051208496,1.634300708770752,-0.007263660430908203,17.470888137817383,0.8823105692863464
replicate,published,22,mg-region-t3,MG,1.882887840270996,0.8386443853378296,20.305423736572266,1.1553974151611328,-0.7274904251098633,17.40507698059082,0.8571639657020569
replicate,published,22,ml-region-t0,ML,1.8838462829589844,0.8433481454849243,20.421939849853516,1.2768163681030273,-0.607029914855957,17.215307235717773,0.8429809808731079
replicate,published,22,ml-region-t1,ML,1.6816143989562988,0.8808115720748901,20.12255096435547,1.758751392364502,0.07713699340820312,17.488325119018555,0.8690908551216125
replicate,published,22,ml-region-t2,ML,1.6672940254211426,0.8856073617935181,20.2473201751709,1.3545665740966797,-0.3127274513244629,17.91773223876953,0.8849433660507202
replicate,published,22,ml-region-t3,ML,2.047616958618164,0.8361589908599854,20.227643966674805,1.1064643859863281,-0.9411525726318359,17.211288452148438,0.8508795499801636
replicate,published,22,np-currency-t0,NP,1.3134913444519043,0.9068735837936401,21.390722274780273,0.9682009220123291,-0.3452904224395752,18.640417098999023,0.8714253306388855
replicate,published,22,np-currency-t3,NP,1.7028841972351074,0.8997124433517456,21.12962532043457,0.8385553359985352,-0.8643288612365723,18.270334243774414,0.8646785616874695
replicate,published,22,np-region-t0,NP,1.8553547859191895,0.858015775680542,20.71665382385254,1.2686614990234375,-0.586693286895752,17.8638916015625,0.8622961640357971
replicate,published,22,nz-capital-t0,NZ,1.8155303001403809,0.8968033194541931,19.598241806030273,1.9348597526550293,0.11932945251464844,16.511093139648438,0.8424782752990723
replicate,published,22,nz-capital-t2,NZ,2.1933817863464355,0.8811860084533691,19.707353591918945,1.6358585357666016,-0.557523250579834,16.415084838867188,0.8329421281814575
replicate,published,22,nz-capital-t3,NZ,1.7982254028320312,0.8947207927703857,19.86972427368164,1.7839007377624512,-0.014324665069580078,16.907859802246094,0.8509358167648315
replicate,published,22,ph-capital-t1,PH,2.042508125305176,0.9016766548156738,18.990877151489258,2.262624740600586,0.22011661529541016,16.315204620361328,0.859107494354248
replicate,published,22,ph-capital-t2,PH,1.914982795715332,0.8967828750610352,19.88984489440918,1.791440486907959,-0.12354230880737305,16.751018524169922,0.8421894907951355
replicate,published,22,ph-currency-t0,PH,1.4188013076782227,0.9014692306518555,21.13014793395996,1.1010313034057617,-0.31777000427246094,18.130176544189453,0.8580241203308105
replicate,published,22,ph-currency-t2,PH,1.5775823593139648,0.8795679807662964,21.675418853759766,1.0067110061645508,-0.5708713531494141,18.42993927001953,0.8502691388130188
replicate,published,22,ph-currency-t3,PH,1.819343090057373,0.8945139050483704,20.8693904876709,1.2398929595947266,-0.5794501304626465,17.58571434020996,0.8426558375358582
replicate,published,22,ph-region-t0,PH,1.961695671081543,0.8599509000778198,20.584423065185547,1.1745333671569824,-0.7871623039245605,17.600526809692383,0.8550410270690918
replicate,published,22,ph-region-t2,PH,1.7044215202331543,0.8691172003746033,20.19437599182129,1.4956645965576172,-0.2087569236755371,17.888593673706055,0.8858205676078796
replicate,published,22,rs-region-t1,RS,1.9161763191223145,0.8796297311782837,19.90110969543457,1.314115047454834,-0.6020612716674805,17.542125701904297,0.8814647197723389
replicate,published,22,sa-capital-t0,SA,2.07106876373291,0.8965458869934082,19.890609741210938,1.7360515594482422,-0.33501720428466797,17.050804138183594,0.8572288155555725
replicate,published,22,sa-capital-t2,SA,2.1180148124694824,0.8802918791770935,20.080957412719727,1.6834759712219238,-0.4345388412475586,16.855480194091797,0.8393763303756714
replicate,published,22,sa-capital-t3,SA,1.9754934310913086,0.8876987099647522,19.64569091796875,1.8567485809326172,-0.1187448501586914,16.7171630859375,0.8509328365325928
replicate,published,22,sa-currency-t0,SA,1.2478132247924805,0.9070202708244324,21.163959503173828,0.7017602920532227,-0.5460529327392578,18.63431739807129,0.8804740905761719
replicate,published,22,sa-currency-t1,SA,1.353611946105957,0.8865307569503784,21.347078323364258,0.7359561920166016,-0.6176557540893555,18.681982040405273,0.8751540780067444
replicate,published,22,sa-currency-t2,SA,1.4929351806640625,0.8886843919754028,21.679759979248047,0.8091354370117188,-0.6837997436523438,18.494609832763672,0.8530818819999695
replicate,published,22,sa-currency-t3,SA,1.5366439819335938,0.8897144198417664,21.234397888183594,0.9066867828369141,-0.6299571990966797,18.473125457763672,0.8699622750282288
replicate,published,22,sk-region-t2,SK,1.8486361503601074,0.8739774823188782,20.1741886138916,1.2181668281555176,-0.6304693222045898,17.98474884033203,0.8914732336997986
replicate,published,22,sy-capital-t0,SY,1.933976173400879,0.890704333782196,19.62938690185547,2.0291175842285156,0.09514141082763672,16.52509880065918,0.8418550491333008
replicate,published,22,sy-capital-t1,SY,2.1247944831848145,0.8973132967948914,19.426034927368164,2.2967491149902344,0.17195463180541992,16.433923721313477,0.8459741473197937
replicate,published,22,sy-capital-t2,SY,2.108701229095459,0.8918110728263855,19.38347625732422,1.9371719360351562,-0.17152929306030273,16.294513702392578,0.8406394124031067
replicate,published,22,sy-capital-t3,SY,1.8822484016418457,0.8991851210594177,19.460451126098633,1.9791984558105469,0.09695005416870117,16.7655029296875,0.8615166544914246
replicate,published,22,td-region-t0,TD,1.8486552238464355,0.8530192375183105,20.183107376098633,1.3897857666015625,-0.45886945724487305,17.082494735717773,0.8463758826255798
replicate,published,22,td-region-t1,TD,1.7126331329345703,0.8863041400909424,19.825225830078125,1.4931411743164062,-0.21949195861816406,17.29692268371582,0.8724703788757324
replicate,published,22,td-region-t2,TD,1.6941585540771484,0.8898442983627319,19.9562931060791,1.5098576545715332,-0.18430089950561523,17.462343215942383,0.8750293850898743
replicate,published,22,xk-region-t1,XK,1.6240787506103516,0.8852599859237671,20.306655883789062,1.1284890174865723,-0.4955897331237793,17.82659339904785,0.8778694868087769
replicate,published,22,xk-region-t2,XK,1.539360523223877,0.8851228952407837,20.502635955810547,1.1009864807128906,-0.43837404251098633,18.142168045043945,0.8848700523376465
replicate,published,22,af-capital-t0,AF,2.0145459175109863,0.9029884338378906,19.333694458007812,2.035283088684082,0.020737171173095703,16.516366958618164,0.8542788624763489
replicate,published,22,al-region-t1,AL,1.6331872940063477,0.8773661851882935,20.257741928100586,1.2387914657592773,-0.3943958282470703,18.09213638305664,0.8930974006652832
replicate,published,22,al-region-t2,AL,1.5473237037658691,0.8843215703964233,20.35540199279785,1.2489118576049805,-0.29841184616088867,17.95320701599121,0.8819873332977295
replicate,published,22,at-capital-t0,AT,1.916151523590088,0.896382212638855,19.616741180419922,1.8303804397583008,-0.08577108383178711,16.77161979675293,0.8549646139144897
replicate,published,22,at-capital-t2,AT,2.1903820037841797,0.8871787190437317,19.613168716430664,1.5383315086364746,-0.6520504951477051,16.31528091430664,0.8318533897399902
replicate,published,22,at-capital-t3,AT,1.8221864700317383,0.9038599729537964,19.492172241210938,1.7742090225219727,-0.047977447509765625,16.922584533691406,0.868173360824585
replicate,published,22,at-currency-t0,AT,1.2410593032836914,0.9039361476898193,21.156068801879883,0.9366941452026367,-0.3043651580810547,19.004091262817383,0.8982808589935303
replicate,published,22,at-currency-t1,AT,1.376488208770752,0.8919313549995422,21.310653686523438,1.0153765678405762,-0.3611116409301758,18.6908016204834,0.8770637512207031
replicate,published,22,at-currency-t2,AT,1.5305023193359375,0.8763912916183472,21.384197235107422,1.0651330947875977,-0.46536922454833984,18.37617301940918,0.8593342304229736
replicate,published,22,at-currency-t3,AT,1.4562273025512695,0.8955801725387573,21.104816436767578,0.8772084712982178,-0.5790188312530518,18.848833084106445,0.8931057453155518
replicate,published,22,at-region-t1,AT,1.9865436553955078,0.8820769786834717,20.363178253173828,1.0339689254760742,-0.9525747299194336,17.9554386138916,0.8817601203918457
replicate,published,22,at-region-t2,AT,1.7998452186584473,0.8691176772117615,20.091636657714844,0.8827087879180908,-0.9171364307403564,18.17460060119629,0.9045853614807129
replicate,published,22,bi-region-t0,BI,1.8103814125061035,0.8585195541381836,20.288055419921875,1.3422064781188965,-0.46817493438720703,17.15355682373047,0.8455002903938293
replicate,published,22,bi-region-t1,BI,1.5576038360595703,0.8851509094238281,19.827590942382812,1.5484189987182617,-0.009184837341308594,17.58989906311035,0.887142539024353
replicate,published,22,bi-region-t2,BI,1.6998786926269531,0.8902146220207214,19.884868621826172,1.5855507850646973,-0.11432790756225586,17.52846336364746,0.8814975619316101
replicate,published,22,bi-region-t3,BI,1.8957734107971191,0.8424475789070129,20.201465606689453,1.204636573791504,-0.6911368370056152,17.224807739257812,0.8526514172554016
replicate,published,22,ci-region-t0,CI,1.7906889915466309,0.8543301224708557,20.738910675048828,1.1404328346252441,-0.6502561569213867,17.804697036743164,0.8585165143013
replicate,published,22,ci-region-t1,CI,1.563873291015625,0.8839247226715088,20.43966293334961,1.4656028747558594,-0.09827041625976562,18.133508682250977,0.8871725797653198
replicate,published,22,ci-region-t2,CI,1.6524763107299805,0.8857828378677368,20.50105094909668,1.568343162536621,-0.08413314819335938,18.071636199951172,0.8814980387687683
replicate,published,22,ci-region-t3,CI,1.9534807205200195,0.8461421728134155,20.6044921875,1.1558809280395508,-0.7975997924804688,17.53765106201172,0.8511566519737244
replicate,published,22,cz-capital-t0,CZ,2.075349807739258,0.8955109119415283,19.36722183227539,1.8457274436950684,-0.22962236404418945,16.212316513061523,0.8371008038520813
replicate,published,22,cz-capital-t1,CZ,2.169647693634033,0.9021095037460327,19.477828979492188,2.061494827270508,-0.10815286636352539,16.489152908325195,0.8465601205825806
replicate,published,22,cz-capital-t2,CZ,2.2893362045288086,0.8964722752571106,19.54743766784668,1.7011590003967285,-0.5881772041320801,16.157941818237305,0.826601505279541
replicate,published,22,cz-region-t2,CZ,1.9376015663146973,0.8684554100036621,20.259077072143555,1.1412372589111328,-0.7963643074035645,18.134973526000977,0.8951529860496521
replicate,published,22,gn-region-t1,GN,1.6060242652893066,0.8827818036079407,19.580371856689453,1.7752065658569336,0.16918230056762695,17.29437828063965,0.8832507729530334
replicate,published,22,gn-region-t2,GN,1.6477947235107422,0.8699244260787964,20.17487335205078,1.295802116394043,-0.3519926071166992,18.131961822509766,0.8987398147583008
replicate,published,22,gq-region-t1,GQ,1.7627253532409668,0.8793814182281494,19.732149124145508,1.489835262298584,-0.2728900909423828,17.521207809448242,0.8879523277282715
replicate,published,22,iq-capital-t0,IQ,1.8070611953735352,0.905979573726654,19.324222564697266,2.073269844055176,0.2662086486816406,16.732624053955078,0.8658885955810547
replicate,published,22,iq-capital-t1,IQ,1.9527201652526855,0.9060694575309753,19.491994857788086,2.217618942260742,0.26489877700805664,16.979658126831055,0.8711093068122864
replicate,published,22,iq-capital-t2,IQ,1.7798128128051758,0.9095965027809143,19.525766372680664,1.8059287071228027,0.026115894317626953,16.760190963745117,0.8583627939224243
replicate,published,22,ke-capital-t0,KE,1.9104876518249512,0.8985472321510315,19.828838348388672,1.917886734008789,0.007399082183837891,16.66202163696289,0.8402923941612244
replicate,published,22,ke-capital-t1,KE,2.1092562675476074,0.8988512754440308,19.952167510986328,2.016695022583008,-0.09256124496459961,17.170026779174805,0.8605594635009766
replicate,published,22,ke-capital-t2,KE,2.0017247200012207,0.9004243612289429,19.65234375,2.0039753913879395,0.00225067138671875,16.716890335083008,0.8506308794021606
replicate,published,22,ke-capital-t3,KE,1.8281102180480957,0.9127576351165771,19.566173553466797,2.0815248489379883,0.2534146308898926,16.733224868774414,0.8552119135856628
replicate,published,22,ke-region-t0,KE,1.8860630989074707,0.8597328066825867,20.937973022460938,1.2340922355651855,-0.6519708633422852,17.947765350341797,0.8571873307228088
replicate,published,22,ke-region-t1,KE,1.675220012664795,0.8813914060592651,20.489242553710938,1.6875357627868652,0.012315750122070312,17.94139289855957,0.8756493926048279
replicate,published,22,ke-region-t2,KE,1.7115254402160645,0.8837738037109375,20.55398178100586,1.413658618927002,-0.2978668212890625,17.984865188598633,0.875006377696991
replicate,published,22,ke-region-t3,KE,2.0176286697387695,0.8447346687316895,20.771099090576172,1.3345327377319336,-0.6830959320068359,17.39630699157715,0.8375246524810791
replicate,published,22,kp-capital-t0,KP,2.0840539932250977,0.9007633924484253,18.76099967956543,2.037557601928711,-0.04649639129638672,15.865471839904785,0.8456624150276184
replicate,published,22,kp-capital-t2,KP,2.1119508743286133,0.897851288318634,19.093555450439453,1.8771424293518066,-0.23480844497680664,16.322378158569336,0.8548632264137268
replicate,published,22,kr-capital-t0,KR,1.9976019859313965,0.8838599324226379,19.860795974731445,1.9585652351379395,-0.03903675079345703,16.719463348388672,0.8418325185775757
replicate,published,22,kr-capital-t1,KR,2.1507186889648438,0.9010827541351318,19.77511215209961,1.9895291328430176,-0.16118955612182617,16.962553024291992,0.8577727675437927
replicate,published,22,kr-capital-t2,KR,2.348997116088867,0.8828088641166687,19.94615364074707,1.6073994636535645,-0.7415976524353027,16.708209991455078,0.8376657366752625
replicate,published,22,kr-capital-t3,KR,1.9321537017822266,0.893458366394043,19.67459487915039,1.8500170707702637,-0.08213663101196289,16.67914581298828,0.8477504253387451
replicate,published,22,kr-region-t0,KR,2.106715679168701,0.852286696434021,20.608808517456055,1.0832457542419434,-1.0234699249267578,17.698881149291992,0.8588017821311951
replicate,published,22,kr-region-t1,KR,1.8306455612182617,0.8751175999641418,20.480791091918945,1.2009344100952148,-0.6297111511230469,17.885509490966797,0.8732821345329285
replicate,published,22,kr-region-t2,KR,1.7369050979614258,0.8670327067375183,20.07063865661621,1.3848819732666016,-0.3520231246948242,17.75348472595215,0.8845500946044922
replicate,published,22,lk-capital-t0,LK,1.8544840812683105,0.9004442691802979,19.671157836914062,1.8779492378234863,0.02346515655517578,16.70928192138672,0.849430501461029
replicate,published,22,lk-capital-t1,LK,2.171815872192383,0.9032686948776245,19.91943359375,2.0129380226135254,-0.15887784957885742,17.05044937133789,0.8559706211090088
replicate,published,22,lk-capital-t2,LK,2.091495990753174,0.8899528980255127,20.004634857177734,1.7006807327270508,-0.39081525802612305,16.868072509765625,0.8432081937789917
replicate,published,22,lk-capital-t3,LK,1.780862808227539,0.9131032824516296,19.621028900146484,1.9633793830871582,0.18251657485961914,17.04374885559082,0.868647038936615
replicate,published,22,sd-region-t0,SD,1.6414976119995117,0.8614702820777893,20.77801513671875,1.26206636428833,-0.37943124771118164,17.842761993408203,0.8587327599525452
replicate,published,22,sd-region-t1,SD,1.545969009399414,0.8797059059143066,20.493961334228516,1.4400262832641602,-0.1059427261352539,18.07948112487793,0.8821857571601868
replicate,published,22,sd-region-t2,SD,1.605696678161621,0.8795393109321594,20.469818115234375,1.2466273307800293,-0.3590693473815918,18.233667373657227,0.8907586336135864
replicate,published,22,sd-region-t3,SD,1.7240891456604004,0.8422806262969971,20.51980209350586,1.1771011352539062,-0.5469880104064941,17.445755004882812,0.8501911759376526
replicate,published,22,sl-region-t0,SL,1.7793121337890625,0.8496975302696228,20.556921005249023,1.2868919372558594,-0.4924201965332031,17.513349533081055,0.8519442081451416
replicate,published,22,sl-region-t2,SL,1.6636672019958496,0.8869044184684753,20.256074905395508,1.3502106666564941,-0.31345653533935547,17.819419860839844,0.8797074556350708
replicate,published,22,tr-capital-t0,TR,2.091026782989502,0.899896502494812,19.70513916015625,1.896338939666748,-0.1946878433227539,16.733261108398438,0.8491826057434082
replicate,published,22,tr-capital-t1,TR,2.338827610015869,0.9002617001533508,19.66832160949707,1.9299960136413574,-0.4088315963745117,16.744287490844727,0.8513327836990356
replicate,published,22,tr-capital-t2,TR,2.434882164001465,0.8924421072006226,19.761117935180664,1.5166020393371582,-0.9182801246643066,16.610410690307617,0.840560257434845
replicate,published,22,tr-currency-t0,TR,1.3311128616333008,0.8954075574874878,21.557058334350586,1.0819807052612305,-0.2491321563720703,18.673044204711914,0.8662148714065552
replicate,published,22,tr-currency-t2,TR,1.517817497253418,0.8674777746200562,21.629287719726562,1.058701992034912,-0.45911550521850586,17.67038345336914,0.8169655799865723
replicate,published,22,tr-currency-t3,TR,1.5296025276184082,0.8935835957527161,21.258085250854492,1.1280512809753418,-0.4015512466430664,18.36449432373047,0.8638827800750732
replicate,published,22,ua-region-t1,UA,1.7842426300048828,0.876575231552124,20.384138107299805,1.3404088020324707,-0.4438338279724121,17.705842971801758,0.868608832359314
replicate,published,22,ua-region-t2,UA,1.6719918251037598,0.8695008754730225,20.270227432250977,1.4060473442077637,-0.2659444808959961,17.956104278564453,0.8858363628387451
replicate,own_fresh,16,cu-capital-t0,CU,0.8544614315032959,0.9939682483673096,11.587957382202148,0.6765365600585938,-0.17792487144470215,11.526106834411621,0.9946625232696533
replicate,own_fresh,16,cu-capital-t1,CU,0.8397228717803955,0.9896109700202942,10.61550521850586,0.5651566982269287,-0.2745661735534668,10.51150894165039,0.9902033805847168
replicate,own_fresh,16,cu-capital-t2,CU,1.3410286903381348,0.9951671957969666,10.405017852783203,0.6218268871307373,-0.7192018032073975,10.362337112426758,0.9958980679512024
replicate,own_fresh,16,cu-capital-t3,CU,0.8615195751190186,0.9944965839385986,11.175196647644043,0.6277666091918945,-0.23375296592712402,11.110872268676758,0.9942439794540405
replicate,own_fresh,16,fi-capital-t0,FI,0.7600359916687012,0.9778367280960083,11.848790168762207,0.35753488540649414,-0.40250110626220703,11.644775390625,0.9827818274497986
replicate,own_fresh,16,fi-capital-t1,FI,0.8049237728118896,0.994055449962616,10.92563533782959,0.5996479988098145,-0.2052757740020752,10.867850303649902,0.9947110414505005
replicate,own_fresh,16,fi-capital-t2,FI,1.3653955459594727,0.9958676695823669,10.841988563537598,0.5512049198150635,-0.8141906261444092,10.792336463928223,0.9954203963279724
replicate,own_fresh,16,fi-currency-t0,FI,0.8329157829284668,0.9881157875061035,10.845568656921387,0.5039710998535156,-0.32894468307495117,10.7172269821167,0.9881664514541626
replicate,own_fresh,16,fi-currency-t1,FI,0.7878303527832031,0.9854766130447388,10.637109756469727,0.4889991283416748,-0.2988312244415283,10.50195026397705,0.9872936010360718
replicate,own_fresh,16,fi-currency-t2,FI,1.0729079246520996,0.9882147908210754,10.123590469360352,0.43137574195861816,-0.6415321826934814,10.009276390075684,0.9887081384658813
replicate,own_fresh,16,fi-currency-t3,FI,0.9166812896728516,0.9933789968490601,10.584074020385742,0.5118649005889893,-0.4048163890838623,10.528538703918457,0.9947529435157776
replicate,own_fresh,16,fi-region-t1,FI,0.8682548999786377,0.9935052394866943,10.482470512390137,0.6351497173309326,-0.23310518264770508,10.427948951721191,0.9947987794876099
replicate,own_fresh,16,fi-region-t2,FI,0.8464267253875732,0.9942043423652649,10.626937866210938,0.6867573261260986,-0.1596693992614746,10.581212997436523,0.9956972599029541
replicate,own_fresh,16,gm-region-t1,GM,0.9029076099395752,0.9936456680297852,10.337055206298828,0.7822561264038086,-0.1206514835357666,10.294081687927246,0.9958427548408508
replicate,own_fresh,16,gm-region-t2,GM,0.8219032287597656,0.9923005104064941,10.448996543884277,0.9638164043426514,0.14191317558288574,10.404855728149414,0.995775580406189
replicate,own_fresh,16,ie-capital-t0,IE,0.7747504711151123,0.9779989719390869,12.039779663085938,0.41223859786987305,-0.36251187324523926,11.83335018157959,0.9828543663024902
replicate,own_fresh,16,ie-capital-t1,IE,0.8226962089538574,0.9950287342071533,10.915010452270508,0.609168291091919,-0.21352791786193848,10.854159355163574,0.9944249987602234
replicate,own_fresh,16,ie-capital-t2,IE,1.47589111328125,0.9955164790153503,10.73973560333252,0.49898648262023926,-0.9769046306610107,10.690269470214844,0.9953941106796265
replicate,own_fresh,16,ie-capital-t3,IE,0.7667016983032227,0.9795332551002502,11.623119354248047,0.37673068046569824,-0.3899710178375244,11.440580368041992,0.9842951893806458
replicate,own_fresh,16,ie-currency-t0,IE,0.8248562812805176,0.986656665802002,10.837950706481934,0.5200755596160889,-0.3047807216644287,10.71213150024414,0.9883908629417419
replicate,own_fresh,16,ie-currency-t1,IE,0.7821409702301025,0.9853379726409912,10.675878524780273,0.542125940322876,-0.24001502990722656,10.531229972839355,0.9864509105682373
replicate,own_fresh,16,ie-currency-t2,IE,1.2424201965332031,0.9857391119003296,10.140935897827148,0.45203280448913574,-0.7903873920440674,10.020182609558105,0.9880924820899963
replicate,own_fresh,16,ie-currency-t3,IE,0.9381911754608154,0.9884968996047974,10.778321266174316,0.4034712314605713,-0.5347199440002441,10.667264938354492,0.9896963238716125
replicate,own_fresh,16,ie-region-t1,IE,0.9255964756011963,0.9949077367782593,10.474642753601074,0.629220724105835,-0.29637575149536133,10.425126075744629,0.995272696018219
replicate,own_fresh,16,ie-region-t2,IE,0.8084650039672852,0.9941538572311401,10.625127792358398,0.8032019138336182,-0.005263090133666992,10.581766128540039,0.9959189295768738
replicate,own_fresh,16,mg-region-t0,MG,1.0942234992980957,0.9784190654754639,10.627228736877441,0.9573309421539307,-0.13689255714416504,10.441180229187012,0.9824932217597961
replicate,own_fresh,16,mg-region-t1,MG,0.868170976638794,0.9925036430358887,10.358713150024414,0.7602763175964355,-0.1078946590423584,10.308563232421875,0.9951586723327637
replicate,own_fresh,16,mg-region-t2,MG,0.773761510848999,0.9940724968910217,10.523051261901855,0.7071943283081055,-0.06656718254089355,10.471321105957031,0.9950841069221497
replicate,own_fresh,16,mg-region-t3,MG,1.8029704093933105,0.9754246473312378,11.511432647705078,0.7707464694976807,-1.0322239398956299,11.277947425842285,0.9797170758247375
replicate,own_fresh,16,ml-region-t0,ML,1.1114544868469238,0.9773870706558228,10.668622016906738,1.0191125869750977,-0.09234189987182617,10.475422859191895,0.9818909168243408
replicate,own_fresh,16,ml-region-t1,ML,0.8686630725860596,0.9927884936332703,10.323344230651855,0.6393866539001465,-0.22927641868591309,10.264655113220215,0.9943149089813232
replicate,own_fresh,16,ml-region-t2,ML,0.7905230522155762,0.993582546710968,10.404168128967285,0.7834949493408203,-0.007028102874755859,10.34960651397705,0.9947558045387268
replicate,own_fresh,16,ml-region-t3,ML,1.768392562866211,0.9743505716323853,11.408581733703613,0.8910326957702637,-0.8773598670959473,11.17850399017334,0.9798329472541809
replicate,own_fresh,16,np-currency-t0,NP,0.839057207107544,0.9850687384605408,10.714569091796875,0.6534621715545654,-0.18559503555297852,10.576827049255371,0.987144410610199
replicate,own_fresh,16,np-currency-t3,NP,0.8895604610443115,0.9886227250099182,10.582489013671875,0.38162899017333984,-0.5079314708709717,10.463175773620605,0.9887254238128662
replicate,own_fresh,16,np-region-t0,NP,1.139460563659668,0.9762044548988342,10.688050270080566,1.0068402290344238,-0.13262033462524414,10.48931884765625,0.9814062118530273
replicate,own_fresh,16,nz-capital-t0,NZ,0.7673783302307129,0.9779597520828247,11.439443588256836,0.32693052291870117,-0.4404478073120117,11.224467277526855,0.9812074303627014
replicate,own_fresh,16,nz-capital-t2,NZ,1.1056914329528809,0.9948936700820923,10.581624984741211,0.6258797645568848,-0.4798116683959961,10.533625602722168,0.9954639077186584
replicate,own_fresh,16,nz-capital-t3,NZ,0.7706689834594727,0.9813231825828552,11.315271377563477,0.395618200302124,-0.37505078315734863,11.13444995880127,0.9840196967124939
replicate,own_fresh,16,ph-capital-t1,PH,0.8609950542449951,0.9937405586242676,10.680758476257324,0.6418509483337402,-0.21914410591125488,10.622479438781738,0.9945435523986816
replicate,own_fresh,16,ph-capital-t2,PH,1.1941709518432617,0.994979739189148,10.666054725646973,0.6663365364074707,-0.527834415435791,10.614789962768555,0.9951936602592468
replicate,own_fresh,16,ph-currency-t0,PH,0.8966448307037354,0.9886424541473389,10.624249458312988,0.4883604049682617,-0.40828442573547363,10.493410110473633,0.9876848459243774
replicate,own_fresh,16,ph-currency-t2,PH,1.1188406944274902,0.9856821298599243,9.969084739685059,0.5059051513671875,-0.6129355430603027,9.850652694702148,0.9881200790405273
replicate,own_fresh,16,ph-currency-t3,PH,0.9082355499267578,0.9948757886886597,10.358031272888184,0.3836483955383301,-0.5245871543884277,10.301494598388672,0.9945417642593384
replicate,own_fresh,16,ph-region-t0,PH,1.1272764205932617,0.9771167039871216,10.68837833404541,0.9868111610412598,-0.14046525955200195,10.495309829711914,0.9819365739822388
replicate,own_fresh,16,ph-region-t2,PH,0.8422873020172119,0.9937211871147156,10.710046768188477,0.8294343948364258,-0.012852907180786133,10.666961669921875,0.9959771037101746
replicate,own_fresh,16,rs-region-t1,RS,0.7423727512359619,0.9936226606369019,10.409648895263672,0.8284585475921631,0.08608579635620117,10.361093521118164,0.9953355193138123
replicate,own_fresh,16,sa-capital-t0,SA,0.8096776008605957,0.9780935049057007,11.523317337036133,0.4562516212463379,-0.3534259796142578,11.333049774169922,0.9834885001182556
replicate,own_fresh,16,sa-capital-t2,SA,1.3169894218444824,0.9944988489151001,10.69493579864502,0.5897645950317383,-0.7272248268127441,10.647150993347168,0.9955320358276367
replicate,own_fresh,16,sa-capital-t3,SA,0.790931224822998,0.9787954092025757,11.257865905761719,0.4100658893585205,-0.38086533546447754,11.0831937789917,0.9844844341278076
replicate,own_fresh,16,sa-currency-t0,SA,0.8913521766662598,0.9843300580978394,10.730619430541992,0.48790454864501953,-0.40344762802124023,10.587421417236328,0.9866551756858826
replicate,own_fresh,16,sa-currency-t1,SA,0.8048436641693115,0.9841428995132446,10.513538360595703,0.4761960506439209,-0.3286476135253906,10.369579315185547,0.9863072633743286
replicate,own_fresh,16,sa-currency-t2,SA,1.140899658203125,0.9846190214157104,9.987384796142578,0.47664785385131836,-0.6642518043518066,9.869087219238281,0.9881553053855896
replicate,own_fresh,16,sa-currency-t3,SA,0.9582128524780273,0.9947212338447571,10.538290023803711,0.46919894218444824,-0.4890139102935791,10.492255210876465,0.9956316351890564
replicate,own_fresh,16,sk-region-t2,SK,0.7820608615875244,0.9946487545967102,10.418126106262207,0.7362711429595947,-0.04578971862792969,10.375838279724121,0.9959409236907959
replicate,own_fresh,16,sy-capital-t0,SY,0.8045790195465088,0.9820933938026428,11.775399208068848,0.37606191635131836,-0.42851710319519043,11.565352439880371,0.9821622371673584
replicate,own_fresh,16,sy-capital-t1,SY,0.810530424118042,0.9937313795089722,10.815159797668457,0.6229813098907471,-0.18754911422729492,10.757000923156738,0.9946224689483643
replicate,own_fresh,16,sy-capital-t2,SY,1.5144500732421875,0.9944936037063599,10.70151138305664,0.6159708499908447,-0.8984792232513428,10.659968376159668,0.9961180090904236
replicate,own_fresh,16,sy-capital-t3,SY,0.785231351852417,0.9794793128967285,11.493346214294434,0.3632359504699707,-0.4219954013824463,11.302273750305176,0.9833753705024719
replicate,own_fresh,16,td-region-t0,TD,1.1091957092285156,0.9784046411514282,10.605947494506836,1.0423102378845215,-0.06688547134399414,10.416452407836914,0.982133150100708
replicate,own_fresh,16,td-region-t1,TD,0.8699636459350586,0.9926446676254272,10.336278915405273,0.8108086585998535,-0.05915498733520508,10.28368091583252,0.9949113130569458
replicate,own_fresh,16,td-region-t2,TD,0.7700221538543701,0.9935385584831238,10.406805992126465,0.8270642757415771,0.05704212188720703,10.355011940002441,0.9950230717658997
replicate,own_fresh,16,xk-region-t1,XK,0.8246054649353027,0.9933264255523682,10.36658000946045,0.7308084964752197,-0.09379696846008301,10.314689636230469,0.9949944615364075
replicate,own_fresh,16,xk-region-t2,XK,0.7908408641815186,0.9942220449447632,10.503485679626465,0.6886141300201416,-0.10222673416137695,10.448616027832031,0.9947760701179504
replicate,own_fresh,16,af-capital-t0,AF,0.8081309795379639,0.9784729480743408,11.273981094360352,0.44904494285583496,-0.3590860366821289,11.102571487426758,0.9847959876060486
replicate,own_fresh,16,al-region-t1,AL,0.8263654708862305,0.9936088919639587,10.377833366394043,0.6986875534057617,-0.12767791748046875,10.323783874511719,0.9947918057441711
replicate,own_fresh,16,al-region-t2,AL,0.8172690868377686,0.993272066116333,10.5133638381958,0.8644587993621826,0.04718971252441406,10.469913482666016,0.995867133140564
replicate,own_fresh,16,at-capital-t0,AT,0.7709460258483887,0.9791744351387024,11.822216033935547,0.5271697044372559,-0.2437763214111328,11.626248359680176,0.9834237694740295
replicate,own_fresh,16,at-capital-t2,AT,1.316007137298584,0.9952024221420288,10.619178771972656,0.6103508472442627,-0.7056562900543213,10.568345069885254,0.9952130317687988
replicate,own_fresh,16,at-capital-t3,AT,0.7826619148254395,0.9815068244934082,11.45355224609375,0.49602413177490234,-0.2866377830505371,11.282196998596191,0.9850391149520874
replicate,own_fresh,16,at-currency-t0,AT,0.803081750869751,0.9865952134132385,10.853249549865723,0.6055476665496826,-0.19753408432006836,10.737849235534668,0.9893671870231628
replicate,own_fresh,16,at-currency-t1,AT,0.7623593807220459,0.9855608344078064,10.636190414428711,0.4403195381164551,-0.3220398426055908,10.496844291687012,0.9868988394737244
replicate,own_fresh,16,at-currency-t2,AT,1.094435691833496,0.9893460869789124,10.007823944091797,0.44001007080078125,-0.6544256210327148,9.8953218460083,0.9887585639953613
replicate,own_fresh,16,at-currency-t3,AT,0.962742805480957,0.9951058626174927,10.754758834838867,0.40698933601379395,-0.5557534694671631,10.701993942260742,0.995093822479248
replicate,own_fresh,16,at-region-t1,AT,0.8598263263702393,0.9938960075378418,10.44119644165039,0.7520537376403809,-0.1077725887298584,10.395787239074707,0.9956509470939636
replicate,own_fresh,16,at-region-t2,AT,0.8105006217956543,0.9928116202354431,10.574268341064453,0.8453311920166016,0.034830570220947266,10.51999568939209,0.9948675036430359
replicate,own_fresh,16,bi-region-t0,BI,1.1492514610290527,0.9752734899520874,10.584941864013672,1.1521010398864746,0.002849578857421875,10.395710945129395,0.9821226596832275
replicate,own_fresh,16,bi-region-t1,BI,0.8420283794403076,0.9934561252593994,10.363038063049316,0.6926076412200928,-0.14942073822021484,10.313399314880371,0.9952099919319153
replicate,own_fresh,16,bi-region-t2,BI,0.7512040138244629,0.9926795959472656,10.484556198120117,0.9277524948120117,0.17654848098754883,10.435805320739746,0.9953502416610718
replicate,own_fresh,16,bi-region-t3,BI,1.7995667457580566,0.97339928150177,11.380085945129395,0.7596151828765869,-1.0399515628814697,11.140301704406738,0.9789294600486755
replicate,own_fresh,16,ci-region-t0,CI,1.1356348991394043,0.9745924472808838,10.674169540405273,1.180016040802002,0.044381141662597656,10.481178283691406,0.9819197654724121
replicate,own_fresh,16,ci-region-t1,CI,0.8643693923950195,0.9937756061553955,10.49085521697998,0.7519736289978027,-0.1123957633972168,10.44328498840332,0.9954655766487122
replicate,own_fresh,16,ci-region-t2,CI,0.7702155113220215,0.9943336248397827,10.583673477172852,0.7288196086883545,-0.04139590263366699,10.536282539367676,0.9955222606658936
replicate,own_fresh,16,ci-region-t3,CI,1.7953600883483887,0.9707649946212769,11.483577728271484,0.8842103481292725,-0.9111497402191162,11.243348121643066,0.9790806174278259
replicate,own_fresh,16,cz-capital-t0,CZ,0.8086977005004883,0.9802801609039307,11.567965507507324,0.35501813888549805,-0.45367956161499023,11.375824928283691,0.9833902716636658
replicate,own_fresh,16,cz-capital-t1,CZ,0.8114759922027588,0.9861945509910583,10.689751625061035,0.4443681240081787,-0.3671078681945801,10.55904769897461,0.9877729415893555
replicate,own_fresh,16,cz-capital-t2,CZ,1.2556462287902832,0.994960606098175,10.672213554382324,0.5917377471923828,-0.6639084815979004,10.624186515808105,0.9954997897148132
replicate,own_fresh,16,cz-region-t2,CZ,0.813845157623291,0.9952762126922607,10.521245956420898,0.6417264938354492,-0.1721186637878418,10.474194526672363,0.995527982711792
replicate,own_fresh,16,gn-region-t1,GN,0.8291330337524414,0.9935606718063354,10.26162338256836,0.6432154178619385,-0.18591761589050293,10.209182739257812,0.9948896169662476
replicate,own_fresh,16,gn-region-t2,GN,0.7710328102111816,0.992877721786499,10.429573059082031,0.8215820789337158,0.05054926872253418,10.382125854492188,0.9954506754875183
replicate,own_fresh,16,gq-region-t1,GQ,0.7743337154388428,0.9931628108024597,10.3936767578125,0.7854928970336914,0.011159181594848633,10.345270156860352,0.9953426718711853
replicate,own_fresh,16,iq-capital-t0,IQ,0.791114330291748,0.9772927761077881,11.268400192260742,0.4235990047454834,-0.36751532554626465,11.084566116333008,0.9836858510971069
replicate,own_fresh,16,iq-capital-t1,IQ,0.8290202617645264,0.9939624071121216,10.585667610168457,0.5909807682037354,-0.23803949356079102,10.52448844909668,0.9942205548286438
replicate,own_fresh,16,iq-capital-t2,IQ,1.5113143920898438,0.9941284656524658,10.453018188476562,0.5895447731018066,-0.9217696189880371,10.413742065429688,0.9962425827980042
replicate,own_fresh,16,ke-capital-t0,KE,0.8108370304107666,0.9751487970352173,11.618339538574219,0.4924166202545166,-0.31842041015625,11.418436050415039,0.9827941656112671
replicate,own_fresh,16,ke-capital-t1,KE,0.8058655261993408,0.9945675134658813,10.876500129699707,0.5760629177093506,-0.22980260848999023,10.813972473144531,0.9942511320114136
replicate,own_fresh,16,ke-capital-t2,KE,1.3021769523620605,0.9946912527084351,10.605085372924805,0.6759254932403564,-0.6262514591217041,10.552538871765137,0.9950451850891113
replicate,own_fresh,16,ke-capital-t3,KE,0.8029282093048096,0.9735465049743652,11.33781623840332,0.4290347099304199,-0.37389349937438965,11.142208099365234,0.9827472567558289
replicate,own_fresh,16,ke-region-t0,KE,1.1204237937927246,0.9768484830856323,10.718621253967285,1.0346941947937012,-0.08572959899902344,10.525333404541016,0.9819670915603638
replicate,own_fresh,16,ke-region-t1,KE,0.8919668197631836,0.9936994314193726,10.472306251525879,0.7418286800384521,-0.15013813972473145,10.42447280883789,0.9954323768615723
replicate,own_fresh,16,ke-region-t2,KE,0.8206913471221924,0.9937066435813904,10.556087493896484,0.7774703502655029,-0.04322099685668945,10.509252548217773,0.9955632090568542
replicate,own_fresh,16,ke-region-t3,KE,1.7820639610290527,0.971712052822113,11.511629104614258,0.8388938903808594,-0.9431700706481934,11.27403736114502,0.9793606996536255
replicate,own_fresh,16,kp-capital-t0,KP,0.8101787567138672,0.9785615801811218,11.382351875305176,0.5252981185913086,-0.2848806381225586,11.194818496704102,0.9835242033004761
replicate,own_fresh,16,kp-capital-t2,KP,1.214259147644043,0.993698239326477,10.519620895385742,0.6981921195983887,-0.5160670280456543,10.471639633178711,0.9954388737678528
replicate,own_fresh,16,kr-capital-t0,KR,0.8074841499328613,0.9811262488365173,11.804146766662598,0.40413761138916016,-0.40334653854370117,11.590744972229004,0.9819214344024658
replicate,own_fresh,16,kr-capital-t1,KR,0.7979676723480225,0.9788516759872437,10.75767993927002,0.44312143325805664,-0.3548462390899658,10.587944030761719,0.984221875667572
replicate,own_fresh,16,kr-capital-t2,KR,1.2493128776550293,0.9938277006149292,10.638081550598145,0.6794049739837646,-0.5699079036712646,10.58288860321045,0.9948117733001709
replicate,own_fresh,16,kr-capital-t3,KR,0.7997117042541504,0.9765498042106628,11.51448917388916,0.4038872718811035,-0.3958244323730469,11.301340103149414,0.9814886450767517
replicate,own_fresh,16,kr-region-t0,KR,1.095665454864502,0.9761416912078857,10.626692771911621,1.05964994430542,-0.03601551055908203,10.438762664794922,0.9823153018951416
replicate,own_fresh,16,kr-region-t1,KR,0.8143579959869385,0.9933409690856934,10.43635368347168,0.6694133281707764,-0.1449446678161621,10.379895210266113,0.9945902228355408
replicate,own_fresh,16,kr-region-t2,KR,0.8095259666442871,0.9931617379188538,10.674209594726562,0.7743053436279297,-0.03522062301635742,10.620070457458496,0.9949280619621277
replicate,own_fresh,16,lk-capital-t0,LK,0.7564728260040283,0.9795049428939819,11.21728801727295,0.3752250671386719,-0.38124775886535645,11.037554740905762,0.9839771389961243
replicate,own_fresh,16,lk-capital-t1,LK,0.8271963596343994,0.9784066677093506,10.5189790725708,0.5166478157043457,-0.3105485439300537,10.361635208129883,0.9850419163703918
replicate,own_fresh,16,lk-capital-t2,LK,1.1242079734802246,0.995462954044342,10.277270317077637,0.6361403465270996,-0.488067626953125,10.231979370117188,0.9955930709838867
replicate,own_fresh,16,lk-capital-t3,LK,0.7159640789031982,0.9817458391189575,10.775662422180176,0.35353755950927734,-0.3624265193939209,10.625772476196289,0.9860899448394775
replicate,own_fresh,16,sd-region-t0,SD,1.0776176452636719,0.9793951511383057,10.586587905883789,1.0688934326171875,-0.008724212646484375,10.407378196716309,0.9830719828605652
replicate,own_fresh,16,sd-region-t1,SD,0.857785701751709,0.9924602508544922,10.386944770812988,1.0094099044799805,0.15162420272827148,10.346281051635742,0.9960851073265076
replicate,own_fresh,16,sd-region-t2,SD,0.7739663124084473,0.9938486814498901,10.397835731506348,0.8056106567382812,0.031644344329833984,10.357057571411133,0.9960781931877136
replicate,own_fresh,16,sd-region-t3,SD,1.6768798828125,0.9743702411651611,11.350232124328613,0.9133307933807373,-0.7635490894317627,11.116443634033203,0.9794023036956787
replicate,own_fresh,16,sl-region-t0,SL,1.0912604331970215,0.977206826210022,10.708988189697266,1.0835514068603516,-0.007709026336669922,10.52223014831543,0.9825606346130371
replicate,own_fresh,16,sl-region-t2,SL,0.7960073947906494,0.9932539463043213,10.505965232849121,0.774071216583252,-0.02193617820739746,10.452760696411133,0.9949357509613037
replicate,own_fresh,16,tr-capital-t0,TR,0.8190057277679443,0.9830008745193481,11.847724914550781,0.35024142265319824,-0.4687643051147461,11.650335311889648,0.9833394289016724
replicate,own_fresh,16,tr-capital-t1,TR,0.826038122177124,0.9946876764297485,10.84933090209961,0.6044490337371826,-0.2215890884399414,10.787091255187988,0.9942632913589478
replicate,own_fresh,16,tr-capital-t2,TR,1.4566493034362793,0.9956215620040894,10.821871757507324,0.5939507484436035,-0.8626985549926758,10.776424407958984,0.9958004355430603
replicate,own_fresh,16,tr-currency-t0,TR,0.7959482669830322,0.9879608154296875,10.671581268310547,0.6014275550842285,-0.1945207118988037,10.553190231323242,0.9889059662818909
replicate,own_fresh,16,tr-currency-t2,TR,1.2419729232788086,0.9882466793060303,10.084013938903809,0.38294506072998047,-0.8590278625488281,9.967930793762207,0.9884883761405945
replicate,own_fresh,16,tr-currency-t3,TR,0.9462635517120361,0.9930656552314758,10.559752464294434,0.49430060386657715,-0.451962947845459,10.507338523864746,0.9950364232063293
replicate,own_fresh,16,ua-region-t1,UA,0.866358757019043,0.9935671091079712,10.442448616027832,0.6912655830383301,-0.1750931739807129,10.38565444946289,0.9945611953735352
replicate,own_fresh,16,ua-region-t2,UA,0.8804707527160645,0.9936361312866211,10.537551879882812,0.8182902336120605,-0.062180519104003906,10.491124153137207,0.9955940842628479
replicate,own_fresh,18,cu-capital-t0,CU,1.2368717193603516,0.963645339012146,13.009726524353027,1.2283711433410645,-0.00850057601928711,12.437199592590332,0.9559924006462097
replicate,own_fresh,18,cu-capital-t1,CU,1.228991985321045,0.956877589225769,12.258365631103516,1.3311514854431152,0.10215950012207031,11.626005172729492,0.9484139680862427
replicate,own_fresh,18,cu-capital-t2,CU,1.1751494407653809,0.958808422088623,12.266864776611328,1.016000747680664,-0.1591486930847168,11.686707496643066,0.9527053236961365
replicate,own_fresh,18,cu-capital-t3,CU,1.1966547966003418,0.9706128835678101,12.647817611694336,1.2162652015686035,0.01961040496826172,12.118060111999512,0.9581146836280823
replicate,own_fresh,18,fi-capital-t0,FI,1.1194000244140625,0.9678335189819336,13.408507347106934,1.4300212860107422,0.3106212615966797,12.806361198425293,0.9550922513008118
replicate,own_fresh,18,fi-capital-t1,FI,1.217470645904541,0.977008044719696,12.580453872680664,1.0362114906311035,-0.1812591552734375,12.114636421203613,0.9629729390144348
replicate,own_fresh,18,fi-capital-t2,FI,1.1697402000427246,0.9714450836181641,12.743134498596191,0.8950612545013428,-0.27467894554138184,12.174917221069336,0.9554099440574646
replicate,own_fresh,18,fi-currency-t0,FI,1.0066747665405273,0.9677360653877258,12.37913703918457,1.3233718872070312,0.3166971206665039,11.721305847167969,0.9468597173690796
replicate,own_fresh,18,fi-currency-t1,FI,1.0375308990478516,0.9538913369178772,12.357297897338867,1.2124195098876953,0.17488861083984375,11.589447021484375,0.9378625750541687
replicate,own_fresh,18,fi-currency-t2,FI,1.115128517150879,0.949496865272522,12.353565216064453,1.3149266242980957,0.1997981071472168,11.5228853225708,0.9327578544616699
replicate,own_fresh,18,fi-currency-t3,FI,0.9712052345275879,0.9639115333557129,12.101160049438477,0.8206148147583008,-0.1505904197692871,11.59405517578125,0.9580945372581482
replicate,own_fresh,18,fi-region-t1,FI,1.128493309020996,0.9586359262466431,12.904850006103516,1.4504594802856445,0.32196617126464844,12.206382751464844,0.9458755850791931
replicate,own_fresh,18,fi-region-t2,FI,1.2060060501098633,0.9592281579971313,13.133840560913086,0.9612071514129639,-0.24479889869689941,12.349581718444824,0.940287172794342
replicate,own_fresh,18,gm-region-t1,GM,1.1929163932800293,0.9528813362121582,12.465829849243164,1.1286616325378418,-0.0642547607421875,11.738618850708008,0.9416636228561401
replicate,own_fresh,18,gm-region-t2,GM,1.1440825462341309,0.9555865526199341,12.753849029541016,1.2631621360778809,0.11907958984375,11.950376510620117,0.9370015859603882
replicate,own_fresh,18,ie-capital-t0,IE,1.0953121185302734,0.9677702188491821,13.615283966064453,1.2628874778747559,0.16757535934448242,12.897594451904297,0.9472879767417908
replicate,own_fresh,18,ie-capital-t1,IE,1.1536359786987305,0.970465362071991,12.629258155822754,1.1078801155090332,-0.045755863189697266,12.100118637084961,0.9581021070480347
replicate,own_fresh,18,ie-capital-t2,IE,1.1296067237854004,0.9699841141700745,12.557172775268555,1.011991024017334,-0.1176156997680664,11.96155071258545,0.9525671601295471
replicate,own_fresh,18,ie-capital-t3,IE,1.0946073532104492,0.9673131704330444,13.184832572937012,1.0365386009216309,-0.05806875228881836,12.502777099609375,0.9482696652412415
replicate,own_fresh,18,ie-currency-t0,IE,0.9822537899017334,0.9625725746154785,12.52973747253418,1.0750322341918945,0.09277844429016113,11.73873519897461,0.9368699789047241
replicate,own_fresh,18,ie-currency-t1,IE,1.0411925315856934,0.9586606025695801,12.470136642456055,1.1997413635253906,0.15854883193969727,11.623483657836914,0.932105541229248
replicate,own_fresh,18,ie-currency-t2,IE,1.0665059089660645,0.9432233572006226,12.314218521118164,1.2210030555725098,0.1544971466064453,11.469520568847656,0.9314046502113342
replicate,own_fresh,18,ie-currency-t3,IE,0.9623594284057617,0.9667660593986511,12.3799467086792,1.0366387367248535,0.0742793083190918,11.735481262207031,0.9479427933692932
replicate,own_fresh,18,ie-region-t1,IE,1.1555962562561035,0.9584212899208069,12.942049026489258,1.3498191833496094,0.19422292709350586,12.255802154541016,0.9469754099845886
replicate,own_fresh,18,ie-region-t2,IE,1.126176357269287,0.9593331813812256,13.209356307983398,0.8469030857086182,-0.27927327156066895,12.460281372070312,0.9432920813560486
replicate,own_fresh,18,mg-region-t0,MG,1.3216133117675781,0.9663605093955994,13.096744537353516,1.1664772033691406,-0.1551361083984375,12.328914642333984,0.9413724541664124
replicate,own_fresh,18,mg-region-t1,MG,1.2328529357910156,0.9553790092468262,12.467123985290527,1.897150993347168,0.6642980575561523,11.733591079711914,0.941162645816803
replicate,own_fresh,18,mg-region-t2,MG,1.2199125289916992,0.9592452049255371,12.829108238220215,1.3051824569702148,0.08526992797851562,12.038769721984863,0.9383949041366577
replicate,own_fresh,18,mg-region-t3,MG,1.6417956352233887,0.9613760709762573,13.562222480773926,0.9215710163116455,-0.7202246189117432,12.881911277770996,0.9498378038406372
replicate,own_fresh,18,ml-region-t0,ML,1.3547463417053223,0.9635809659957886,13.152338981628418,1.077469825744629,-0.27727651596069336,12.391672134399414,0.9421648979187012
replicate,own_fresh,18,ml-region-t1,ML,1.2454619407653809,0.9541722536087036,12.615910530090332,1.6585712432861328,0.41310930252075195,11.959306716918945,0.9479542970657349
replicate,own_fresh,18,ml-region-t2,ML,1.2092490196228027,0.9537727236747742,12.874120712280273,1.3083086013793945,0.0990595817565918,12.160186767578125,0.9445450305938721
replicate,own_fresh,18,ml-region-t3,ML,1.6689724922180176,0.9616608619689941,13.451437950134277,0.9700796604156494,-0.6988928318023682,12.767416000366211,0.9491487741470337
replicate,own_fresh,18,np-currency-t0,NP,1.001539707183838,0.9528802037239075,12.182741165161133,1.0761475563049316,0.07460784912109375,11.379334449768066,0.9340537190437317
replicate,own_fresh,18,np-currency-t3,NP,0.9998784065246582,0.9603344202041626,12.090365409851074,1.077864170074463,0.07798576354980469,11.371613502502441,0.9405516982078552
replicate,own_fresh,18,np-region-t0,NP,1.4162936210632324,0.9606509804725647,13.278592109680176,1.1102266311645508,-0.30606698989868164,12.413650512695312,0.934861958026886
replicate,own_fresh,18,nz-capital-t0,NZ,1.120957374572754,0.9704611301422119,13.136513710021973,1.2836089134216309,0.16265153884887695,12.536218643188477,0.9543033242225647
replicate,own_fresh,18,nz-capital-t2,NZ,1.0616493225097656,0.9640026688575745,12.427214622497559,0.9120652675628662,-0.14958405494689941,11.78803825378418,0.9485663771629333
replicate,own_fresh,18,nz-capital-t3,NZ,1.059074878692627,0.9685657024383545,13.149803161621094,1.5234179496765137,0.4643430709838867,12.517507553100586,0.951915979385376
replicate,own_fresh,18,ph-capital-t1,PH,1.221419334411621,0.9677317142486572,12.2769193649292,1.3289899826049805,0.10757064819335938,11.771282196044922,0.9588140249252319
replicate,own_fresh,18,ph-capital-t2,PH,1.101266860961914,0.9691261053085327,12.786038398742676,0.7874200344085693,-0.3138468265533447,12.134121894836426,0.9490134119987488
replicate,own_fresh,18,ph-currency-t0,PH,0.9446277618408203,0.9606466293334961,12.394055366516113,0.7881033420562744,-0.1565244197845459,11.655604362487793,0.9404189586639404
replicate,own_fresh,18,ph-currency-t2,PH,1.1303339004516602,0.9443129301071167,12.046090126037598,1.3382368087768555,0.2079029083251953,11.236513137817383,0.932793378829956
replicate,own_fresh,18,ph-currency-t3,PH,0.9189367294311523,0.9733343124389648,12.195033073425293,0.733802080154419,-0.1851346492767334,11.701047897338867,0.9594929218292236
replicate,own_fresh,18,ph-region-t0,PH,1.4112677574157715,0.9648809432983398,13.231768608093262,1.027909755706787,-0.3833580017089844,12.422727584838867,0.9388561844825745
replicate,own_fresh,18,ph-region-t2,PH,1.1700425148010254,0.9555484652519226,13.37450885772705,1.0513877868652344,-0.11865472793579102,12.495261192321777,0.9342594146728516
replicate,own_fresh,18,rs-region-t1,RS,1.1828336715698242,0.958602786064148,12.616133689880371,1.939805507659912,0.7569718360900879,11.878955841064453,0.9415686130523682
replicate,own_fresh,18,sa-capital-t0,SA,1.081620216369629,0.9657518267631531,13.237797737121582,1.333315372467041,0.2516951560974121,12.462105751037598,0.9414032697677612
replicate,own_fresh,18,sa-capital-t2,SA,1.1427803039550781,0.9604097604751587,12.812460899353027,0.9420516490936279,-0.2007286548614502,12.045042991638184,0.9401037693023682
replicate,own_fresh,18,sa-capital-t3,SA,1.0916147232055664,0.9662706851959229,12.897916793823242,1.328453540802002,0.23683881759643555,12.175254821777344,0.9439706206321716
replicate,own_fresh,18,sa-currency-t0,SA,0.9798846244812012,0.9572098255157471,12.329472541809082,1.1168794631958008,0.1369948387145996,11.513877868652344,0.9338499903678894
replicate,own_fresh,18,sa-currency-t1,SA,1.0122809410095215,0.9567561745643616,12.46363353729248,1.1638660430908203,0.15158510208129883,11.6609468460083,0.9355977177619934
replicate,own_fresh,18,sa-currency-t2,SA,1.104475498199463,0.9426113367080688,12.171351432800293,0.965362548828125,-0.1391129493713379,11.267203330993652,0.9257150888442993
replicate,own_fresh,18,sa-currency-t3,SA,0.9677226543426514,0.9708384275436401,12.309595108032227,0.6406290531158447,-0.32709360122680664,11.71236515045166,0.9514825940132141
replicate,own_fresh,18,sk-region-t2,SK,1.152355670928955,0.9550619721412659,12.967016220092773,1.1741294860839844,0.021773815155029297,12.150400161743164,0.9370235800743103
replicate,own_fresh,18,sy-capital-t0,SY,1.1411247253417969,0.9601356983184814,13.200102806091309,1.042252540588379,-0.09887218475341797,12.491910934448242,0.9463495016098022
replicate,own_fresh,18,sy-capital-t1,SY,1.1786904335021973,0.9656932950019836,12.41055679321289,1.220285415649414,0.0415949821472168,11.853255271911621,0.955094575881958
replicate,own_fresh,18,sy-capital-t2,SY,1.2484631538391113,0.9628656506538391,12.502023696899414,1.129101276397705,-0.11936187744140625,11.856913566589355,0.948399543762207
replicate,own_fresh,18,sy-capital-t3,SY,1.1164546012878418,0.9502061605453491,12.969810485839844,1.0683016777038574,-0.048152923583984375,12.19827651977539,0.9405130743980408
replicate,own_fresh,18,td-region-t0,TD,1.3368654251098633,0.9622922539710999,12.948663711547852,1.2530341148376465,-0.0838313102722168,12.210637092590332,0.9430036544799805
replicate,own_fresh,18,td-region-t1,TD,1.255523681640625,0.9546199440956116,12.428425788879395,1.9267878532409668,0.6712641716003418,11.71925163269043,0.9429393410682678
replicate,own_fresh,18,td-region-t2,TD,1.231398582458496,0.9590812921524048,12.69289779663086,1.5638160705566406,0.33241748809814453,11.965723037719727,0.9427101016044617
replicate,own_fresh,18,xk-region-t1,XK,1.163482666015625,0.9593966603279114,12.652589797973633,1.5446891784667969,0.3812065124511719,11.861565589904785,0.9374812245368958
replicate,own_fresh,18,xk-region-t2,XK,1.1659278869628906,0.9559735655784607,12.960223197937012,1.2065887451171875,0.040660858154296875,12.182969093322754,0.9400277137756348
replicate,own_fresh,18,af-capital-t0,AF,1.201244831085205,0.9663182497024536,12.860894203186035,1.5560369491577148,0.35479211807250977,12.270052909851074,0.9540590643882751
replicate,own_fresh,18,al-region-t1,AL,1.1838884353637695,0.956713080406189,12.704355239868164,1.618607521057129,0.4347190856933594,11.96683120727539,0.9419471621513367
replicate,own_fresh,18,al-region-t2,AL,1.166275978088379,0.9573105573654175,12.994271278381348,1.237462043762207,0.07118606567382812,12.204033851623535,0.9391856789588928
replicate,own_fresh,18,at-capital-t0,AT,1.1875710487365723,0.9703258275985718,13.277835845947266,1.3451504707336426,0.1575794219970703,12.646056175231934,0.9524184465408325
replicate,own_fresh,18,at-capital-t2,AT,1.0700688362121582,0.961838960647583,12.642807960510254,0.8414294719696045,-0.2286393642425537,11.961997032165527,0.9461503624916077
replicate,own_fresh,18,at-capital-t3,AT,1.1856813430786133,0.9573013782501221,13.031112670898438,0.9088013172149658,-0.27688002586364746,12.308036804199219,0.9445115923881531
replicate,own_fresh,18,at-currency-t0,AT,1.0186057090759277,0.9613956212997437,12.36404037475586,1.2514762878417969,0.23287057876586914,11.577774047851562,0.9364070296287537
replicate,own_fresh,18,at-currency-t1,AT,1.03564453125,0.9564331769943237,12.338418960571289,1.2663893699645996,0.2307448387145996,11.482135772705078,0.9306002259254456
replicate,own_fresh,18,at-currency-t2,AT,1.1281404495239258,0.9477001428604126,12.487667083740234,1.2339844703674316,0.10584402084350586,11.567093849182129,0.9262813925743103
replicate,own_fresh,18,at-currency-t3,AT,0.9789929389953613,0.9690061807632446,12.215710639953613,0.6995797157287598,-0.27941322326660156,11.656256675720215,0.9542021155357361
replicate,own_fresh,18,at-region-t1,AT,1.134505271911621,0.951743483543396,12.913517951965332,1.389948844909668,0.2554435729980469,12.163992881774902,0.9419581294059753
replicate,own_fresh,18,at-region-t2,AT,1.1532444953918457,0.9540389180183411,13.306670188903809,1.058565616607666,-0.09467887878417969,12.455676078796387,0.9360475540161133
replicate,own_fresh,18,bi-region-t0,BI,1.3465547561645508,0.9621449708938599,12.868607521057129,1.2827262878417969,-0.0638284683227539,12.112157821655273,0.9412174224853516
replicate,own_fresh,18,bi-region-t1,BI,1.2395496368408203,0.9571284651756287,12.437786102294922,1.6658177375793457,0.4262681007385254,11.747353553771973,0.9444891214370728
replicate,own_fresh,18,bi-region-t2,BI,1.205092430114746,0.9560370445251465,12.662138938903809,1.6410503387451172,0.4359579086303711,11.934292793273926,0.9425179362297058
replicate,own_fresh,18,bi-region-t3,BI,1.5805363655090332,0.959212064743042,13.298606872558594,0.9603466987609863,-0.6201896667480469,12.625975608825684,0.9494209289550781
replicate,own_fresh,18,ci-region-t0,CI,1.3874201774597168,0.9593557715415955,13.13512897491455,1.2302465438842773,-0.15717363357543945,12.367098808288574,0.9415285587310791
replicate,own_fresh,18,ci-region-t1,CI,1.1956896781921387,0.9546114206314087,12.713857650756836,1.49625825881958,0.3005685806274414,12.054165840148926,0.9481123685836792
replicate,own_fresh,18,ci-region-t2,CI,1.1236820220947266,0.9571369886398315,13.000410079956055,1.3153448104858398,0.19166278839111328,12.306107521057129,0.9465938210487366
replicate,own_fresh,18,ci-region-t3,CI,1.6556835174560547,0.9577518105506897,13.529264450073242,0.9315042495727539,-0.7241792678833008,12.808732032775879,0.9467426538467407
replicate,own_fresh,18,cz-capital-t0,CZ,1.1475348472595215,0.9730926752090454,13.038947105407715,1.1507163047790527,0.00318145751953125,12.413187026977539,0.9520083665847778
replicate,own_fresh,18,cz-capital-t1,CZ,1.1735749244689941,0.9677762985229492,12.340472221374512,1.0156660079956055,-0.15790891647338867,11.655426979064941,0.9444879293441772
replicate,own_fresh,18,cz-capital-t2,CZ,1.1217217445373535,0.9661034941673279,12.453182220458984,0.8648715019226074,-0.2568502426147461,11.794795036315918,0.9471310377120972
replicate,own_fresh,18,cz-region-t2,CZ,1.1609272956848145,0.958556056022644,13.12276554107666,1.1989874839782715,0.03806018829345703,12.279964447021484,0.935775637626648
replicate,own_fresh,18,gn-region-t1,GN,1.227419376373291,0.9515217542648315,12.372368812561035,1.9216079711914062,0.6941885948181152,11.610180854797363,0.9383959770202637
replicate,own_fresh,18,gn-region-t2,GN,1.2524585723876953,0.9519273042678833,12.848828315734863,1.4084186553955078,0.1559600830078125,12.050300598144531,0.9378520846366882
replicate,own_fresh,18,gq-region-t1,GQ,1.2524380683898926,0.9607276916503906,12.529886245727539,1.9240403175354004,0.6716022491455078,11.735705375671387,0.9366170763969421
replicate,own_fresh,18,iq-capital-t0,IQ,1.175593376159668,0.968584418296814,12.518319129943848,1.410478115081787,0.23488473892211914,11.862881660461426,0.9476417303085327
replicate,own_fresh,18,iq-capital-t1,IQ,1.2108688354492188,0.9718596339225769,12.064799308776855,1.3474421501159668,0.13657331466674805,11.560517311096191,0.9582021832466125
replicate,own_fresh,18,iq-capital-t2,IQ,1.2823162078857422,0.971941351890564,12.247222900390625,1.1755280494689941,-0.10678815841674805,11.697577476501465,0.9551208019256592
replicate,own_fresh,18,ke-capital-t0,KE,1.1187233924865723,0.9650952219963074,13.282621383666992,1.5516352653503418,0.43291187286376953,12.638326644897461,0.9514933824539185
replicate,own_fresh,18,ke-capital-t1,KE,1.2014307975769043,0.9693467617034912,12.613517761230469,1.158684253692627,-0.042746543884277344,12.087450981140137,0.9582934379577637
replicate,own_fresh,18,ke-capital-t2,KE,1.2316575050354004,0.9745051860809326,12.422764778137207,0.9532794952392578,-0.2783780097961426,11.846688270568848,0.953627347946167
replicate,own_fresh,18,ke-capital-t3,KE,1.1226534843444824,0.9623730778694153,12.934896469116211,1.6090145111083984,0.486361026763916,12.261226654052734,0.9479184150695801
replicate,own_fresh,18,ke-region-t0,KE,1.3897972106933594,0.9627212285995483,13.192556381225586,1.0801706314086914,-0.30962657928466797,12.418233871459961,0.9413061141967773
replicate,own_fresh,18,ke-region-t1,KE,1.2226018905639648,0.9534186124801636,12.883005142211914,1.378617286682129,0.15601539611816406,12.162050247192383,0.9440382719039917
replicate,own_fresh,18,ke-region-t2,KE,1.178389549255371,0.9562763571739197,13.037479400634766,1.1526484489440918,-0.025741100311279297,12.242203712463379,0.9390007853507996
replicate,own_fresh,18,ke-region-t3,KE,1.6762628555297852,0.9591434001922607,13.594820022583008,0.9541604518890381,-0.7221024036407471,12.877717971801758,0.9472517967224121
replicate,own_fresh,18,kp-capital-t0,KP,1.1377625465393066,0.9610731601715088,12.816361427307129,1.1453399658203125,0.007577419281005859,12.149833679199219,0.9479939937591553
replicate,own_fresh,18,kp-capital-t2,KP,1.1328167915344238,0.9691622257232666,12.432778358459473,1.0273404121398926,-0.10547637939453125,11.821857452392578,0.9508620500564575
replicate,own_fresh,18,kr-capital-t0,KR,1.0731444358825684,0.9691449999809265,13.641546249389648,1.12269926071167,0.04955482482910156,12.932869911193848,0.9480501413345337
replicate,own_fresh,18,kr-capital-t1,KR,1.1331291198730469,0.9596726894378662,12.871073722839355,1.241948127746582,0.10881900787353516,12.059059143066406,0.9369116425514221
replicate,own_fresh,18,kr-capital-t2,KR,1.1019582748413086,0.9678518772125244,12.847576141357422,0.782484769821167,-0.3194735050201416,12.129511833190918,0.9441089630126953
replicate,own_fresh,18,kr-capital-t3,KR,1.0720329284667969,0.9446107149124146,13.337472915649414,1.200951099395752,0.12891817092895508,12.522418022155762,0.9388898611068726
replicate,own_fresh,18,kr-region-t0,KR,1.4254465103149414,0.9643146395683289,13.229769706726074,1.104154109954834,-0.3212924003601074,12.408395767211914,0.9379147291183472
replicate,own_fresh,18,kr-region-t1,KR,1.1656804084777832,0.9513022899627686,13.014158248901367,1.4778594970703125,0.3121790885925293,12.213603019714355,0.9384858012199402
replicate,own_fresh,18,kr-region-t2,KR,1.236043930053711,0.9512339234352112,13.266780853271484,1.0490236282348633,-0.18702030181884766,12.378403663635254,0.9330374598503113
replicate,own_fresh,18,lk-capital-t0,LK,1.1326346397399902,0.9628614783287048,12.911937713623047,1.4534502029418945,0.3208155632019043,12.128504753112793,0.9393249154090881
replicate,own_fresh,18,lk-capital-t1,LK,1.2134547233581543,0.9580748081207275,12.3903226852417,1.326836109161377,0.11338138580322266,11.563835144042969,0.933295726776123
replicate,own_fresh,18,lk-capital-t2,LK,1.0835161209106445,0.9602656364440918,12.447746276855469,0.8398475646972656,-0.2436685562133789,11.829412460327148,0.9503256678581238
replicate,own_fresh,18,lk-capital-t3,LK,1.0743656158447266,0.9661756157875061,12.522505760192871,1.5134806632995605,0.439115047454834,11.846075057983398,0.945982813835144
replicate,own_fresh,18,sd-region-t0,SD,1.2790889739990234,0.9649586081504822,13.165409088134766,1.216306209564209,-0.06278276443481445,12.436604499816895,0.9446424841880798
replicate,own_fresh,18,sd-region-t1,SD,1.2210683822631836,0.950356662273407,12.675066947937012,1.7046165466308594,0.4835481643676758,11.924177169799805,0.9407585263252258
replicate,own_fresh,18,sd-region-t2,SD,1.1731858253479004,0.9577060341835022,12.84066104888916,1.1419615745544434,-0.03122425079345703,12.052117347717285,0.9385901093482971
replicate,own_fresh,18,sd-region-t3,SD,1.5637388229370117,0.9618220925331116,13.431655883789062,0.9383537769317627,-0.625385046005249,12.77865219116211,0.9513832330703735
replicate,own_fresh,18,sl-region-t0,SL,1.2944564819335938,0.9661033749580383,13.069405555725098,1.2185254096984863,-0.07593107223510742,12.32589340209961,0.943110466003418
replicate,own_fresh,18,sl-region-t2,SL,1.1649718284606934,0.9570945501327515,12.802730560302734,1.3204803466796875,0.15550851821899414,12.032818794250488,0.9398634433746338
replicate,own_fresh,18,tr-capital-t0,TR,1.1435041427612305,0.9715657234191895,13.281615257263184,1.158432960510254,0.014928817749023438,12.71959400177002,0.9576842784881592
replicate,own_fresh,18,tr-capital-t1,TR,1.1880488395690918,0.9716020822525024,12.484795570373535,0.8714404106140137,-0.3166084289550781,11.99685287475586,0.960917055606842
replicate,own_fresh,18,tr-capital-t2,TR,1.1324677467346191,0.9720821976661682,12.592411994934082,0.9223296642303467,-0.21013808250427246,12.021249771118164,0.9546423554420471
replicate,own_fresh,18,tr-currency-t0,TR,0.9549727439880371,0.9544897079467773,12.264575004577637,1.111861228942871,0.15688848495483398,11.545411109924316,0.9413625001907349
replicate,own_fresh,18,tr-currency-t2,TR,1.1034269332885742,0.9518030285835266,12.170276641845703,1.1949996948242188,0.09157276153564453,11.330621719360352,0.9310077428817749
replicate,own_fresh,18,tr-currency-t3,TR,0.9466507434844971,0.9626712203025818,12.10270881652832,0.7907199859619141,-0.155930757522583,11.559111595153809,0.9550846815109253
replicate,own_fresh,18,ua-region-t1,UA,1.199894905090332,0.9537025690078735,12.902827262878418,1.5730347633361816,0.3731398582458496,12.163899421691895,0.9427313208580017
replicate,own_fresh,18,ua-region-t2,UA,1.227405071258545,0.9560284614562988,13.153013229370117,1.2220358848571777,-0.0053691864013671875,12.318659782409668,0.9365655779838562
replicate,own_fresh,19,cu-capital-t0,CU,1.3790063858032227,0.9274227023124695,14.956695556640625,1.5276947021484375,0.14868831634521484,13.23569107055664,0.8849341869354248
replicate,own_fresh,19,cu-capital-t1,CU,1.3867607116699219,0.9046964645385742,14.64578914642334,1.91874361038208,0.5319828987121582,12.639448165893555,0.8630090355873108
replicate,own_fresh,19,cu-capital-t2,CU,1.3018460273742676,0.9069575667381287,14.616515159606934,1.3601384162902832,0.058292388916015625,12.60352897644043,0.862280011177063
replicate,own_fresh,19,cu-capital-t3,CU,1.3527674674987793,0.9358635544776917,14.821269035339355,1.6061830520629883,0.253415584564209,13.066113471984863,0.8815785646438599
replicate,own_fresh,19,fi-capital-t0,FI,1.2329301834106445,0.9224375486373901,15.42358684539795,0.8932592868804932,-0.33967089653015137,13.827153205871582,0.8964940309524536
replicate,own_fresh,19,fi-capital-t1,FI,1.3797006607055664,0.9422990083694458,14.704628944396973,1.4261584281921387,0.046457767486572266,13.086859703063965,0.8899823427200317
replicate,own_fresh,19,fi-capital-t2,FI,1.2868471145629883,0.9217743873596191,14.813931465148926,1.1293425559997559,-0.15750455856323242,13.114653587341309,0.8852918744087219
replicate,own_fresh,19,fi-currency-t0,FI,1.2799224853515625,0.9058863520622253,15.116456031799316,1.0831356048583984,-0.19678688049316406,13.123882293701172,0.8681851029396057
replicate,own_fresh,19,fi-currency-t1,FI,1.423050880432129,0.899771511554718,15.06210708618164,1.021559715270996,-0.4014911651611328,13.041505813598633,0.8658487200737
replicate,own_fresh,19,fi-currency-t2,FI,1.4067740440368652,0.9056056141853333,14.570740699768066,0.969541072845459,-0.43723297119140625,12.566279411315918,0.8624324202537537
replicate,own_fresh,19,fi-currency-t3,FI,1.382361888885498,0.9300983548164368,15.069883346557617,0.614140510559082,-0.768221378326416,13.391548156738281,0.8886298537254333
replicate,own_fresh,19,fi-region-t1,FI,1.7218990325927734,0.9197174310684204,15.034727096557617,1.082803726196289,-0.6390953063964844,13.50277042388916,0.8981054425239563
replicate,own_fresh,19,fi-region-t2,FI,1.943746566772461,0.9048128128051758,15.411974906921387,0.9647722244262695,-0.9789743423461914,13.657204627990723,0.8861424326896667
replicate,own_fresh,19,gm-region-t1,GM,1.6621294021606445,0.9128976464271545,14.625701904296875,1.3944382667541504,-0.26769113540649414,12.967843055725098,0.8866475820541382
replicate,own_fresh,19,gm-region-t2,GM,1.6544098854064941,0.9073046445846558,14.769742965698242,1.1526908874511719,-0.5017189979553223,13.089543342590332,0.8862404227256775
replicate,own_fresh,19,ie-capital-t0,IE,1.21734619140625,0.9239025712013245,15.589191436767578,1.1082210540771484,-0.10912513732910156,13.893351554870605,0.8912169337272644
replicate,own_fresh,19,ie-capital-t1,IE,1.3736200332641602,0.933018684387207,14.64510726928711,1.4374723434448242,0.06385231018066406,12.961512565612793,0.8850404620170593
replicate,own_fresh,19,ie-capital-t2,IE,1.2914257049560547,0.9128796458244324,14.896034240722656,0.9905858039855957,-0.300839900970459,12.885537147521973,0.865031361579895
replicate,own_fresh,19,ie-capital-t3,IE,1.200258731842041,0.9209843873977661,15.250191688537598,1.344681739807129,0.1444230079650879,13.56920051574707,0.8897724747657776
replicate,own_fresh,19,ie-currency-t0,IE,1.2889046669006348,0.9078298211097717,15.507471084594727,1.0473265647888184,-0.2415781021118164,13.332539558410645,0.859749436378479
replicate,own_fresh,19,ie-currency-t1,IE,1.4547181129455566,0.9026638269424438,15.296676635742188,1.2538414001464844,-0.20087671279907227,13.145143508911133,0.8593463897705078
replicate,own_fresh,19,ie-currency-t2,IE,1.4468307495117188,0.9180830121040344,14.734353065490723,0.8613653182983398,-0.5854654312133789,12.65842342376709,0.8591095209121704
replicate,own_fresh,19,ie-currency-t3,IE,1.4019112586975098,0.9141507148742676,15.444784164428711,0.953568696975708,-0.44834256172180176,13.580652236938477,0.8793034553527832
replicate,own_fresh,19,ie-region-t1,IE,1.8310937881469727,0.9204702377319336,15.053954124450684,0.7012379169464111,-1.1298558712005615,13.469732284545898,0.8947637677192688
replicate,own_fresh,19,ie-region-t2,IE,1.9071979522705078,0.9166889190673828,15.40999698638916,0.7960050106048584,-1.1111929416656494,13.685348510742188,0.8880825042724609
replicate,own_fresh,19,mg-region-t0,MG,1.910654067993164,0.9087579250335693,16.132102966308594,0.9595832824707031,-0.9510707855224609,13.942330360412598,0.8642599582672119
replicate,own_fresh,19,mg-region-t1,MG,1.652350902557373,0.9231548309326172,14.520657539367676,1.431624412536621,-0.22072649002075195,13.030817031860352,0.8973985314369202
replicate,own_fresh,19,mg-region-t2,MG,1.6689410209655762,0.913939356803894,14.786587715148926,1.0232510566711426,-0.6456899642944336,13.066173553466797,0.8836503624916077
replicate,own_fresh,19,mg-region-t3,MG,2.0618934631347656,0.9023617506027222,16.373130798339844,0.9423274993896484,-1.1195659637451172,14.492288589477539,0.8851262927055359
replicate,own_fresh,19,ml-region-t0,ML,1.9648323059082031,0.9037859439849854,16.22865104675293,0.7686336040496826,-1.1961987018585205,14.0840425491333,0.8678504824638367
replicate,own_fresh,19,ml-region-t1,ML,1.743697166442871,0.9182273149490356,14.797567367553711,1.3267979621887207,-0.4168992042541504,13.284855842590332,0.8977729678153992
replicate,own_fresh,19,ml-region-t2,ML,1.6968841552734375,0.9051957130432129,14.99569034576416,0.9384245872497559,-0.7584595680236816,13.30068302154541,0.8869670629501343
replicate,own_fresh,19,ml-region-t3,ML,2.101524829864502,0.9014402627944946,16.270034790039062,0.8307895660400391,-1.270735263824463,14.375452995300293,0.8835539221763611
replicate,own_fresh,19,np-currency-t0,NP,1.2850761413574219,0.8922902941703796,14.902482032775879,0.9990291595458984,-0.28604698181152344,12.715896606445312,0.8532737493515015
replicate,own_fresh,19,np-currency-t3,NP,1.45094633102417,0.9298494458198547,14.880719184875488,0.7820379734039307,-0.6689083576202393,12.988702774047852,0.8728545308113098
replicate,own_fresh,19,np-region-t0,NP,2.056544303894043,0.9002722501754761,16.335721969604492,0.8147852420806885,-1.2417590618133545,14.066547393798828,0.8610912561416626
replicate,own_fresh,19,nz-capital-t0,NZ,1.198188304901123,0.9181289672851562,15.004358291625977,1.4103903770446777,0.2122020721435547,13.342204093933105,0.8892219066619873
replicate,own_fresh,19,nz-capital-t2,NZ,1.2212471961975098,0.9092535972595215,14.698079109191895,0.9614536762237549,-0.2597935199737549,12.696980476379395,0.8638530373573303
replicate,own_fresh,19,nz-capital-t3,NZ,1.1764659881591797,0.9204244613647461,15.162099838256836,1.1487464904785156,-0.027719497680664062,13.371636390686035,0.8819119334220886
replicate,own_fresh,19,ph-capital-t1,PH,1.415104866027832,0.9311137199401855,14.311271667480469,1.7933416366577148,0.3782367706298828,12.582584381103516,0.879207968711853
replicate,own_fresh,19,ph-capital-t2,PH,1.220435619354248,0.9301725029945374,15.09648323059082,0.932776927947998,-0.28765869140625,13.298273086547852,0.8808854818344116
replicate,own_fresh,19,ph-currency-t0,PH,1.265108585357666,0.9048471450805664,15.107325553894043,1.0232439041137695,-0.24186468124389648,13.097427368164062,0.8669586777687073
replicate,own_fresh,19,ph-currency-t2,PH,1.4765877723693848,0.8985475897789001,14.510159492492676,1.036506175994873,-0.4400815963745117,12.46884822845459,0.8593184947967529
replicate,own_fresh,19,ph-currency-t3,PH,1.3480019569396973,0.944574236869812,15.027690887451172,0.5920288562774658,-0.7559731006622314,13.45765209197998,0.8955236077308655
replicate,own_fresh,19,ph-region-t0,PH,2.0693068504333496,0.9092020392417908,16.317180633544922,0.6602344512939453,-1.4090723991394043,14.156304359436035,0.8675704598426819
replicate,own_fresh,19,ph-region-t2,PH,1.84346342086792,0.9007172584533691,15.364599227905273,0.7307212352752686,-1.1127421855926514,13.570393562316895,0.8832247257232666
replicate,own_fresh,19,rs-region-t1,RS,1.6344633102416992,0.916885256767273,14.86936092376709,1.7265257835388184,0.09206247329711914,13.090642929077148,0.8803769946098328
replicate,own_fresh,19,sa-capital-t0,SA,1.1848077774047852,0.9121529459953308,15.195022583007812,1.377089023590088,0.19228124618530273,13.319209098815918,0.8765507936477661
replicate,own_fresh,19,sa-capital-t2,SA,1.3196210861206055,0.9029467105865479,15.155791282653809,1.3702268600463867,0.05060577392578125,13.002930641174316,0.857951283454895
replicate,own_fresh,19,sa-capital-t3,SA,1.1854071617126465,0.9177828431129456,14.931253433227539,1.4153976440429688,0.22999048233032227,13.120471954345703,0.8787254095077515
replicate,own_fresh,19,sa-currency-t0,SA,1.2784333229064941,0.9005845785140991,15.202821731567383,1.0014848709106445,-0.2769484519958496,12.942402839660645,0.8513158559799194
replicate,own_fresh,19,sa-currency-t1,SA,1.4394879341125488,0.9003525972366333,15.300782203674316,1.0832304954528809,-0.35625743865966797,13.12615966796875,0.8578750491142273
replicate,own_fresh,19,sa-currency-t2,SA,1.434535026550293,0.8987691402435303,14.611333847045898,0.9112911224365234,-0.5232439041137695,12.383171081542969,0.8475044965744019
replicate,own_fresh,19,sa-currency-t3,SA,1.4053869247436523,0.9425163865089417,15.257761001586914,0.5276126861572266,-0.8777742385864258,13.457845687866211,0.8820328116416931
replicate,own_fresh,19,sk-region-t2,SK,1.7908883094787598,0.9073053598403931,15.158907890319824,0.7987775802612305,-0.9921107292175293,13.389565467834473,0.883280336856842
replicate,own_fresh,19,sy-capital-t0,SY,1.2519116401672363,0.9084214568138123,15.36819076538086,1.585169792175293,0.33325815200805664,13.441935539245605,0.8746595978736877
replicate,own_fresh,19,sy-capital-t1,SY,1.3653912544250488,0.925425112247467,14.432181358337402,1.6087093353271484,0.2433180809020996,12.535234451293945,0.868561327457428
replicate,own_fresh,19,sy-capital-t2,SY,1.4029788970947266,0.9078973531723022,14.706733703613281,1.135545253753662,-0.26743364334106445,12.71580982208252,0.8646250367164612
replicate,own_fresh,19,sy-capital-t3,SY,1.2347378730773926,0.9209470748901367,15.194206237792969,1.3825483322143555,0.1478104591369629,13.283833503723145,0.8742696642875671
replicate,own_fresh,19,td-region-t0,TD,1.919813632965088,0.899465024471283,15.968337059020996,0.8538188934326172,-1.0659947395324707,13.76500129699707,0.8620184659957886
replicate,own_fresh,19,td-region-t1,TD,1.6985220909118652,0.9179805517196655,14.556144714355469,1.3585314750671387,-0.33999061584472656,13.03708553314209,0.8956413865089417
replicate,own_fresh,19,td-region-t2,TD,1.6514015197753906,0.9172013998031616,14.75230598449707,1.2097764015197754,-0.44162511825561523,13.151634216308594,0.8914968371391296
replicate,own_fresh,19,xk-region-t1,XK,1.6620550155639648,0.9187950491905212,14.818260192871094,1.2072210311889648,-0.454833984375,13.222517013549805,0.8923124074935913
replicate,own_fresh,19,xk-region-t2,XK,1.633453369140625,0.9098321199417114,15.005719184875488,1.353370189666748,-0.28008317947387695,13.384284019470215,0.8919455409049988
replicate,own_fresh,19,af-capital-t0,AF,1.2715325355529785,0.913076639175415,14.890847206115723,1.2502837181091309,-0.021248817443847656,13.158296585083008,0.8836499452590942
replicate,own_fresh,19,al-region-t1,AL,1.7264809608459473,0.9187389612197876,14.832984924316406,1.1641082763671875,-0.5623726844787598,13.275513648986816,0.8949994444847107
replicate,own_fresh,19,al-region-t2,AL,1.6829943656921387,0.9092304110527039,14.99329948425293,1.205449104309082,-0.47754526138305664,13.294184684753418,0.8866750597953796
replicate,own_fresh,19,at-capital-t0,AT,1.267993450164795,0.9234703183174133,15.366910934448242,0.9602570533752441,-0.3077363967895508,13.638213157653809,0.8875051736831665
replicate,own_fresh,19,at-capital-t2,AT,1.1889595985412598,0.9056894779205322,14.908958435058594,1.049159049987793,-0.1398005485534668,12.856422424316406,0.8623287081718445
replicate,own_fresh,19,at-capital-t3,AT,1.2654852867126465,0.9195207953453064,15.267666816711426,1.3857965469360352,0.12031126022338867,13.256356239318848,0.8682634234428406
replicate,own_fresh,19,at-currency-t0,AT,1.2769041061401367,0.914659321308136,15.232711791992188,1.054786205291748,-0.22211790084838867,13.000204086303711,0.8534399271011353
replicate,own_fresh,19,at-currency-t1,AT,1.4145660400390625,0.9023116230964661,15.211483001708984,1.0136241912841797,-0.4009418487548828,13.05163288116455,0.8580118417739868
replicate,own_fresh,19,at-currency-t2,AT,1.3434209823608398,0.8995829224586487,14.820411682128906,1.0534019470214844,-0.29001903533935547,12.649685859680176,0.8535313606262207
replicate,own_fresh,19,at-currency-t3,AT,1.3671112060546875,0.9393088817596436,15.254955291748047,0.5908300876617432,-0.7762811183929443,13.509225845336914,0.8855631351470947
replicate,own_fresh,19,at-region-t1,AT,1.7721800804138184,0.9122392535209656,15.133291244506836,0.7967939376831055,-0.9753861427307129,13.436091423034668,0.8878499269485474
replicate,own_fresh,19,at-region-t2,AT,1.8097691535949707,0.9065456390380859,15.451333045959473,1.0155754089355469,-0.7941937446594238,13.58930492401123,0.8794907927513123
replicate,own_fresh,19,bi-region-t0,BI,1.9450807571411133,0.9109078645706177,15.870187759399414,1.1123690605163574,-0.8327116966247559,13.625365257263184,0.8585509657859802
replicate,own_fresh,19,bi-region-t1,BI,1.6536569595336914,0.9119256734848022,14.583195686340332,1.23661470413208,-0.41704225540161133,13.035811424255371,0.8938926458358765
replicate,own_fresh,19,bi-region-t2,BI,1.6526713371276855,0.9213734269142151,14.582737922668457,1.3693714141845703,-0.28329992294311523,13.012649536132812,0.8923323750495911
replicate,own_fresh,19,bi-region-t3,BI,2.0460853576660156,0.9042341113090515,16.004234313964844,0.9799180030822754,-1.0661673545837402,14.065467834472656,0.8788591623306274
replicate,own_fresh,19,ci-region-t0,CI,2.0053367614746094,0.899081289768219,16.08817481994629,0.9653022289276123,-1.040034532546997,13.855424880981445,0.8612179756164551
replicate,own_fresh,19,ci-region-t1,CI,1.715158462524414,0.9185676574707031,14.819878578186035,0.806643009185791,-0.908515453338623,13.288188934326172,0.89664626121521
replicate,own_fresh,19,ci-region-t2,CI,1.638129711151123,0.9184427261352539,14.976068496704102,0.6716892719268799,-0.9664404392242432,13.3799409866333,0.893421471118927
replicate,own_fresh,19,ci-region-t3,CI,2.135748863220215,0.9027389883995056,16.25094223022461,0.9038352966308594,-1.2319135665893555,14.253437995910645,0.8770837783813477
replicate,own_fresh,19,cz-capital-t0,CZ,1.2586092948913574,0.9288544058799744,14.932311058044434,0.9872963428497314,-0.271312952041626,13.326233863830566,0.8924428224563599
replicate,own_fresh,19,cz-capital-t1,CZ,1.3519210815429688,0.9332009553909302,14.526012420654297,1.2856106758117676,-0.06631040573120117,12.74610424041748,0.8774675130844116
replicate,own_fresh,19,cz-capital-t2,CZ,1.2521071434020996,0.9284464120864868,14.737663269042969,0.9045908451080322,-0.3475162982940674,12.985279083251953,0.8810948133468628
replicate,own_fresh,19,cz-region-t2,CZ,1.79854154586792,0.906326174736023,15.257203102111816,0.6445417404174805,-1.1539998054504395,13.519736289978027,0.8861215114593506
replicate,own_fresh,19,gn-region-t1,GN,1.6511993408203125,0.9049319624900818,14.498528480529785,1.4166102409362793,-0.2345890998840332,12.851937294006348,0.8864304423332214
replicate,own_fresh,19,gn-region-t2,GN,1.7563939094543457,0.9069138169288635,15.218597412109375,1.1546549797058105,-0.6017389297485352,13.438376426696777,0.8830233216285706
replicate,own_fresh,19,gq-region-t1,GQ,1.68654203414917,0.917644739151001,14.638651847839355,1.4715890884399414,-0.21495294570922852,12.874716758728027,0.8795015215873718
replicate,own_fresh,19,iq-capital-t0,IQ,1.3128437995910645,0.9189306497573853,14.359416007995605,1.2480406761169434,-0.0648031234741211,12.703795433044434,0.8847013711929321
replicate,own_fresh,19,iq-capital-t1,IQ,1.4263863563537598,0.9328597784042358,13.919403076171875,1.7493057250976562,0.3229193687438965,12.234601974487305,0.8789602518081665
replicate,own_fresh,19,iq-capital-t2,IQ,1.360598087310791,0.9178663492202759,14.393051147460938,1.1141266822814941,-0.24647140502929688,12.640186309814453,0.8782144784927368
replicate,own_fresh,19,ke-capital-t0,KE,1.2182769775390625,0.9144704937934875,14.90662670135498,1.3193235397338867,0.10104656219482422,13.30275821685791,0.8924056887626648
replicate,own_fresh,19,ke-capital-t1,KE,1.3874363899230957,0.9347091317176819,14.486367225646973,1.522364616394043,0.13492822647094727,12.867298126220703,0.8882349729537964
replicate,own_fresh,19,ke-capital-t2,KE,1.3024349212646484,0.9288755059242249,14.58510684967041,1.3027663230895996,0.0003314018249511719,12.918466567993164,0.885729968547821
replicate,own_fresh,19,ke-capital-t3,KE,1.2381515502929688,0.9158383011817932,14.616048812866211,1.1403212547302246,-0.09783029556274414,13.017748832702637,0.8906475901603699
replicate,own_fresh,19,ke-region-t0,KE,2.0549397468566895,0.9052712321281433,16.225528717041016,0.8722469806671143,-1.1826927661895752,14.023900985717773,0.8643108606338501
replicate,own_fresh,19,ke-region-t1,KE,1.7748513221740723,0.9107317924499512,14.958775520324707,1.1025948524475098,-0.6722564697265625,13.388772964477539,0.89504474401474
replicate,own_fresh,19,ke-region-t2,KE,1.7035713195800781,0.9102193117141724,14.99550724029541,1.0333046913146973,-0.6702666282653809,13.430264472961426,0.8956192135810852
replicate,own_fresh,19,ke-region-t3,KE,2.18699312210083,0.9024162888526917,16.329179763793945,0.9144496917724609,-1.2725434303283691,14.369972229003906,0.8800179958343506
replicate,own_fresh,19,kp-capital-t0,KP,1.2895574569702148,0.9122415781021118,14.915319442749023,1.793562889099121,0.5040054321289062,13.059371948242188,0.8755676746368408
replicate,own_fresh,19,kp-capital-t2,KP,1.2098417282104492,0.9153951406478882,14.891860961914062,1.1856093406677246,-0.02423238754272461,12.874853134155273,0.8645563721656799
replicate,own_fresh,19,kr-capital-t0,KR,1.2108221054077148,0.9171558022499084,15.637395858764648,1.2363572120666504,0.025535106658935547,13.88351058959961,0.8878403306007385
replicate,own_fresh,19,kr-capital-t1,KR,1.338670253753662,0.9192684292793274,15.188974380493164,1.480147361755371,0.14147710800170898,13.362200736999512,0.8797302842140198
replicate,own_fresh,19,kr-capital-t2,KR,1.3047409057617188,0.9168232083320618,15.041814804077148,0.9758279323577881,-0.32891297340393066,13.168224334716797,0.8754411935806274
replicate,own_fresh,19,kr-capital-t3,KR,1.2063965797424316,0.9131268262863159,15.492570877075195,1.4054718017578125,0.19907522201538086,13.525436401367188,0.8730272650718689
replicate,own_fresh,19,kr-region-t0,KR,2.050623893737793,0.9084193110466003,16.297990798950195,0.8138537406921387,-1.2367701530456543,14.064905166625977,0.8629840016365051
replicate,own_fresh,19,kr-region-t1,KR,1.7216134071350098,0.910685658454895,15.117262840270996,1.135423183441162,-0.5861902236938477,13.442144393920898,0.8891916871070862
replicate,own_fresh,19,kr-region-t2,KR,1.874105453491211,0.8996922373771667,15.444039344787598,1.1582794189453125,-0.7158260345458984,13.575846672058105,0.879034698009491
replicate,own_fresh,19,lk-capital-t0,LK,1.2621722221374512,0.9133778214454651,14.917426109313965,1.075444221496582,-0.18672800064086914,13.058467864990234,0.8753834366798401
replicate,own_fresh,19,lk-capital-t1,LK,1.388819694519043,0.9229903817176819,14.511029243469238,1.7955942153930664,0.40677452087402344,12.556927680969238,0.8653367757797241
replicate,own_fresh,19,lk-capital-t2,LK,1.250925064086914,0.9113332629203796,14.787017822265625,1.072401523590088,-0.17852354049682617,12.866292953491211,0.8701073527336121
replicate,own_fresh,19,lk-capital-t3,LK,1.2106776237487793,0.9122220277786255,14.836970329284668,0.9461050033569336,-0.2645726203918457,12.9364652633667,0.8719074726104736
replicate,own_fresh,19,sd-region-t0,SD,1.8533673286437988,0.9062166213989258,16.195693969726562,0.8545410633087158,-0.998826265335083,14.013188362121582,0.8652415871620178
replicate,own_fresh,19,sd-region-t1,SD,1.7023487091064453,0.9111619591712952,14.981904029846191,1.4578309059143066,-0.24451780319213867,13.460508346557617,0.8984510898590088
replicate,own_fresh,19,sd-region-t2,SD,1.7002105712890625,0.9111663699150085,15.150118827819824,1.1274375915527344,-0.5727729797363281,13.382328033447266,0.8833150267601013
replicate,own_fresh,19,sd-region-t3,SD,1.9845547676086426,0.9057488441467285,16.235563278198242,0.8298718929290771,-1.1546828746795654,14.348276138305664,0.8837559819221497
replicate,own_fresh,19,sl-region-t0,SL,1.8926806449890137,0.9055694937705994,16.078617095947266,0.9541709423065186,-0.9385097026824951,13.928206443786621,0.8662564754486084
replicate,own_fresh,19,sl-region-t2,SL,1.6493310928344727,0.911191463470459,14.782644271850586,0.820518970489502,-0.8288121223449707,13.135515213012695,0.8885768055915833
replicate,own_fresh,19,tr-capital-t0,TR,1.2616491317749023,0.924901008605957,15.325095176696777,1.0103554725646973,-0.2512936592102051,13.762514114379883,0.8980377316474915
replicate,own_fresh,19,tr-capital-t1,TR,1.3684463500976562,0.9357945919036865,14.582172393798828,1.2568306922912598,-0.11161565780639648,12.886557579040527,0.8837200403213501
replicate,own_fresh,19,tr-capital-t2,TR,1.3172259330749512,0.9187970161437988,14.742971420288086,0.9877057075500488,-0.32952022552490234,12.88221549987793,0.8737869262695312
replicate,own_fresh,19,tr-currency-t0,TR,1.2295279502868652,0.9160109162330627,15.193314552307129,1.0263113975524902,-0.203216552734375,13.19008731842041,0.8681507706642151
replicate,own_fresh,19,tr-currency-t2,TR,1.4102716445922852,0.8961745500564575,14.389491081237793,1.0167531967163086,-0.39351844787597656,12.37720775604248,0.8601560592651367
replicate,own_fresh,19,tr-currency-t3,TR,1.341886043548584,0.928321897983551,15.079188346862793,0.6392316818237305,-0.7026543617248535,13.374445915222168,0.8869473338127136
replicate,own_fresh,19,ua-region-t1,UA,1.7839674949645996,0.9145559072494507,15.057220458984375,0.837104320526123,-0.9468631744384766,13.481372833251953,0.8953427076339722
replicate,own_fresh,19,ua-region-t2,UA,1.822690486907959,0.9093024134635925,15.171001434326172,0.9392569065093994,-0.8834335803985596,13.506388664245605,0.8902766704559326
replicate,own_fresh,20,cu-capital-t0,CU,1.2734384536743164,0.8925859928131104,15.715849876403809,1.931668758392334,0.6582303047180176,14.137019157409668,0.8995389342308044
replicate,own_fresh,20,cu-capital-t1,CU,1.3864812850952148,0.8716921210289001,15.285764694213867,1.5171051025390625,0.13062381744384766,13.372639656066895,0.8748427033424377
replicate,own_fresh,20,cu-capital-t2,CU,1.3830265998840332,0.8827019929885864,15.366453170776367,1.410543441772461,0.027516841888427734,13.493501663208008,0.8781142830848694
replicate,own_fresh,20,cu-capital-t3,CU,1.26902437210083,0.8945712447166443,15.4638090133667,1.7640900611877441,0.49506568908691406,13.842114448547363,0.8951296806335449
replicate,own_fresh,20,fi-capital-t0,FI,1.171548843383789,0.8987972140312195,15.98154067993164,1.3959898948669434,0.2244410514831543,14.135193824768066,0.8844700455665588
replicate,own_fresh,20,fi-capital-t1,FI,1.2856497764587402,0.9146636724472046,15.285215377807617,1.6319966316223145,0.3463468551635742,13.505729675292969,0.8835812211036682
replicate,own_fresh,20,fi-capital-t2,FI,1.2383456230163574,0.9017238020896912,15.552292823791504,1.0675101280212402,-0.1708354949951172,13.740776062011719,0.8835209012031555
replicate,own_fresh,20,fi-currency-t0,FI,1.041116714477539,0.8839424848556519,15.230477333068848,1.171738624572754,0.13062191009521484,13.387308120727539,0.8789815306663513
replicate,own_fresh,20,fi-currency-t1,FI,1.1480655670166016,0.8822197914123535,15.305595397949219,0.9834821224212646,-0.16458344459533691,13.426888465881348,0.8772535920143127
replicate,own_fresh,20,fi-currency-t2,FI,1.3223795890808105,0.8872194290161133,14.930678367614746,0.9377288818359375,-0.38465070724487305,12.989749908447266,0.8700039982795715
replicate,own_fresh,20,fi-currency-t3,FI,1.1426329612731934,0.8962910175323486,15.114672660827637,0.7894690036773682,-0.3531639575958252,13.876625061035156,0.9180896878242493
replicate,own_fresh,20,fi-region-t1,FI,1.8967747688293457,0.8845252394676208,16.110607147216797,0.9236860275268555,-0.9730887413024902,13.782882690429688,0.8555160164833069
replicate,own_fresh,20,fi-region-t2,FI,2.200611114501953,0.8585231900215149,16.61280632019043,1.0767951011657715,-1.1238160133361816,13.963589668273926,0.8405316472053528
replicate,own_fresh,20,gm-region-t1,GM,1.8916411399841309,0.8643223643302917,15.997477531433105,1.0284199714660645,-0.8632211685180664,13.633399963378906,0.8522218465805054
replicate,own_fresh,20,gm-region-t2,GM,1.8812932968139648,0.8542743921279907,16.248350143432617,1.3020105361938477,-0.5792827606201172,13.8328857421875,0.8513409495353699
replicate,own_fresh,20,ie-capital-t0,IE,1.1413187980651855,0.8953192234039307,16.281635284423828,1.3352737426757812,0.1939549446105957,14.271580696105957,0.8765446543693542
replicate,own_fresh,20,ie-capital-t1,IE,1.2630290985107422,0.905956506729126,15.251148223876953,1.6584954261779785,0.39546632766723633,13.37073040008545,0.8767032027244568
replicate,own_fresh,20,ie-capital-t2,IE,1.2478532791137695,0.887971043586731,15.652405738830566,1.253288745880127,0.005435466766357422,13.591479301452637,0.8683316707611084
replicate,own_fresh,20,ie-capital-t3,IE,1.120072364807129,0.8997756242752075,15.842211723327637,1.179351806640625,0.059279441833496094,13.92356014251709,0.8788899183273315
replicate,own_fresh,20,ie-currency-t0,IE,1.1387343406677246,0.875410795211792,15.621846199035645,0.7190170288085938,-0.41971731185913086,13.790568351745605,0.8827745318412781
replicate,own_fresh,20,ie-currency-t1,IE,1.2537517547607422,0.8876439332962036,15.4927339553833,0.8674671649932861,-0.38628458976745605,13.527946472167969,0.873180091381073
replicate,own_fresh,20,ie-currency-t2,IE,1.439746379852295,0.8880003690719604,15.090887069702148,0.8885660171508789,-0.551180362701416,13.291488647460938,0.8807625770568848
replicate,own_fresh,20,ie-currency-t3,IE,1.2753047943115234,0.894335925579071,15.547079086303711,0.9934718608856201,-0.2818329334259033,13.900641441345215,0.8940998911857605
replicate,own_fresh,20,ie-region-t1,IE,2.047762870788574,0.8797265887260437,16.174388885498047,1.2546601295471191,-0.7931027412414551,13.756282806396484,0.850497841835022
replicate,own_fresh,20,ie-region-t2,IE,2.1959986686706543,0.8606523275375366,16.494436264038086,0.8616175651550293,-1.334381103515625,14.028556823730469,0.8505023717880249
replicate,own_fresh,20,mg-region-t0,MG,2.1493449211120605,0.8616426587104797,17.434717178344727,0.9987986087799072,-1.1505463123321533,14.378456115722656,0.8247025609016418
replicate,own_fresh,20,mg-region-t1,MG,1.8635015487670898,0.8741201162338257,15.669286727905273,1.7163019180297852,-0.1471996307373047,13.288450241088867,0.8480571508407593
replicate,own_fresh,20,mg-region-t2,MG,1.9512009620666504,0.8619217872619629,15.992634773254395,1.342015266418457,-0.6091856956481934,13.423844337463379,0.83937668800354
replicate,own_fresh,20,mg-region-t3,MG,2.2752857208251953,0.8475533723831177,17.808488845825195,0.885366678237915,-1.3899190425872803,14.905829429626465,0.8370069861412048
replicate,own_fresh,20,ml-region-t0,ML,2.2720775604248047,0.8516749143600464,17.556537628173828,0.9607713222503662,-1.3113062381744385,14.2864408493042,0.8137390613555908
replicate,own_fresh,20,ml-region-t1,ML,2.0725550651550293,0.870252251625061,16.040733337402344,1.6053466796875,-0.4672083854675293,13.528501510620117,0.8433842062950134
replicate,own_fresh,20,ml-region-t2,ML,2.0383920669555664,0.8517773151397705,16.2447566986084,1.3350849151611328,-0.7033071517944336,13.679265022277832,0.842072606086731
replicate,own_fresh,20,ml-region-t3,ML,2.3564887046813965,0.8477569818496704,17.716123580932617,0.8726260662078857,-1.4838626384735107,14.642970085144043,0.8265334963798523
replicate,own_fresh,20,np-currency-t0,NP,1.0675578117370605,0.8748971223831177,15.292435646057129,0.9222931861877441,-0.1452646255493164,13.386866569519043,0.87539142370224
replicate,own_fresh,20,np-currency-t3,NP,1.249809741973877,0.8997489809989929,15.205838203430176,0.767317533493042,-0.48249220848083496,13.625457763671875,0.8960675001144409
replicate,own_fresh,20,np-region-t0,NP,2.082094669342041,0.8588718175888062,17.551816940307617,1.0538105964660645,-1.0282840728759766,14.532328605651855,0.8279671669006348
replicate,own_fresh,20,nz-capital-t0,NZ,1.1263093948364258,0.8839882612228394,15.840360641479492,1.3033990859985352,0.17708969116210938,14.15523910522461,0.8936184644699097
replicate,own_fresh,20,nz-capital-t2,NZ,1.1995983123779297,0.879812479019165,15.509234428405762,1.1361126899719238,-0.06348562240600586,13.320903778076172,0.8589014410972595
replicate,own_fresh,20,nz-capital-t3,NZ,1.1305489540100098,0.8849273324012756,15.896293640136719,0.9046621322631836,-0.22588682174682617,13.962705612182617,0.8783623576164246
replicate,own_fresh,20,ph-capital-t1,PH,1.4039387702941895,0.8976655006408691,14.943957328796387,1.7122750282287598,0.3083362579345703,13.165971755981445,0.881023108959198
replicate,own_fresh,20,ph-capital-t2,PH,1.2550387382507324,0.8976718783378601,15.895909309387207,1.6310458183288574,0.376007080078125,13.803959846496582,0.8683969974517822
replicate,own_fresh,20,ph-currency-t0,PH,1.1149535179138184,0.8916574716567993,15.321476936340332,1.0981230735778809,-0.0168304443359375,13.595230102539062,0.8873315453529358
replicate,own_fresh,20,ph-currency-t2,PH,1.3834967613220215,0.8798215985298157,14.835853576660156,0.9839253425598145,-0.39957141876220703,13.103583335876465,0.8832376003265381
replicate,own_fresh,20,ph-currency-t3,PH,1.23026704788208,0.910673975944519,15.201271057128906,0.9733562469482422,-0.2569108009338379,13.911650657653809,0.9151636362075806
replicate,own_fresh,20,ph-region-t0,PH,2.182070732116699,0.8687158823013306,17.521202087402344,0.9082684516906738,-1.2738022804260254,14.52055549621582,0.8287419676780701
replicate,own_fresh,20,ph-region-t2,PH,1.955122470855713,0.8593639135360718,16.407390594482422,1.107931137084961,-0.847191333770752,13.79281234741211,0.8406463265419006
replicate,own_fresh,20,rs-region-t1,RS,2.0676822662353516,0.8709658980369568,15.89148235321045,1.4274492263793945,-0.640233039855957,13.340445518493652,0.8394714593887329
replicate,own_fresh,20,sa-capital-t0,SA,1.3224387168884277,0.8759768009185791,16.239133834838867,1.0285768508911133,-0.29386186599731445,14.187098503112793,0.8736364245414734
replicate,own_fresh,20,sa-capital-t2,SA,1.4432568550109863,0.8572792410850525,16.0711669921875,1.2314257621765137,-0.21183109283447266,14.00338077545166,0.8713356256484985
replicate,own_fresh,20,sa-capital-t3,SA,1.3039827346801758,0.8814722299575806,15.88702392578125,1.227546215057373,-0.07643651962280273,13.89160442352295,0.8743994235992432
replicate,own_fresh,20,sa-currency-t0,SA,1.059399127960205,0.8742942810058594,15.573974609375,1.0635285377502441,0.0041294097900390625,13.4998779296875,0.8668228983879089
replicate,own_fresh,20,sa-currency-t1,SA,1.149942398071289,0.8733875155448914,15.7351655960083,1.1454143524169922,-0.004528045654296875,13.829288482666016,0.8788778185844421
replicate,own_fresh,20,sa-currency-t2,SA,1.3422622680664062,0.858491837978363,15.11799430847168,0.9697339534759521,-0.3725283145904541,13.324634552001953,0.881375789642334
replicate,own_fresh,20,sa-currency-t3,SA,1.19712495803833,0.9014489650726318,15.554765701293945,0.6197147369384766,-0.5774102210998535,13.899497985839844,0.8935845494270325
replicate,own_fresh,20,sk-region-t2,SK,2.1285486221313477,0.864926815032959,16.374794006347656,1.1784634590148926,-0.9500851631164551,13.697637557983398,0.8365074992179871
replicate,own_fresh,20,sy-capital-t0,SY,1.276623249053955,0.8742740154266357,16.26742935180664,1.3990859985351562,0.12246274948120117,14.019240379333496,0.8617981672286987
replicate,own_fresh,20,sy-capital-t1,SY,1.3715429306030273,0.9006598591804504,15.227242469787598,1.673938274383545,0.3023953437805176,12.98941421508789,0.8530378341674805
replicate,own_fresh,20,sy-capital-t2,SY,1.4168930053710938,0.8765408992767334,15.465749740600586,1.388688087463379,-0.028204917907714844,13.25201416015625,0.8568620681762695
replicate,own_fresh,20,sy-capital-t3,SY,1.2538623809814453,0.8909969329833984,15.96300220489502,1.4632129669189453,0.2093505859375,13.745616912841797,0.861092209815979
replicate,own_fresh,20,td-region-t0,TD,2.2642664909362793,0.8482490181922913,17.318838119506836,1.1431360244750977,-1.1211304664611816,14.048319816589355,0.8111583590507507
replicate,own_fresh,20,td-region-t1,TD,2.0025711059570312,0.8730112314224243,15.800743103027344,1.3193435668945312,-0.6832275390625,13.373401641845703,0.8463780283927917
replicate,own_fresh,20,td-region-t2,TD,1.988614559173584,0.8633220195770264,16.025718688964844,1.266831874847412,-0.7217826843261719,13.47693157196045,0.840956449508667
replicate,own_fresh,20,xk-region-t1,XK,1.9175348281860352,0.874039888381958,16.027254104614258,1.2172226905822754,-0.7003121376037598,13.558329582214355,0.8459545969963074
replicate,own_fresh,20,xk-region-t2,XK,1.826230525970459,0.8584691286087036,16.260608673095703,1.2847261428833008,-0.5415043830871582,13.781732559204102,0.8475533127784729
replicate,own_fresh,20,af-capital-t0,AF,1.2936878204345703,0.8830022811889648,15.744300842285156,1.595229148864746,0.3015413284301758,13.843478202819824,0.8792691826820374
replicate,own_fresh,20,al-region-t1,AL,1.963813304901123,0.8746993541717529,16.03248405456543,1.0897331237792969,-0.8740801811218262,13.589561462402344,0.8476266860961914
replicate,own_fresh,20,al-region-t2,AL,1.8947834968566895,0.8622883558273315,16.243131637573242,1.2117133140563965,-0.683070182800293,13.712686538696289,0.8442144393920898
replicate,own_fresh,20,at-capital-t0,AT,1.1520347595214844,0.8903415203094482,16.05622673034668,1.2137470245361328,0.06171226501464844,13.967802047729492,0.8699305653572083
replicate,own_fresh,20,at-capital-t2,AT,1.1734685897827148,0.8740295171737671,15.624688148498535,1.17348051071167,1.1920928955078125e-05,13.444910049438477,0.8604913949966431
replicate,own_fresh,20,at-capital-t3,AT,1.1533503532409668,0.8940887451171875,15.816460609436035,1.4952821731567383,0.3419318199157715,13.794533729553223,0.8721631169319153
replicate,own_fresh,20,at-currency-t0,AT,1.0123467445373535,0.8952453136444092,15.409651756286621,1.010690689086914,-0.0016560554504394531,13.56029987335205,0.8799874186515808
replicate,own_fresh,20,at-currency-t1,AT,1.150578498840332,0.8826431632041931,15.406845092773438,0.8874666690826416,-0.26311182975769043,13.427854537963867,0.8715512156486511
replicate,own_fresh,20,at-currency-t2,AT,1.2919058799743652,0.8826156854629517,15.210227012634277,0.894106388092041,-0.3977994918823242,13.094383239746094,0.8608933687210083
replicate,own_fresh,20,at-currency-t3,AT,1.1251726150512695,0.9116546511650085,15.334490776062012,0.699669361114502,-0.4255032539367676,13.97795581817627,0.9115369915962219
replicate,own_fresh,20,at-region-t1,AT,2.067671775817871,0.8701293468475342,16.256378173828125,1.0755395889282227,-0.9921321868896484,13.76082706451416,0.8464878797531128
replicate,own_fresh,20,at-region-t2,AT,2.0418472290039062,0.8589751124382019,16.526371002197266,0.9157593250274658,-1.1260879039764404,13.754523277282715,0.8322772979736328
replicate,own_fresh,20,bi-region-t0,BI,2.2750368118286133,0.8621261119842529,17.324073791503906,1.0700197219848633,-1.20501708984375,14.001616477966309,0.8082173466682434
replicate,own_fresh,20,bi-region-t1,BI,1.9207220077514648,0.866082489490509,15.895613670349121,1.3691387176513672,-0.5515832901000977,13.40834903717041,0.8435251116752625
replicate,own_fresh,20,bi-region-t2,BI,2.0052480697631836,0.8685370683670044,15.868755340576172,1.4139366149902344,-0.5913114547729492,13.466867446899414,0.8486404418945312
replicate,own_fresh,20,bi-region-t3,BI,2.3437623977661133,0.8543197512626648,17.578683853149414,0.9322805404663086,-1.4114818572998047,14.478876113891602,0.8236609697341919
replicate,own_fresh,20,ci-region-t0,CI,2.3876771926879883,0.8503254652023315,17.707256317138672,0.9624083042144775,-1.4252688884735107,14.276110649108887,0.8062294125556946
replicate,own_fresh,20,ci-region-t1,CI,2.039609909057617,0.8704802393913269,16.26593780517578,1.252246379852295,-0.7873635292053223,13.69235897064209,0.8417810797691345
replicate,own_fresh,20,ci-region-t2,CI,2.013622283935547,0.8690459728240967,16.300735473632812,1.2699995040893555,-0.7436227798461914,13.731727600097656,0.8423992395401001
replicate,own_fresh,20,ci-region-t3,CI,2.4992728233337402,0.8530827760696411,17.9696044921875,0.7900853157043457,-1.7091875076293945,14.693644523620605,0.817694365978241
replicate,own_fresh,20,cz-capital-t0,CZ,1.195115089416504,0.903148889541626,15.512837409973145,1.1787729263305664,-0.0163421630859375,13.739591598510742,0.8856917023658752
replicate,own_fresh,20,cz-capital-t1,CZ,1.2597441673278809,0.9090370535850525,15.139541625976562,1.4939017295837402,0.23415756225585938,13.177105903625488,0.8703768253326416
replicate,own_fresh,20,cz-capital-t2,CZ,1.196983814239502,0.9078651666641235,15.341729164123535,1.2547698020935059,0.057785987854003906,13.372328758239746,0.8716311454772949
replicate,own_fresh,20,cz-region-t2,CZ,2.1638588905334473,0.8601292371749878,16.502288818359375,0.9512243270874023,-1.212634563446045,13.792905807495117,0.8358177542686462
replicate,own_fresh,20,gn-region-t1,GN,2.026486396789551,0.8540554642677307,15.63953685760498,1.81341552734375,-0.21307086944580078,13.149931907653809,0.840813398361206
replicate,own_fresh,20,gn-region-t2,GN,2.1348066329956055,0.8522728681564331,16.50459861755371,1.4422693252563477,-0.6925373077392578,13.923078536987305,0.8435878157615662
replicate,own_fresh,20,gq-region-t1,GQ,2.1659483909606934,0.8639841675758362,15.91694164276123,1.6251163482666016,-0.5408320426940918,13.400806427001953,0.8419209122657776
replicate,own_fresh,20,iq-capital-t0,IQ,1.1880483627319336,0.8845006227493286,15.476361274719238,1.461954116821289,0.27390575408935547,13.779577255249023,0.8903628587722778
replicate,own_fresh,20,iq-capital-t1,IQ,1.2772417068481445,0.8990844488143921,15.080831527709961,1.5976371765136719,0.32039546966552734,13.210081100463867,0.8759517669677734
replicate,own_fresh,20,iq-capital-t2,IQ,1.2168292999267578,0.8924916386604309,15.571375846862793,1.3378849029541016,0.12105560302734375,13.674659729003906,0.878192126750946
replicate,own_fresh,20,ke-capital-t0,KE,1.2297029495239258,0.8857972025871277,16.056978225708008,1.5886039733886719,0.3589010238647461,14.142965316772461,0.8807986974716187
replicate,own_fresh,20,ke-capital-t1,KE,1.3766436576843262,0.9066680073738098,15.455879211425781,1.623459815979004,0.24681615829467773,13.520819664001465,0.8748010396957397
replicate,own_fresh,20,ke-capital-t2,KE,1.3662095069885254,0.8973526358604431,15.678316116333008,1.2502789497375488,-0.11593055725097656,13.78237247467041,0.8790722489356995
replicate,own_fresh,20,ke-capital-t3,KE,1.2263879776000977,0.8916711807250977,15.694953918457031,1.504216194152832,0.2778282165527344,13.80713939666748,0.8797183632850647
replicate,own_fresh,20,ke-region-t0,KE,2.310375213623047,0.8547452688217163,17.669513702392578,1.1469569206237793,-1.1634182929992676,14.472498893737793,0.819066047668457
replicate,own_fresh,20,ke-region-t1,KE,2.056459426879883,0.8622728586196899,16.209524154663086,1.5545916557312012,-0.5018677711486816,13.733524322509766,0.8472502827644348
replicate,own_fresh,20,ke-region-t2,KE,2.0399370193481445,0.8622602224349976,16.263595581054688,1.3949027061462402,-0.6450343132019043,13.708641052246094,0.8429034352302551
replicate,own_fresh,20,ke-region-t3,KE,2.462259292602539,0.8508965969085693,17.893068313598633,1.068896770477295,-1.3933625221252441,14.795247077941895,0.826870322227478
replicate,own_fresh,20,kp-capital-t0,KP,1.273317813873291,0.8870071172714233,15.52482795715332,1.3620095252990723,0.08869171142578125,13.642630577087402,0.8787621259689331
replicate,own_fresh,20,kp-capital-t2,KP,1.2316021919250488,0.8830077052116394,15.655975341796875,1.4953222274780273,0.2637200355529785,13.565155982971191,0.8664523363113403
replicate,own_fresh,20,kr-capital-t0,KR,1.263044834136963,0.8910998702049255,16.436161041259766,1.5237736701965332,0.2607288360595703,14.365883827209473,0.8740413188934326
replicate,own_fresh,20,kr-capital-t1,KR,1.361410140991211,0.8873392939567566,15.843483924865723,1.4743871688842773,0.1129770278930664,13.778690338134766,0.8696755170822144
replicate,own_fresh,20,kr-capital-t2,KR,1.3846240043640137,0.8920654058456421,15.970221519470215,1.3574533462524414,-0.027170658111572266,13.82381534576416,0.8655994534492493
replicate,own_fresh,20,kr-capital-t3,KR,1.2593092918395996,0.878772497177124,16.14353370666504,1.462946891784668,0.20363759994506836,14.064974784851074,0.8712450861930847
replicate,own_fresh,20,kr-region-t0,KR,2.2683629989624023,0.859208345413208,17.621952056884766,0.9258561134338379,-1.3425068855285645,14.39708423614502,0.8169971108436584
replicate,own_fresh,20,kr-region-t1,KR,1.9587640762329102,0.8656558990478516,16.181673049926758,1.2906503677368164,-0.6681137084960938,13.711705207824707,0.8473601937294006
replicate,own_fresh,20,kr-region-t2,KR,2.1696033477783203,0.8488914370536804,16.56537628173828,0.9708635807037354,-1.198739767074585,13.847038269042969,0.8359024524688721
replicate,own_fresh,20,lk-capital-t0,LK,1.2467780113220215,0.8790358304977417,15.778783798217773,1.3882484436035156,0.14147043228149414,13.930615425109863,0.8828700184822083
replicate,own_fresh,20,lk-capital-t1,LK,1.3968639373779297,0.8911213874816895,15.284797668457031,1.68461275100708,0.2877488136291504,13.396586418151855,0.8764647245407104
replicate,own_fresh,20,lk-capital-t2,LK,1.3351845741271973,0.8759343028068542,15.797184944152832,1.0638012886047363,-0.27138328552246094,13.784893989562988,0.8726171255111694
replicate,own_fresh,20,lk-capital-t3,LK,1.2179794311523438,0.8825314044952393,15.646055221557617,1.538682460784912,0.32070302963256836,13.775886535644531,0.8804702758789062
replicate,own_fresh,20,sd-region-t0,SD,2.089376926422119,0.8616576194763184,17.561643600463867,1.1153268814086914,-0.9740500450134277,14.298054695129395,0.8141638040542603
replicate,own_fresh,20,sd-region-t1,SD,1.9587335586547852,0.8596349954605103,16.223312377929688,1.3629932403564453,-0.5957403182983398,13.74764633178711,0.8474007248878479
replicate,own_fresh,20,sd-region-t2,SD,1.9933900833129883,0.85935378074646,16.512195587158203,1.2475218772888184,-0.7458682060241699,13.744315147399902,0.8323735594749451
replicate,own_fresh,20,sd-region-t3,SD,2.2375168800354004,0.8595403432846069,17.751779556274414,0.78745436668396,-1.4500625133514404,14.646202087402344,0.8250554203987122
replicate,own_fresh,20,sl-region-t0,SL,2.2102065086364746,0.8566596508026123,17.54336929321289,1.0071706771850586,-1.203035831451416,14.358830451965332,0.8184762001037598
replicate,own_fresh,20,sl-region-t2,SL,1.9444427490234375,0.861212968826294,16.052352905273438,1.1593022346496582,-0.7851405143737793,13.594327926635742,0.846874475479126
replicate,own_fresh,20,tr-capital-t0,TR,1.2359414100646973,0.8960341215133667,16.009504318237305,1.1841344833374023,-0.05180692672729492,14.255256652832031,0.8904246091842651
replicate,own_fresh,20,tr-capital-t1,TR,1.3278865814208984,0.9090844392776489,15.314030647277832,1.583946704864502,0.2560601234436035,13.483802795410156,0.8804868459701538
replicate,own_fresh,20,tr-capital-t2,TR,1.2940688133239746,0.8892561793327332,15.516122817993164,1.0688581466674805,-0.22521066665649414,13.511263847351074,0.8707886338233948
replicate,own_fresh,20,tr-currency-t0,TR,1.0301523208618164,0.884179413318634,15.503026962280273,1.0893325805664062,0.059180259704589844,14.151884078979492,0.9128465056419373
replicate,own_fresh,20,tr-currency-t2,TR,1.286308765411377,0.8737337589263916,14.882050514221191,1.139233112335205,-0.14707565307617188,12.959990501403809,0.8708471059799194
replicate,own_fresh,20,tr-currency-t3,TR,1.1341614723205566,0.8902221322059631,15.265824317932129,0.7736272811889648,-0.3605341911315918,14.185370445251465,0.9292240142822266
replicate,own_fresh,20,ua-region-t1,UA,2.080646514892578,0.8723480105400085,16.221948623657227,1.2936367988586426,-0.7870097160339355,13.696995735168457,0.8443496227264404
replicate,own_fresh,20,ua-region-t2,UA,2.1241865158081055,0.856505274772644,16.4017333984375,1.421304702758789,-0.7028818130493164,13.68236255645752,0.834202229976654
replicate,own_fresh,21,cu-capital-t0,CU,1.3188953399658203,0.8942668437957764,17.074167251586914,1.8760061264038086,0.5571107864379883,14.751784324645996,0.8639826774597168
replicate,own_fresh,21,cu-capital-t1,CU,1.4156413078308105,0.8733867406845093,16.779748916625977,1.4319777488708496,0.016336441040039062,14.286294937133789,0.8514009714126587
replicate,own_fresh,21,cu-capital-t2,CU,1.4017691612243652,0.885156512260437,16.958660125732422,1.1798343658447266,-0.22193479537963867,14.367491722106934,0.8472067713737488
replicate,own_fresh,21,cu-capital-t3,CU,1.2933788299560547,0.9007967710494995,16.796113967895508,1.5418658256530762,0.24848699569702148,14.660141944885254,0.8728293776512146
replicate,own_fresh,21,fi-capital-t0,FI,1.2652759552001953,0.8910423517227173,17.704421997070312,1.2511601448059082,-0.01411581039428711,15.075763702392578,0.8515253067016602
replicate,own_fresh,21,fi-capital-t1,FI,1.3714957237243652,0.9047418832778931,17.308467864990234,1.212831974029541,-0.15866374969482422,14.74367904663086,0.851818859577179
replicate,own_fresh,21,fi-capital-t2,FI,1.247856616973877,0.9017477035522461,17.49663543701172,0.7943899631500244,-0.45346665382385254,14.893638610839844,0.8512287139892578
replicate,own_fresh,21,fi-currency-t0,FI,1.6134953498840332,0.8661168217658997,18.792516708374023,1.268808364868164,-0.34468698501586914,15.084360122680664,0.8026790618896484
replicate,own_fresh,21,fi-currency-t1,FI,1.7061920166015625,0.8716457486152649,19.211872100830078,0.896784782409668,-0.8094072341918945,15.399445533752441,0.801558792591095
replicate,own_fresh,21,fi-currency-t2,FI,2.088385581970215,0.8709313273429871,19.898889541625977,0.9504475593566895,-1.1379380226135254,15.42086124420166,0.7749608755111694
replicate,own_fresh,21,fi-currency-t3,FI,1.743995189666748,0.8897703289985657,18.454912185668945,0.7019619941711426,-1.0420331954956055,15.724193572998047,0.8520329594612122
replicate,own_fresh,21,fi-region-t1,FI,1.5268096923828125,0.8799299001693726,17.341127395629883,1.037534236907959,-0.4892754554748535,14.933856964111328,0.8611814379692078
replicate,own_fresh,21,fi-region-t2,FI,1.8004331588745117,0.8568427562713623,17.640287399291992,0.948091983795166,-0.8523411750793457,15.074536323547363,0.8545516133308411
replicate,own_fresh,21,gm-region-t1,GM,1.6088051795959473,0.8607144355773926,17.12956428527832,1.140723705291748,-0.4680814743041992,14.583704948425293,0.8513762950897217
replicate,own_fresh,21,gm-region-t2,GM,1.590477466583252,0.8517601490020752,17.392684936523438,1.1955490112304688,-0.3949284553527832,14.764442443847656,0.8488880395889282
replicate,own_fresh,21,ie-capital-t0,IE,1.1866402626037598,0.8938665390014648,17.974605560302734,1.0834426879882812,-0.10319757461547852,15.283356666564941,0.850274920463562
replicate,own_fresh,21,ie-capital-t1,IE,1.313589096069336,0.8989723920822144,17.1741886138916,1.288884162902832,-0.024704933166503906,14.662884712219238,0.8537745475769043
replicate,own_fresh,21,ie-capital-t2,IE,1.2425041198730469,0.8868739604949951,17.471206665039062,0.8151006698608398,-0.42740345001220703,14.697427749633789,0.8412371277809143
replicate,own_fresh,21,ie-capital-t3,IE,1.1409807205200195,0.8976069092750549,17.440288543701172,1.0962238311767578,-0.04475688934326172,15.166519165039062,0.869625449180603
replicate,own_fresh,21,ie-currency-t0,IE,1.8133645057678223,0.8751887679100037,19.182703018188477,0.6913115978240967,-1.1220529079437256,15.672377586364746,0.8170056939125061
replicate,own_fresh,21,ie-currency-t1,IE,1.8753890991210938,0.8770909309387207,19.39066505432129,0.9153439998626709,-0.9600450992584229,15.647345542907715,0.8069524765014648
replicate,own_fresh,21,ie-currency-t2,IE,2.329491138458252,0.866959273815155,19.959043502807617,0.783757209777832,-1.54573392868042,15.557197570800781,0.7794560790061951
replicate,own_fresh,21,ie-currency-t3,IE,1.9049525260925293,0.8912707567214966,18.927778244018555,0.9187071323394775,-0.9862453937530518,15.973373413085938,0.8439117074012756
replicate,own_fresh,21,ie-region-t1,IE,1.6483173370361328,0.8706156015396118,17.422269821166992,0.9174416065216064,-0.7308757305145264,14.943071365356445,0.857699453830719
replicate,own_fresh,21,ie-region-t2,IE,1.8310375213623047,0.8534644842147827,17.564058303833008,0.930696964263916,-0.9003405570983887,15.223071098327637,0.8667171597480774
replicate,own_fresh,21,mg-region-t0,MG,1.9488143920898438,0.8528850078582764,18.726287841796875,0.8786873817443848,-1.070127010345459,15.413941383361816,0.8231178522109985
replicate,own_fresh,21,mg-region-t1,MG,1.5461726188659668,0.8705735206604004,16.77972984313965,1.6919255256652832,0.1457529067993164,14.330488204956055,0.8540356755256653
replicate,own_fresh,21,mg-region-t2,MG,1.6490001678466797,0.8637734055519104,17.01725196838379,1.0837516784667969,-0.5652484893798828,14.433465003967285,0.8481666445732117
replicate,own_fresh,21,mg-region-t3,MG,2.0486083030700684,0.838627815246582,18.903963088989258,0.7776055335998535,-1.2710027694702148,15.677263259887695,0.829310953617096
replicate,own_fresh,21,ml-region-t0,ML,2.066730499267578,0.8423362970352173,18.865032196044922,0.9020447731018066,-1.1646857261657715,15.298980712890625,0.8109703063964844
replicate,own_fresh,21,ml-region-t1,ML,1.6913189888000488,0.8628058433532715,17.192995071411133,1.488006591796875,-0.20331239700317383,14.587273597717285,0.8484428524971008
replicate,own_fresh,21,ml-region-t2,ML,1.7155146598815918,0.8538011908531189,17.41643524169922,1.0215702056884766,-0.6939444541931152,14.745981216430664,0.8466704487800598
replicate,own_fresh,21,ml-region-t3,ML,2.1593093872070312,0.8340837955474854,18.83069610595703,0.8637092113494873,-1.295600175857544,15.403374671936035,0.8179928660392761
replicate,own_fresh,21,np-currency-t0,NP,1.7577815055847168,0.8618147373199463,19.054203033447266,1.0382680892944336,-0.7195134162902832,15.015789031982422,0.7880565524101257
replicate,own_fresh,21,np-currency-t3,NP,1.8430161476135254,0.8980607986450195,18.62331199645996,0.7115826606750488,-1.1314334869384766,15.78466510772705,0.8475756049156189
replicate,own_fresh,21,np-region-t0,NP,1.8543448448181152,0.8510533571243286,19.012500762939453,0.8721005916595459,-0.9822442531585693,15.680221557617188,0.8247321844100952
replicate,own_fresh,21,nz-capital-t0,NZ,1.2053184509277344,0.8812255859375,17.43033218383789,1.2454442977905273,0.04012584686279297,15.034998893737793,0.8625767230987549
replicate,own_fresh,21,nz-capital-t2,NZ,1.2524933815002441,0.8748586773872375,17.228832244873047,1.0497627258300781,-0.20273065567016602,14.227511405944824,0.8257966041564941
replicate,own_fresh,21,nz-capital-t3,NZ,1.1717720031738281,0.879494309425354,17.334678649902344,1.2757296562194824,0.1039576530456543,14.913880348205566,0.8603494167327881
replicate,own_fresh,21,ph-capital-t1,PH,1.4267125129699707,0.8888152241706848,16.455902099609375,1.6089396476745605,0.18222713470458984,14.146636009216309,0.8596694469451904
replicate,own_fresh,21,ph-capital-t2,PH,1.2514128684997559,0.8937076926231384,17.603635787963867,1.3679566383361816,0.11654376983642578,14.859100341796875,0.8440926671028137
replicate,own_fresh,21,ph-currency-t0,PH,1.7630233764648438,0.8798161149024963,18.729087829589844,1.1063098907470703,-0.6567134857177734,15.1981201171875,0.8114714622497559
replicate,own_fresh,21,ph-currency-t2,PH,2.303318500518799,0.8579314351081848,19.799732208251953,0.8016314506530762,-1.5016870498657227,15.236417770385742,0.769526481628418
replicate,own_fresh,21,ph-currency-t3,PH,1.8742356300354004,0.8849061727523804,18.352357864379883,1.0576777458190918,-0.8165578842163086,15.561246871948242,0.8479154109954834
replicate,own_fresh,21,ph-region-t0,PH,1.9718608856201172,0.8578587174415588,18.95193862915039,1.1162238121032715,-0.8556370735168457,15.738375663757324,0.8304361701011658
replicate,own_fresh,21,ph-region-t2,PH,1.6200718879699707,0.8538706302642822,17.516014099121094,1.140763759613037,-0.4793081283569336,14.833138465881348,0.8468329906463623
replicate,own_fresh,21,rs-region-t1,RS,1.6575384140014648,0.8643685579299927,16.967891693115234,1.077897548675537,-0.5796408653259277,14.300137519836426,0.842776358127594
replicate,own_fresh,21,sa-capital-t0,SA,1.399454116821289,0.8738476037979126,17.8331356048584,1.4016427993774414,0.0021886825561523438,15.116822242736816,0.8476817011833191
replicate,own_fresh,21,sa-capital-t2,SA,1.4474644660949707,0.8616741895675659,17.795621871948242,1.1509208679199219,-0.29654359817504883,14.886930465698242,0.8365501761436462
replicate,own_fresh,21,sa-capital-t3,SA,1.3480706214904785,0.8781457543373108,17.35483169555664,1.3644800186157227,0.01640939712524414,14.795872688293457,0.8525506258010864
replicate,own_fresh,21,sa-currency-t0,SA,1.5725374221801758,0.877712607383728,18.993825912475586,1.0057640075683594,-0.5667734146118164,15.229762077331543,0.8018269538879395
replicate,own_fresh,21,sa-currency-t1,SA,1.6700658798217773,0.8633418083190918,19.396766662597656,1.0644521713256836,-0.6056137084960938,15.501317024230957,0.7991701364517212
replicate,own_fresh,21,sa-currency-t2,SA,2.0278944969177246,0.855108380317688,19.773683547973633,0.9352538585662842,-1.0926406383514404,15.452770233154297,0.7814816236495972
replicate,own_fresh,21,sa-currency-t3,SA,1.7134103775024414,0.8950845003128052,18.938148498535156,0.727332592010498,-0.9860777854919434,16.293073654174805,0.8603308796882629
replicate,own_fresh,21,sk-region-t2,SK,1.7256622314453125,0.8578425645828247,17.418149948120117,1.0072112083435059,-0.7184510231018066,14.70418643951416,0.8441876173019409
replicate,own_fresh,21,sy-capital-t0,SY,1.311007022857666,0.8683149814605713,17.786579132080078,1.2918906211853027,-0.01911640167236328,14.874135971069336,0.8362561464309692
replicate,own_fresh,21,sy-capital-t1,SY,1.437312126159668,0.8885675072669983,16.97444725036621,1.4945435523986816,0.05723142623901367,14.183938980102539,0.8356053233146667
replicate,own_fresh,21,sy-capital-t2,SY,1.3963279724121094,0.8813771605491638,17.192829132080078,1.134901523590088,-0.2614264488220215,14.299969673156738,0.8317403197288513
replicate,own_fresh,21,sy-capital-t3,SY,1.254399299621582,0.8870583772659302,17.39632797241211,1.4415373802185059,0.18713808059692383,14.745046615600586,0.8475953340530396
replicate,own_fresh,21,td-region-t0,TD,2.021139144897461,0.8409230709075928,18.57040023803711,0.9288363456726074,-1.0923027992248535,14.942010879516602,0.8046143651008606
replicate,own_fresh,21,td-region-t1,TD,1.6163678169250488,0.8631184697151184,16.900663375854492,1.372767448425293,-0.24360036849975586,14.33979606628418,0.8484753370285034
replicate,own_fresh,21,td-region-t2,TD,1.6427483558654785,0.8583332300186157,17.128314971923828,1.340012550354004,-0.3027358055114746,14.35888957977295,0.8383130431175232
replicate,own_fresh,21,xk-region-t1,XK,1.5182394981384277,0.8667042255401611,17.22196388244629,0.9959759712219238,-0.5222635269165039,14.552373886108398,0.8449892401695251
replicate,own_fresh,21,xk-region-t2,XK,1.470268726348877,0.8607902526855469,17.48383331298828,0.8703780174255371,-0.5998907089233398,14.810266494750977,0.8470835089683533
replicate,own_fresh,21,af-capital-t0,AF,1.3037095069885254,0.8864706158638,17.241899490356445,1.4769515991210938,0.17324209213256836,14.800553321838379,0.8584061861038208
replicate,own_fresh,21,al-region-t1,AL,1.5323867797851562,0.8662737607955933,17.18166160583496,0.9185972213745117,-0.6137895584106445,14.59969425201416,0.8497254252433777
replicate,own_fresh,21,al-region-t2,AL,1.516775131225586,0.8649526238441467,17.3988037109375,1.061894416809082,-0.4548807144165039,14.744443893432617,0.8474401235580444
replicate,own_fresh,21,at-capital-t0,AT,1.231184482574463,0.882681131362915,17.620119094848633,1.064741611480713,-0.16644287109375,14.863401412963867,0.8435471653938293
replicate,own_fresh,21,at-capital-t2,AT,1.230471134185791,0.8748023509979248,17.353469848632812,1.028470516204834,-0.20200061798095703,14.45018482208252,0.8326971530914307
replicate,own_fresh,21,at-capital-t3,AT,1.1853265762329102,0.8929297924041748,17.275447845458984,1.2179865837097168,0.03266000747680664,14.83295726776123,0.8586149215698242
replicate,own_fresh,21,at-currency-t0,AT,1.7103815078735352,0.8875753879547119,19.004396438598633,0.9342095851898193,-0.7761719226837158,15.803356170654297,0.8315631747245789
replicate,own_fresh,21,at-currency-t1,AT,1.8244032859802246,0.8718380331993103,19.227203369140625,0.9486327171325684,-0.8757705688476562,15.42389965057373,0.8021915555000305
replicate,own_fresh,21,at-currency-t2,AT,2.2562031745910645,0.8764430284500122,19.871129989624023,0.9345376491546631,-1.3216655254364014,15.50617504119873,0.780336856842041
replicate,own_fresh,21,at-currency-t3,AT,1.78208589553833,0.9083480834960938,18.80823516845703,0.8400506973266602,-0.9420351982116699,16.604169845581055,0.8828138113021851
replicate,own_fresh,21,at-region-t1,AT,1.697129249572754,0.8672064542770386,17.392797470092773,0.8536953926086426,-0.8434338569641113,14.899748802185059,0.8566620349884033
replicate,own_fresh,21,at-region-t2,AT,1.668494701385498,0.854698657989502,17.46700668334961,0.9342741966247559,-0.7342205047607422,14.7811861038208,0.8462346196174622
replicate,own_fresh,21,bi-region-t0,BI,2.051849365234375,0.8541554808616638,18.653833389282227,0.8544754981994629,-1.197373867034912,15.140535354614258,0.8116581439971924
replicate,own_fresh,21,bi-region-t1,BI,1.593672752380371,0.8633232712745667,17.014942169189453,1.1406846046447754,-0.4529881477355957,14.480414390563965,0.8510410785675049
replicate,own_fresh,21,bi-region-t2,BI,1.6829428672790527,0.8657886385917664,17.000286102294922,1.2992873191833496,-0.3836555480957031,14.486455917358398,0.852130115032196
replicate,own_fresh,21,bi-region-t3,BI,2.1068849563598633,0.8430485725402832,18.731246948242188,0.9750876426696777,-1.1317973136901855,15.347160339355469,0.8193346858024597
replicate,own_fresh,21,ci-region-t0,CI,2.1099843978881836,0.8433841466903687,19.104930877685547,0.9283452033996582,-1.1816391944885254,15.526324272155762,0.8126867413520813
replicate,own_fresh,21,ci-region-t1,CI,1.6630053520202637,0.8655979633331299,17.51387596130371,1.2151074409484863,-0.44789791107177734,14.839677810668945,0.8473097681999207
replicate,own_fresh,21,ci-region-t2,CI,1.684168815612793,0.868777871131897,17.53249740600586,1.12223482131958,-0.5619339942932129,14.788975715637207,0.8435178995132446
replicate,own_fresh,21,ci-region-t3,CI,2.2361621856689453,0.8382610082626343,19.1623477935791,0.7058014869689941,-1.5303606986999512,15.61852741241455,0.8150633573532104
replicate,own_fresh,21,cz-capital-t0,CZ,1.2943415641784668,0.8955515027046204,17.28072166442871,1.260981559753418,-0.03336000442504883,14.677440643310547,0.8493534326553345
replicate,own_fresh,21,cz-capital-t1,CZ,1.3499083518981934,0.8976138234138489,17.067562103271484,1.3137292861938477,-0.0361790657043457,14.3512544631958,0.8408496975898743
replicate,own_fresh,21,cz-capital-t2,CZ,1.2513604164123535,0.8993217349052429,17.159217834472656,1.124499797821045,-0.1268606185913086,14.306170463562012,0.833730936050415
replicate,own_fresh,21,cz-region-t2,CZ,1.733199119567871,0.8559780120849609,17.594884872436523,0.8559107780456543,-0.8772883415222168,14.835784912109375,0.8431873917579651
replicate,own_fresh,21,gn-region-t1,GN,1.6394553184509277,0.853035032749176,16.71372413635254,1.4113383293151855,-0.2281169891357422,14.142338752746582,0.8461512327194214
replicate,own_fresh,21,gn-region-t2,GN,1.7429008483886719,0.8504042029380798,17.534698486328125,1.182600498199463,-0.560300350189209,14.87887954711914,0.8485392332077026
replicate,own_fresh,21,gq-region-t1,GQ,1.8230986595153809,0.8570111393928528,16.96247673034668,1.4156813621520996,-0.40741729736328125,14.265917778015137,0.8410279750823975
replicate,own_fresh,21,iq-capital-t0,IQ,1.2459344863891602,0.8885931372642517,17.10319709777832,1.2464323043823242,0.0004978179931640625,14.790112495422363,0.8647571802139282
replicate,own_fresh,21,iq-capital-t1,IQ,1.3503327369689941,0.9015936255455017,16.87959098815918,1.3891749382019043,0.038842201232910156,14.42724323272705,0.8547152280807495
replicate,own_fresh,21,iq-capital-t2,IQ,1.2370243072509766,0.8935032486915588,17.20363426208496,1.0849637985229492,-0.15206050872802734,14.618578910827637,0.849737823009491
replicate,own_fresh,21,ke-capital-t0,KE,1.3102288246154785,0.8837732076644897,17.78995704650879,1.4466323852539062,0.13640356063842773,15.035017013549805,0.8451406955718994
replicate,own_fresh,21,ke-capital-t1,KE,1.4455113410949707,0.9000340700149536,17.393817901611328,1.5556254386901855,0.11011409759521484,14.757890701293945,0.848456084728241
replicate,own_fresh,21,ke-capital-t2,KE,1.395979404449463,0.8953514695167542,17.50606346130371,1.36802339553833,-0.027956008911132812,14.917227745056152,0.8521177768707275
replicate,own_fresh,21,ke-capital-t3,KE,1.26957368850708,0.8905864953994751,17.343055725097656,1.3477816581726074,0.07820796966552734,14.831380844116211,0.8551769256591797
replicate,own_fresh,21,ke-region-t0,KE,2.0554890632629395,0.8567720651626587,19.209430694580078,0.8726634979248047,-1.1828255653381348,15.75042724609375,0.8199320435523987
replicate,own_fresh,21,ke-region-t1,KE,1.6629977226257324,0.8611456155776978,17.56542205810547,1.3238892555236816,-0.3391084671020508,14.877787590026855,0.8469929099082947
replicate,own_fresh,21,ke-region-t2,KE,1.6848130226135254,0.8606733083724976,17.61693000793457,1.0518097877502441,-0.6330032348632812,14.829283714294434,0.8417631983757019
replicate,own_fresh,21,ke-region-t3,KE,2.2053279876708984,0.841065526008606,19.234256744384766,0.9600269794464111,-1.2453010082244873,15.71158504486084,0.8168542981147766
replicate,own_fresh,21,kp-capital-t0,KP,1.3740386962890625,0.8859460949897766,16.872509002685547,1.601445198059082,0.22740650177001953,14.485992431640625,0.8585559129714966
replicate,own_fresh,21,kp-capital-t2,KP,1.2761430740356445,0.8855174779891968,17.15445327758789,1.2273221015930176,-0.04882097244262695,14.37819766998291,0.8381612300872803
replicate,own_fresh,21,kr-capital-t0,KR,1.3785858154296875,0.8781708478927612,17.959272384643555,1.2432689666748047,-0.1353168487548828,15.201800346374512,0.846459686756134
replicate,own_fresh,21,kr-capital-t1,KR,1.462475299835205,0.8787846565246582,17.534591674804688,1.294145107269287,-0.16833019256591797,14.832457542419434,0.8458969593048096
replicate,own_fresh,21,kr-capital-t2,KR,1.4684419631958008,0.8837511539459229,17.78249168395996,1.0001616477966309,-0.4682803153991699,14.92388916015625,0.8392462134361267
replicate,own_fresh,21,kr-capital-t3,KR,1.3007216453552246,0.8734452724456787,17.473100662231445,1.3042540550231934,0.00353240966796875,14.86166763305664,0.8505455255508423
replicate,own_fresh,21,kr-region-t0,KR,2.092897415161133,0.8518770337104797,19.093482971191406,0.8003139495849609,-1.2925834655761719,15.68450927734375,0.8214587569236755
replicate,own_fresh,21,kr-region-t1,KR,1.6075334548950195,0.8624847531318665,17.500185012817383,1.1043400764465332,-0.5031933784484863,14.84827995300293,0.8484641909599304
replicate,own_fresh,21,kr-region-t2,KR,1.756953239440918,0.8484443426132202,17.678224563598633,1.2894330024719238,-0.46752023696899414,14.902362823486328,0.8429784774780273
replicate,own_fresh,21,lk-capital-t0,LK,1.3122477531433105,0.8827509880065918,17.576400756835938,1.2785038948059082,-0.033743858337402344,14.933690071105957,0.8496443629264832
replicate,own_fresh,21,lk-capital-t1,LK,1.4770536422729492,0.8831394910812378,17.190481185913086,1.6576409339904785,0.1805872917175293,14.504504203796387,0.8437520861625671
replicate,own_fresh,21,lk-capital-t2,LK,1.400404453277588,0.8736888766288757,17.797456741333008,1.0178751945495605,-0.38252925872802734,14.75158405303955,0.8288590908050537
replicate,own_fresh,21,lk-capital-t3,LK,1.2576279640197754,0.8846722841262817,17.309410095214844,1.2932214736938477,0.035593509674072266,14.863807678222656,0.8587125539779663
replicate,own_fresh,21,sd-region-t0,SD,1.818502426147461,0.8537275791168213,19.046016693115234,0.8539948463439941,-0.9645075798034668,15.384103775024414,0.807733416557312
replicate,own_fresh,21,sd-region-t1,SD,1.533836841583252,0.8542484641075134,17.486452102661133,1.2976698875427246,-0.23616695404052734,14.723928451538086,0.8420192003250122
replicate,own_fresh,21,sd-region-t2,SD,1.5719313621520996,0.8584985733032227,17.774032592773438,0.9269270896911621,-0.6450042724609375,14.840397834777832,0.8349483013153076
replicate,own_fresh,21,sd-region-t3,SD,1.9644551277160645,0.8430701494216919,19.06221580505371,0.5912666320800781,-1.3731884956359863,15.455510139465332,0.8107929229736328
replicate,own_fresh,21,sl-region-t0,SL,1.9718809127807617,0.8503236770629883,18.880329132080078,0.9232680797576904,-1.0486128330230713,15.304466247558594,0.8106037974357605
replicate,own_fresh,21,sl-region-t2,SL,1.6131958961486816,0.8638914823532104,17.2894229888916,0.8493969440460205,-0.7637989521026611,14.58072280883789,0.8433319330215454
replicate,own_fresh,21,tr-capital-t0,TR,1.317551612854004,0.887633204460144,17.60223960876465,1.0184860229492188,-0.29906558990478516,15.075611114501953,0.8564598560333252
replicate,own_fresh,21,tr-capital-t1,TR,1.4160056114196777,0.8929557204246521,17.071063995361328,1.430699348449707,0.014693737030029297,14.47724437713623,0.8480575084686279
replicate,own_fresh,21,tr-capital-t2,TR,1.3486542701721191,0.8874068260192871,17.26093864440918,0.7916903495788574,-0.5569639205932617,14.457440376281738,0.8375813364982605
replicate,own_fresh,21,tr-currency-t0,TR,1.7602205276489258,0.8531340956687927,19.25403594970703,1.0908546447753906,-0.6693658828735352,15.760107040405273,0.8185352683067322
replicate,own_fresh,21,tr-currency-t2,TR,2.191837787628174,0.8668549656867981,19.823726654052734,0.9191465377807617,-1.272691249847412,14.937256813049316,0.7535039782524109
replicate,own_fresh,21,tr-currency-t3,TR,1.8080697059631348,0.8714664578437805,18.7664794921875,0.8650617599487305,-0.9430079460144043,16.153549194335938,0.8607661128044128
replicate,own_fresh,21,ua-region-t1,UA,1.6050934791564941,0.8629897236824036,17.477895736694336,1.0976629257202148,-0.5074305534362793,14.7982759475708,0.8466852307319641
replicate,own_fresh,21,ua-region-t2,UA,1.6353745460510254,0.8557296395301819,17.603132247924805,1.149733066558838,-0.4856414794921875,14.725300788879395,0.8365159630775452
replicate,own_fresh,22,cu-capital-t0,CU,1.9758872985839844,0.8862338662147522,18.677825927734375,2.1219778060913086,0.14609050750732422,16.047006607055664,0.8591474294662476
replicate,own_fresh,22,cu-capital-t1,CU,2.2089037895202637,0.8768090009689331,18.92544937133789,1.9341444969177246,-0.27475929260253906,16.460622787475586,0.8697612881660461
replicate,own_fresh,22,cu-capital-t2,CU,2.5043158531188965,0.8868064880371094,19.01392364501953,1.5899004936218262,-0.9144153594970703,16.453153610229492,0.8653213381767273
replicate,own_fresh,22,cu-capital-t3,CU,1.9174299240112305,0.8961291909217834,18.70724868774414,1.9643492698669434,0.04691934585571289,16.4792537689209,0.8809020519256592
replicate,own_fresh,22,fi-capital-t0,FI,2.1695947647094727,0.8843817710876465,19.659847259521484,1.7759180068969727,-0.3936767578125,16.473093032836914,0.8379054665565491
replicate,own_fresh,22,fi-capital-t1,FI,2.450517177581787,0.896242618560791,19.726354598999023,1.7148447036743164,-0.7356724739074707,16.774410247802734,0.850355327129364
replicate,own_fresh,22,fi-capital-t2,FI,2.498565673828125,0.8947663903236389,19.673648834228516,1.3234739303588867,-1.1750917434692383,16.51520538330078,0.839458167552948
replicate,own_fresh,22,fi-currency-t0,FI,1.2168059349060059,0.8816365599632263,21.1302547454834,1.126617431640625,-0.09018850326538086,17.63960838317871,0.8348034024238586
replicate,own_fresh,22,fi-currency-t1,FI,1.3556504249572754,0.8735431432723999,21.2623348236084,1.0104660987854004,-0.345184326171875,17.748075485229492,0.8347190022468567
replicate,own_fresh,22,fi-currency-t2,FI,1.5071969032287598,0.8707107305526733,21.546707153320312,1.1512246131896973,-0.3559722900390625,17.652732849121094,0.8192775249481201
replicate,own_fresh,22,fi-currency-t3,FI,1.516122817993164,0.88595050573349,20.903100967407227,0.9663958549499512,-0.5497269630432129,17.7052059173584,0.8470133543014526
replicate,own_fresh,22,fi-region-t1,FI,2.050037384033203,0.8717565536499023,20.33780288696289,0.9980814456939697,-1.0519559383392334,17.752487182617188,0.872881293296814
replicate,own_fresh,22,fi-region-t2,FI,2.2907962799072266,0.845501184463501,20.040395736694336,1.0470447540283203,-1.2437515258789062,17.625917434692383,0.8795194029808044
replicate,own_fresh,22,gm-region-t1,GM,1.7781000137329102,0.868413507938385,19.99578857421875,1.2200679779052734,-0.5580320358276367,17.492053985595703,0.874786913394928
replicate,own_fresh,22,gm-region-t2,GM,1.7410826683044434,0.8538544774055481,19.96991539001465,1.168811321258545,-0.5722713470458984,17.17102813720703,0.8598448038101196
replicate,own_fresh,22,ie-capital-t0,IE,1.8560700416564941,0.8887755870819092,19.95049476623535,1.479978084564209,-0.37609195709228516,16.899219512939453,0.8470576405525208
replicate,own_fresh,22,ie-capital-t1,IE,2.2472496032714844,0.8977245092391968,19.748876571655273,1.662515640258789,-0.5847339630126953,17.04047393798828,0.8628578782081604
replicate,own_fresh,22,ie-capital-t2,IE,2.354344367980957,0.8832671642303467,19.652042388916016,1.2536373138427734,-1.1007070541381836,16.682865142822266,0.8489125370979309
replicate,own_fresh,22,ie-capital-t3,IE,1.772110939025879,0.900227963924408,19.626638412475586,1.4036717414855957,-0.3684391975402832,17.110408782958984,0.8717951774597168
replicate,own_fresh,22,ie-currency-t0,IE,1.3237075805664062,0.8904209733009338,21.483903884887695,0.8469350337982178,-0.4767725467681885,18.481111526489258,0.8602306246757507
replicate,own_fresh,22,ie-currency-t1,IE,1.4587626457214355,0.8821135759353638,21.475996017456055,0.9425773620605469,-0.5161852836608887,18.0748233795166,0.8416290879249573
replicate,own_fresh,22,ie-currency-t2,IE,1.6087594032287598,0.873441219329834,21.58844757080078,0.968005895614624,-0.6407535076141357,17.699132919311523,0.8198427557945251
replicate,own_fresh,22,ie-currency-t3,IE,1.6298909187316895,0.8908162117004395,21.319839477539062,0.9975090026855469,-0.6323819160461426,18.503509521484375,0.8679009675979614
replicate,own_fresh,22,ie-region-t1,IE,2.1869683265686035,0.8655484318733215,20.44407081604004,1.0697078704833984,-1.117260456085205,17.882553100585938,0.8747060894966125
replicate,own_fresh,22,ie-region-t2,IE,2.2642745971679688,0.848955512046814,20.260906219482422,0.8336877822875977,-1.430586814880371,18.023468017578125,0.8895686864852905
replicate,own_fresh,22,mg-region-t0,MG,1.99461030960083,0.8357471227645874,20.38062858581543,1.183298110961914,-0.811312198638916,17.137399673461914,0.8408671021461487
replicate,own_fresh,22,mg-region-t1,MG,1.7939982414245605,0.8730601072311401,19.755870819091797,1.5015692710876465,-0.29242897033691406,16.996078491210938,0.8603051900863647
replicate,own_fresh,22,mg-region-t2,MG,1.8803977966308594,0.863929271697998,19.80129051208496,1.5372400283813477,-0.3431577682495117,16.751955032348633,0.8460031747817993
replicate,own_fresh,22,mg-region-t3,MG,2.1094231605529785,0.8208422660827637,20.305423736572266,0.8702602386474609,-1.2391629219055176,17.267229080200195,0.850375235080719
replicate,own_fresh,22,ml-region-t0,ML,2.132563591003418,0.8258305788040161,20.421939849853516,1.0320672988891602,-1.1004962921142578,17.027624130249023,0.8337907195091248
replicate,own_fresh,22,ml-region-t1,ML,1.9260072708129883,0.8678397536277771,20.12255096435547,1.7193126678466797,-0.2066946029663086,17.282121658325195,0.8588435053825378
replicate,own_fresh,22,ml-region-t2,ML,1.914236068725586,0.8607305288314819,20.2473201751709,1.537844181060791,-0.3763918876647949,17.52611541748047,0.8656017184257507
replicate,own_fresh,22,ml-region-t3,ML,2.2974557876586914,0.8181105852127075,20.227643966674805,0.8578805923461914,-1.4395751953125,16.939224243164062,0.837429404258728
replicate,own_fresh,22,np-currency-t0,NP,1.2796282768249512,0.8831571340560913,21.390722274780273,0.9950902462005615,-0.28453803062438965,17.58184051513672,0.8219376802444458
replicate,own_fresh,22,np-currency-t3,NP,1.7039976119995117,0.8974754214286804,21.12962532043457,0.9123773574829102,-0.7916202545166016,18.229028701782227,0.862723708152771
replicate,own_fresh,22,np-region-t0,NP,2.1086807250976562,0.8393012881278992,20.71665382385254,1.21858549118042,-0.8900952339172363,17.427236557006836,0.8412187099456787
replicate,own_fresh,22,nz-capital-t0,NZ,1.9503560066223145,0.8806794881820679,19.598241806030273,1.5318818092346191,-0.4184741973876953,16.47514533996582,0.8406440615653992
replicate,own_fresh,22,nz-capital-t2,NZ,2.4300174713134766,0.8777188062667847,19.707353591918945,1.5215363502502441,-0.9084811210632324,16.087406158447266,0.8163148760795593
replicate,own_fresh,22,nz-capital-t3,NZ,1.9449610710144043,0.879696249961853,19.86972427368164,1.4461216926574707,-0.4988393783569336,16.664907455444336,0.8387085199356079
replicate,own_fresh,22,ph-capital-t1,PH,2.188516616821289,0.8857236504554749,18.990877151489258,1.803483486175537,-0.38503313064575195,16.2608585357666,0.8562458157539368
replicate,own_fresh,22,ph-capital-t2,PH,2.093904972076416,0.8918890357017517,19.88984489440918,1.5240707397460938,-0.5698342323303223,16.651662826538086,0.8371942043304443
replicate,own_fresh,22,ph-currency-t0,PH,1.4079432487487793,0.8884684443473816,21.13014793395996,1.1551814079284668,-0.2527618408203125,17.536264419555664,0.829916775226593
replicate,own_fresh,22,ph-currency-t2,PH,1.57342529296875,0.8637582659721375,21.675418853759766,0.9511756896972656,-0.6222496032714844,17.739728927612305,0.8184261322021484
replicate,own_fresh,22,ph-currency-t3,PH,1.835951328277588,0.888515830039978,20.8693904876709,0.8470838069915771,-0.9888675212860107,17.304813385009766,0.8291959166526794
replicate,own_fresh,22,ph-region-t0,PH,2.2353854179382324,0.8415948152542114,20.584423065185547,1.168351650238037,-1.0670337677001953,17.387041091918945,0.8446698188781738
replicate,own_fresh,22,ph-region-t2,PH,1.9747734069824219,0.8506271243095398,20.19437599182129,1.3032512664794922,-0.6715221405029297,17.60281753540039,0.8716692924499512
replicate,own_fresh,22,rs-region-t1,RS,2.201343536376953,0.867073655128479,19.90110969543457,1.2504386901855469,-0.9509048461914062,17.078201293945312,0.858153223991394
replicate,own_fresh,22,sa-capital-t0,SA,2.2263402938842773,0.8677369356155396,19.890609741210938,1.704221248626709,-0.5221190452575684,16.75507354736328,0.8423609733581543
replicate,own_fresh,22,sa-capital-t2,SA,2.3571510314941406,0.862364649772644,20.080957412719727,1.513535976409912,-0.8436150550842285,16.85655403137207,0.8394297957420349
replicate,own_fresh,22,sa-capital-t3,SA,2.1217331886291504,0.8813722729682922,19.64569091796875,1.6346454620361328,-0.4870877265930176,16.63420867919922,0.8467102646827698
replicate,own_fresh,22,sa-currency-t0,SA,1.2071290016174316,0.8871312141418457,21.163959503173828,0.9431760311126709,-0.26395297050476074,17.66212272644043,0.8345377445220947
replicate,own_fresh,22,sa-currency-t1,SA,1.3284459114074707,0.8689610958099365,21.347078323364258,0.9706757068634033,-0.3577702045440674,17.768152236938477,0.8323458433151245
replicate,own_fresh,22,sa-currency-t2,SA,1.46759033203125,0.8606530427932739,21.679759979248047,0.9652860164642334,-0.5023043155670166,17.810523986816406,0.8215277194976807
replicate,own_fresh,22,sa-currency-t3,SA,1.5174317359924316,0.8911178708076477,21.234397888183594,0.7518463134765625,-0.7655854225158691,18.497541427612305,0.8711121082305908
replicate,own_fresh,22,sk-region-t2,SK,2.1373419761657715,0.8579493761062622,20.1741886138916,1.117295265197754,-1.0200467109680176,17.53850746154785,0.8693537712097168
replicate,own_fresh,22,sy-capital-t0,SY,2.0646986961364746,0.8710123300552368,19.62938690185547,1.6091790199279785,-0.4555196762084961,16.454668045043945,0.8382670283317566
replicate,own_fresh,22,sy-capital-t1,SY,2.2948226928710938,0.88846755027771,19.426034927368164,1.9118003845214844,-0.3830223083496094,16.23365020751953,0.8356646299362183
replicate,own_fresh,22,sy-capital-t2,SY,2.3257741928100586,0.8822532892227173,19.38347625732422,1.61043119430542,-0.7153429985046387,16.213926315307617,0.8364818692207336
replicate,own_fresh,22,sy-capital-t3,SY,2.0156912803649902,0.8853713274002075,19.460451126098633,1.8663125038146973,-0.14937877655029297,16.64553451538086,0.8553519248962402
replicate,own_fresh,22,td-region-t0,TD,2.072871685028076,0.8287191390991211,20.183107376098633,1.1210885047912598,-0.9517831802368164,16.660552978515625,0.8254701495170593
replicate,own_fresh,22,td-region-t1,TD,1.9493308067321777,0.8690093755722046,19.825225830078125,1.3359432220458984,-0.6133875846862793,17.086698532104492,0.8618665337562561
replicate,own_fresh,22,td-region-t2,TD,1.9281282424926758,0.8621776103973389,19.9562931060791,1.4069619178771973,-0.5211663246154785,17.005727767944336,0.8521486520767212
replicate,own_fresh,22,xk-region-t1,XK,1.8886313438415527,0.8676592111587524,20.306655883789062,1.162426471710205,-0.7262048721313477,17.385326385498047,0.8561393022537231
replicate,own_fresh,22,xk-region-t2,XK,1.7801833152770996,0.8611705303192139,20.502635955810547,1.1580934524536133,-0.6220898628234863,17.720964431762695,0.8643261790275574
replicate,own_fresh,22,af-capital-t0,AF,2.128106117248535,0.8866704106330872,19.333694458007812,1.7830638885498047,-0.34504222869873047,16.25412368774414,0.8407148122787476
replicate,own_fresh,22,al-region-t1,AL,1.8956284523010254,0.8632521629333496,20.257741928100586,0.9290239810943604,-0.966604471206665,17.383319854736328,0.8581075072288513
replicate,own_fresh,22,al-region-t2,AL,1.7947111129760742,0.8630697727203369,20.35540199279785,1.0214200019836426,-0.7732911109924316,17.76011848449707,0.8725014925003052
replicate,own_fresh,22,at-capital-t0,AT,2.010425567626953,0.8830229043960571,19.616741180419922,1.4327926635742188,-0.5776329040527344,16.53826332092285,0.8430688381195068
replicate,own_fresh,22,at-capital-t2,AT,2.3963818550109863,0.8760057687759399,19.613168716430664,1.2859301567077637,-1.1104516983032227,16.340150833129883,0.8331214189529419
replicate,own_fresh,22,at-capital-t3,AT,1.9106993675231934,0.8944021463394165,19.492172241210938,1.5394487380981445,-0.37125062942504883,16.963367462158203,0.8702656030654907
replicate,own_fresh,22,at-currency-t0,AT,1.2167296409606934,0.8907209634780884,21.156068801879883,1.0413475036621094,-0.17538213729858398,18.266592025756836,0.8634209036827087
replicate,own_fresh,22,at-currency-t1,AT,1.3635826110839844,0.8827177286148071,21.310653686523438,0.852036714553833,-0.5115458965301514,17.837257385253906,0.8370112776756287
replicate,own_fresh,22,at-currency-t2,AT,1.515009880065918,0.8794070482254028,21.384197235107422,0.9986231327056885,-0.5163867473602295,17.583986282348633,0.8222888112068176
replicate,own_fresh,22,at-currency-t3,AT,1.4520745277404785,0.899983823299408,21.104816436767578,1.0254297256469727,-0.42664480209350586,18.66849136352539,0.8845607042312622
replicate,own_fresh,22,at-region-t1,AT,2.2772130966186523,0.8604194521903992,20.363178253173828,0.8632462024688721,-1.4139668941497803,17.899747848510742,0.8790252208709717
replicate,own_fresh,22,at-region-t2,AT,2.0774574279785156,0.8535784482955933,20.091636657714844,1.0331635475158691,-1.0442938804626465,17.72957992553711,0.8824357986450195
replicate,own_fresh,22,bi-region-t0,BI,2.043889045715332,0.8370739221572876,20.288055419921875,1.140146255493164,-0.903742790222168,16.977375030517578,0.8368162512779236
replicate,own_fresh,22,bi-region-t1,BI,1.772474765777588,0.8648717999458313,19.827590942382812,1.445267677307129,-0.327207088470459,17.309913635253906,0.8730215430259705
replicate,own_fresh,22,bi-region-t2,BI,1.9404563903808594,0.8681539297103882,19.884868621826172,1.6044445037841797,-0.3360118865966797,17.034914016723633,0.856677234172821
replicate,own_fresh,22,bi-region-t3,BI,2.1175389289855957,0.8242971897125244,20.201465606689453,0.9086897373199463,-1.2088491916656494,17.009490966796875,0.8419929146766663
replicate,own_fresh,22,ci-region-t0,CI,2.0306124687194824,0.8292413353919983,20.738910675048828,0.9483873844146729,-1.0822250843048096,17.551517486572266,0.8463085293769836
replicate,own_fresh,22,ci-region-t1,CI,1.794088363647461,0.8616830110549927,20.43966293334961,1.2060832977294922,-0.5880050659179688,17.5728759765625,0.8597438931465149
replicate,own_fresh,22,ci-region-t2,CI,1.8959345817565918,0.8715367913246155,20.50105094909668,1.3058581352233887,-0.5900764465332031,17.436389923095703,0.8505120277404785
replicate,own_fresh,22,ci-region-t3,CI,2.1973752975463867,0.8218054175376892,20.6044921875,0.778451681137085,-1.4189236164093018,17.370941162109375,0.8430657386779785
replicate,own_fresh,22,cz-capital-t0,CZ,2.1802444458007812,0.8874779343605042,19.36722183227539,1.646871566772461,-0.5333728790283203,16.206205368041992,0.8367852568626404
replicate,own_fresh,22,cz-capital-t1,CZ,2.3068723678588867,0.8959847688674927,19.477828979492188,1.564842700958252,-0.7420296669006348,16.605222702026367,0.852519154548645
replicate,own_fresh,22,cz-capital-t2,CZ,2.4957847595214844,0.8978151082992554,19.54743766784668,1.3885207176208496,-1.1072640419006348,16.240020751953125,0.830800473690033
replicate,own_fresh,22,cz-region-t2,CZ,2.222402572631836,0.8546971082687378,20.259077072143555,1.275461196899414,-0.9469413757324219,17.726993560791016,0.8750148415565491
replicate,own_fresh,22,gn-region-t1,GN,1.8436822891235352,0.8592709898948669,19.580371856689453,1.3495044708251953,-0.49417781829833984,16.701515197753906,0.8529723286628723
replicate,own_fresh,22,gn-region-t2,GN,1.9044990539550781,0.8515101671218872,20.17487335205078,1.220541000366211,-0.6839580535888672,17.409618377685547,0.8629357218742371
replicate,own_fresh,22,gq-region-t1,GQ,2.020869255065918,0.8620256185531616,19.732149124145508,1.546828269958496,-0.4740409851074219,17.102706909179688,0.866743266582489
replicate,own_fresh,22,iq-capital-t0,IQ,1.8890142440795898,0.8907034397125244,19.324222564697266,1.7245292663574219,-0.16448497772216797,16.63641357421875,0.8609098792076111
replicate,own_fresh,22,iq-capital-t1,IQ,2.0761523246765137,0.9018609523773193,19.491994857788086,1.9033894538879395,-0.17276287078857422,16.69643783569336,0.8565792441368103
replicate,own_fresh,22,iq-capital-t2,IQ,1.9155049324035645,0.8970341682434082,19.525766372680664,1.5600404739379883,-0.35546445846557617,16.79924774169922,0.8603630661964417
replicate,own_fresh,22,ke-capital-t0,KE,2.039065361022949,0.8823298811912537,19.828838348388672,1.778883934020996,-0.2601814270019531,16.457015991210938,0.8299536108970642
replicate,own_fresh,22,ke-capital-t1,KE,2.270355701446533,0.8953480124473572,19.952167510986328,2.011570930480957,-0.25878477096557617,17.112573623657227,0.8576799035072327
replicate,own_fresh,22,ke-capital-t2,KE,2.185044765472412,0.8929444551467896,19.65234375,1.7184052467346191,-0.46663951873779297,16.516517639160156,0.8404350280761719
replicate,own_fresh,22,ke-capital-t3,KE,1.9377002716064453,0.8928543329238892,19.566173553466797,1.7966737747192383,-0.14102649688720703,16.668468475341797,0.8519023060798645
replicate,own_fresh,22,ke-region-t0,KE,2.137911319732666,0.840523362159729,20.937973022460938,1.157658576965332,-0.980252742767334,17.702333450317383,0.8454654812812805
replicate,own_fresh,22,ke-region-t1,KE,1.9230999946594238,0.860802173614502,20.489242553710938,1.277348518371582,-0.6457514762878418,17.79416847229004,0.868463933467865
replicate,own_fresh,22,ke-region-t2,KE,1.9607634544372559,0.8631383776664734,20.55398178100586,1.221911907196045,-0.7388515472412109,17.74513816833496,0.8633431196212769
replicate,own_fresh,22,ke-region-t3,KE,2.2614388465881348,0.8217980861663818,20.771099090576172,0.9679431915283203,-1.2934956550598145,17.46976661682129,0.8410612344741821
replicate,own_fresh,22,kp-capital-t0,KP,2.1989850997924805,0.8873988389968872,18.76099967956543,1.943094253540039,-0.2558908462524414,15.989452362060547,0.852270781993866
replicate,own_fresh,22,kp-capital-t2,KP,2.304105281829834,0.889417290687561,19.093555450439453,1.629488468170166,-0.674616813659668,16.059799194335938,0.8411110043525696
replicate,own_fresh,22,kr-capital-t0,KR,2.14143705368042,0.8723875284194946,19.860795974731445,1.6634125709533691,-0.4780244827270508,16.4672908782959,0.8291354775428772
replicate,own_fresh,22,kr-capital-t1,KR,2.3427863121032715,0.8733850717544556,19.77511215209961,1.6714887619018555,-0.671297550201416,16.767818450927734,0.8479253053665161
replicate,own_fresh,22,kr-capital-t2,KR,2.5975189208984375,0.879420816898346,19.94615364074707,1.4117016792297363,-1.1858172416687012,16.597990036010742,0.8321399092674255
replicate,own_fresh,22,kr-capital-t3,KR,2.0687642097473145,0.8733594417572021,19.67459487915039,1.5759081840515137,-0.4928560256958008,16.686222076416016,0.8481100797653198
replicate,own_fresh,22,kr-region-t0,KR,2.375725269317627,0.8408455848693848,20.608808517456055,1.0000510215759277,-1.3756742477416992,17.292396545410156,0.8390779495239258
replicate,own_fresh,22,kr-region-t1,KR,2.109133243560791,0.8607280850410461,20.480791091918945,1.3724870681762695,-0.7366461753845215,17.504322052001953,0.8546702265739441
replicate,own_fresh,22,kr-region-t2,KR,2.0101542472839355,0.8498492240905762,20.07063865661621,1.3606853485107422,-0.6494688987731934,17.301063537597656,0.8620086312294006
replicate,own_fresh,22,lk-capital-t0,LK,1.976841926574707,0.8828043341636658,19.671157836914062,1.7536125183105469,-0.22322940826416016,16.600919723510742,0.8439218401908875
replicate,own_fresh,22,lk-capital-t1,LK,2.3464717864990234,0.8853363394737244,19.91943359375,2.0327606201171875,-0.31371116638183594,16.790863037109375,0.8429387807846069
replicate,own_fresh,22,lk-capital-t2,LK,2.307450771331787,0.8848020434379578,20.004634857177734,1.5282502174377441,-0.779200553894043,16.91118049621582,0.8453631401062012
replicate,own_fresh,22,lk-capital-t3,LK,1.8981232643127441,0.8908413648605347,19.621028900146484,1.606050968170166,-0.2920722961425781,16.805736541748047,0.8565165996551514
replicate,own_fresh,22,sd-region-t0,SD,1.8441619873046875,0.8400295376777649,20.77801513671875,1.035356044769287,-0.8088059425354004,17.39475440979004,0.8371711373329163
replicate,own_fresh,22,sd-region-t1,SD,1.7692418098449707,0.8611637353897095,20.493961334228516,1.0206193923950195,-0.7486224174499512,17.704280853271484,0.8638779520988464
replicate,own_fresh,22,sd-region-t2,SD,1.8521246910095215,0.8525904417037964,20.469818115234375,1.2466096878051758,-0.6055150032043457,17.630313873291016,0.8612833619117737
replicate,own_fresh,22,sd-region-t3,SD,1.9297614097595215,0.8294612765312195,20.51980209350586,0.8320159912109375,-1.097745418548584,17.412654876708984,0.8485780954360962
replicate,own_fresh,22,sl-region-t0,SL,2.010568618774414,0.83768230676651,20.556921005249023,1.0455856323242188,-0.9649829864501953,17.28917694091797,0.84103924036026
replicate,own_fresh,22,sl-region-t2,SL,1.8925957679748535,0.8661432266235352,20.256074905395508,1.3434381484985352,-0.5491576194763184,17.490854263305664,0.8634868264198303
replicate,own_fresh,22,tr-capital-t0,TR,2.201885223388672,0.8863755464553833,19.70513916015625,1.6046867370605469,-0.597198486328125,16.804323196411133,0.8527888655662537
replicate,own_fresh,22,tr-capital-t1,TR,2.50274658203125,0.8909677267074585,19.66832160949707,1.7507743835449219,-0.7519721984863281,16.512563705444336,0.8395512104034424
replicate,own_fresh,22,tr-capital-t2,TR,2.660552978515625,0.8865614533424377,19.761117935180664,1.1100621223449707,-1.5504908561706543,16.244539260864258,0.8220455646514893
replicate,own_fresh,22,tr-currency-t0,TR,1.3027997016906738,0.865424394607544,21.557058334350586,1.1947832107543945,-0.1080164909362793,17.88530731201172,0.8296729326248169
replicate,own_fresh,22,tr-currency-t2,TR,1.5036311149597168,0.8682357668876648,21.629287719726562,0.8327076435089111,-0.6709234714508057,16.98836326599121,0.785433292388916
replicate,own_fresh,22,tr-currency-t3,TR,1.5138468742370605,0.8770897388458252,21.258085250854492,0.9626789093017578,-0.5511679649353027,18.03876304626465,0.848560094833374
replicate,own_fresh,22,ua-region-t1,UA,2.07608699798584,0.8615415096282959,20.384138107299805,1.0631203651428223,-1.0129666328430176,17.64401626586914,0.8655757904052734
replicate,own_fresh,22,ua-region-t2,UA,1.944258213043213,0.8515223264694214,20.270227432250977,1.3046870231628418,-0.6395711898803711,17.486968994140625,0.8626922965049744
